League,Date,Home,Away,Odd_H_Back,Odd_H_Lay,Odd_A_Back,Odd_A_Lay,Odd_D_Back,Odd_D_Lay,Odd_Over05_FT_Back,Odd_Over05_FT_Lay,Odd_Under05_FT_Back,Odd_Under05_FT_Lay,Odd_Over15_FT_Back,Odd_Over15_FT_Lay,Odd_Under15_FT_Back,Odd_Under15_FT_Lay,Odd_Over25_FT_Back,Odd_Over25_FT_Lay,Odd_Under25_FT_Back,Odd_Under25_FT_Lay,Odd_Over35_FT_Back,Odd_Over35_FT_Lay,Odd_Under35_FT_Back,Odd_Under35_FT_Lay,Odd_Over45_FT_Back,Odd_Over45_FT_Lay,Odd_Under45_FT_Back,Odd_Under45_FT_Lay,Odd_BTTS_Yes_Back,Odd_BTTS_Yes_Lay,Odd_BTTS_No_Back,Odd_BTTS_No_Lay,Odd_Under05_HT_Back,Odd_Under05_HT_Lay,Odd_Over05_HT_Back,Odd_Over05_HT_Lay,Odd_Under15_HT_Back,Odd_Under15_HT_Lay,Odd_Over15_HT_Back,Odd_Over15_HT_Lay,Odd_Under25_HT_Back,Odd_Under25_HT_Lay,Odd_Over25_HT_Back,Odd_Over25_HT_Lay,Odd_1X_Back,Odd_1X_Lay,Odd_X2_Back,Odd_X2_Lay,Odd_12_Back,Odd_12_Lay,Odd_CS_0x0_Back,Odd_CS_0x0_Lay,Odd_CS_0x1_Back,Odd_CS_0x1_Lay,Odd_CS_0x2_Back,Odd_CS_0x2_Lay,Odd_CS_0x3_Back,Odd_CS_0x3_Lay,Odd_CS_1x0_Back,Odd_CS_1x0_Lay,Odd_CS_1x1_Back,Odd_CS_1x1_Lay,Odd_CS_1x2_Back,Odd_CS_1x2_Lay,Odd_CS_1x3_Back,Odd_CS_1x3_Lay,Odd_CS_2x0_Back,Odd_CS_2x0_Lay,Odd_CS_2x1_Back,Odd_CS_2x1_Lay,Odd_CS_2x2_Back,Odd_CS_2x2_Lay,Odd_CS_2x3_Back,Odd_CS_2x3_Lay,Odd_CS_3x0_Back,Odd_CS_3x0_Lay,Odd_CS_3x1_Back,Odd_CS_3x1_Lay,Odd_CS_3x2_Back,Odd_CS_3x2_Lay,Odd_CS_3x3_Back,Odd_CS_3x3_Lay,Odd_CS_Goleada_H_Back,Odd_CS_Goleada_H_Lay,Odd_CS_Goleada_A_Back,Odd_CS_Goleada_A_Lay,Odd_CS_Goleada_D_Back,Odd_CS_Goleada_D_Lay,Goals_H_HT,Goals_A_HT,Goals_H_FT,Goals_A_FT,Minutes_Goals_H,Minutes_Goals_A
ARGENTINA COPA,45367,San Lorenzo,Sarmiento Junin,1.73,1.97,5.2,7.0,3.0,3.9,0,0,0.0,0,0,0,0,0,2.68,2.86,1.54,1.6,0,0,0,0,0,0,0,0,2.22,2.66,1.6,1.82,0,0,0,0,0,0,0,0,0,0,0,0,0,0,0,0,0,0,7.4,980.0,11.5,980.0,5.7,980.0,2.92,1000.0,5.3,6.4,4.4,980.0,7.4,980.0,6.0,980.0,4.9,9.8,9.0,12.5,7.6,980.0,2.92,980,16.5,980.0,7.2,980.0,5.8,980,2.94,1000,2.6,980.0,2.92,1000.0,2.96,1000,1,0,1,0,[6],[]
ARGENTINA COPA,45367,Racing Club,Defensa y Justicia,1.66,1.86,5.1,7.4,3.6,4.5,0,0,0.0,0,0,0,0,0,1.96,2.2,1.84,2.06,0,0,0,0,0,0,0,0,0.0,0.0,0.0,0.0,0,0,0,0,0,0,0,0,0,0,0,0,0,0,0,0,0,0,10.5,980.0,13.0,980.0,4.7,980.0,4.9,980.0,6.6,8.8,7.4,11.0,16.5,980.0,4.8,980.0,7.2,12.0,7.6,11.5,16.5,980.0,4.8,980,12.5,980.0,14.0,980.0,4.6,980,4.9,980,3.7,14.0,4.9,980.0,5.0,1000,0,0,1,1,[87],[62]
SPAIN 1,45367,Mallorca,Granada CF,1.88,1.89,5.3,5.4,3.5,3.55,0,0,0.0,0,0,0,0,0,2.5,2.68,1.6,1.66,0,0,0,0,0,0,0,0,2.24,2.38,1.73,1.81,0,0,0,0,0,0,0,0,0,0,0,0,0,0,0,0,0,0,8.4,9.2,13.0,14.0,34.0,38.0,42.0,160.0,6.2,6.8,7.4,8.0,20.0,23.0,42.0,100.0,8.8,9.6,10.0,11.0,24.0,27.0,42.0,120,19.0,21.0,22.0,25.0,50.0,60,48.0,220,16.5,19.5,17.0,160.0,18.5,1000,0,0,1,0,[85],[]
SPAIN 1,45367,Osasuna,Real Madrid,6.6,6.8,1.58,1.6,4.5,4.7,0,0,0.0,0,0,0,0,0,1.87,1.97,2.04,2.16,0,0,0,0,0,0,0,0,1.96,2.08,1.93,2.04,0,0,0,0,0,0,0,0,0,0,0,0,0,0,0,0,0,0,14.5,16.0,8.0,8.6,8.4,9.0,13.5,15.0,19.0,22.0,9.0,10.5,9.2,10.0,15.0,16.5,48.0,55.0,23.0,25.0,21.0,24.0,32.0,36,46.0,200.0,42.0,100.0,42.0,100,42.0,140,42.0,120.0,7.8,9.2,15.5,1000,1,2,2,4,[ 7 90],[ 4 18 61 64]
SPAIN 1,45367,Getafe,Girona,3.35,3.4,2.34,2.38,3.55,3.65,0,0,0.0,0,0,0,0,0,1.95,2.04,1.98,2.06,0,0,0,0,0,0,0,0,1.76,1.85,2.18,2.32,0,0,0,0,0,0,0,0,0,0,0,0,0,0,0,0,0,0,13.0,14.0,9.8,11.0,13.5,15.0,28.0,32.0,12.5,14.0,7.4,8.0,10.5,11.5,22.0,25.0,21.0,23.0,13.0,14.0,16.0,17.5,34.0,38,50.0,60.0,34.0,38.0,42.0,46,42.0,95,27.0,34.0,16.0,18.5,16.5,980,1,0,1,0,[33],[]
SPAIN 1,45367,Ath Bilbao,Alaves,1.59,1.6,7.6,8.0,4.1,4.2,0,0,0.0,0,0,0,0,0,2.28,2.36,1.74,1.78,0,0,0,0,0,0,0,0,2.3,2.48,1.68,1.77,0,0,0,0,0,0,0,0,0,0,0,0,0,0,0,0,0,0,10.0,10.5,18.5,20.0,55.0,60.0,40.0,280.0,6.2,6.4,8.8,9.4,28.0,30.0,55.0,150.0,7.4,7.6,10.0,10.5,28.0,30.0,60.0,160,13.0,14.0,18.5,19.5,48.0,55,42.0,240,9.8,12.0,70.0,260.0,30.0,1000,2,0,2,0,[32 37],[]
MEXICO 1,45367,Club Leon,Puebla,1.6,1.63,5.7,5.9,4.6,4.8,0,0,0.0,0,0,0,0,0,1.57,1.63,2.58,2.76,0,0,0,0,0,0,0,0,1.63,1.76,2.32,2.6,0,0,0,0,0,0,0,0,0,0,0,0,0,0,0,0,0,0,18.0,27.0,19.5,34.0,5.0,60.0,5.4,160.0,9.2,13.5,9.4,12.5,16.0,25.0,5.3,75.0,9.8,14.5,8.6,11.5,13.5,21.0,5.1,70,12.0,20.0,12.0,18.5,21.0,32,5.4,95,3.1,7.0,5.1,65.0,5.5,980,1,0,2,1,[ 2 46],[83]
ENGLAND 1,45367,Fulham,Tottenham,3.5,3.55,2.1,2.12,4.1,4.2,0,0,0.0,0,0,0,0,0,1.55,1.57,2.76,2.82,0,0,0,0,0,0,0,0,1.53,1.56,2.8,2.9,0,0,0,0,0,0,0,0,0,0,0,0,0,0,0,0,0,0,23.0,24.0,14.5,15.5,16.0,16.5,25.0,27.0,20.0,21.0,9.4,9.6,10.0,10.5,17.0,18.0,28.0,30.0,14.0,15.5,13.5,14.5,23.0,24,60.0,65.0,30.0,32.0,32.0,34,50.0,55,18.5,20.0,8.8,9.2,50.0,300,1,0,3,0,[42 49 61],[]
ENGLAND 1,45367,Burnley,Brentford,3.35,3.4,2.26,2.28,3.75,3.8,0,0,0.0,0,0,0,0,0,1.81,1.83,2.2,2.24,0,0,0,0,0,0,0,0,1.7,1.73,2.36,2.44,0,0,0,0,0,0,0,0,0,0,0,0,0,0,0,0,0,0,15.5,16.0,11.0,12.0,14.0,15.0,27.0,29.0,14.5,15.0,8.0,8.2,10.0,11.0,20.0,21.0,23.0,24.0,13.0,14.0,15.0,16.0,30.0,32,55.0,60.0,32.0,34.0,38.0,42,65.0,75,25.0,28.0,12.5,14.5,65.0,980,1,0,2,1,[10 62],[83]
ENGLAND 1,45367,Luton,Nottingham,2.88,2.9,2.56,2.58,3.75,3.8,0,0,0.0,0,0,0,0,0,1.71,1.74,2.34,2.4,0,0,0,0,0,0,0,0,1.6,1.64,2.58,2.68,0,0,0,0,0,0,0,0,0,0,0,0,0,0,0,0,0,0,17.5,18.5,13.5,14.0,17.5,18.5,34.0,36.0,14.5,15.5,8.2,8.6,11.0,11.5,22.0,24.0,20.0,21.0,12.0,13.0,14.0,14.5,29.0,30,42.0,44.0,25.0,27.0,30.0,34,50.0,60,17.0,19.0,14.0,16.0,120.0,340,0,1,1,1,[89],[34]
ITALY 1,45367,Udinese,Torino,2.98,3.05,2.92,2.94,3.05,3.1,0,0,0.0,0,0,0,0,0,2.7,2.9,1.53,1.59,0,0,0,0,0,0,0,0,2.12,2.28,1.79,1.89,0,0,0,0,0,0,0,0,0,0,0,0,0,0,0,0,0,0,7.4,8.0,8.0,8.6,15.5,17.0,44.0,50.0,8.0,8.8,6.6,7.0,12.5,14.0,38.0,44.0,16.0,17.5,13.0,14.5,22.0,24.0,60.0,75,46.0,55.0,40.0,44.0,65.0,75,46.0,190,48.0,55.0,42.0,50.0,19.5,1000,0,1,0,2,[],[10 53]
ITALY 1,45367,Monza,Cagliari,2.12,2.16,3.85,3.95,3.6,3.65,0,0,0.0,0,0,0,0,0,1.99,2.1,1.92,2.02,0,0,0,0,0,0,0,0,1.82,1.94,2.06,2.22,0,0,0,0,0,0,0,0,0,0,0,0,0,0,0,0,0,0,12.0,13.5,13.0,14.5,24.0,28.0,65.0,80.0,8.6,9.6,7.4,8.2,14.5,16.0,42.0,48.0,11.5,13.0,10.0,11.0,17.0,19.0,50.0,60,23.0,26.0,20.0,23.0,34.0,40,70.0,110,14.0,16.0,38.0,48.0,16.0,1000,1,0,1,0,[41],[]
ITALY 1,45367,Frosinone,Lazio,3.55,3.65,2.24,2.26,3.6,3.65,0,0,0.0,0,0,0,0,0,1.88,2.04,1.97,2.14,0,0,0,0,0,0,0,0,1.76,1.84,2.2,2.32,0,0,0,0,0,0,0,0,0,0,0,0,0,0,0,0,0,0,13.0,14.5,9.6,10.5,13.0,14.5,26.0,28.0,13.0,14.5,7.4,8.4,10.0,11.5,21.0,23.0,22.0,25.0,13.5,15.0,16.0,17.5,32.0,36,55.0,65.0,34.0,40.0,44.0,50,60.0,90,29.0,40.0,14.0,17.0,15.0,980,1,1,2,3,[13 70],[38 57 62]
ITALY 1,45367,Salernitana,Lecce,3.1,3.15,2.6,2.62,3.3,3.35,0,0,0.0,0,0,0,0,0,2.24,2.34,1.75,1.81,0,0,0,0,0,0,0,0,1.93,1.99,2.02,2.08,0,0,0,0,0,0,0,0,0,0,0,0,0,0,0,0,0,0,10.0,10.5,9.0,9.4,14.5,16.0,34.0,38.0,10.0,11.0,7.0,7.2,11.5,12.0,28.0,32.0,18.0,19.0,12.5,13.5,18.0,19.5,44.0,50,48.0,55.0,34.0,38.0,50.0,55,95.0,120,30.0,38.0,24.0,28.0,29.0,1000,0,1,0,1,[],[17]
CHILE 1,45368,Huachipato,Copiapo,1.67,1.72,5.2,5.7,4.2,4.4,0,0,0.0,0,0,0,0,0,1.74,1.84,2.18,2.36,0,0,0,0,0,0,0,0,1.77,1.9,2.12,2.3,0,0,0,0,0,0,0,0,0,0,0,0,0,0,0,0,0,0,16.0,18.0,19.0,32.0,10.0,50.0,12.0,150.0,9.0,12.5,8.8,9.8,18.5,21.0,11.0,75.0,9.6,11.0,9.2,9.6,15.0,980.0,11.0,75,15.5,17.5,14.5,16.5,27.0,32,12.0,100,5.3,8.8,11.0,75.0,11.0,1000,2,1,2,1,[37 45],[28]
JAPAN 1,45368,Kashima Antlers,Kawasaki Frontale,2.7,2.8,2.9,2.98,3.35,3.45,0,0,0.0,0,0,0,0,0,2.12,2.34,1.75,1.89,0,0,0,0,0,0,0,0,1.85,2.02,1.99,2.18,0,0,0,0,0,0,0,0,0,0,0,0,0,0,0,0,0,0,9.4,12.5,8.8,12.0,15.0,21.0,38.0,55.0,8.4,11.5,6.4,8.4,10.5,14.5,28.0,40.0,13.5,19.0,10.0,14.0,15.5,21.0,40.0,60,32.0,46.0,25.0,36.0,38.0,55,90.0,130,1.01,32.0,1.01,38.0,1.01,1000,0,1,2,1,[47 50],[36]
CHILE 1,45368,U. Catolica,A. Italiano,2.54,2.62,2.98,3.1,3.5,3.6,0,0,0.0,0,0,0,0,0,2.02,2.08,1.93,1.98,0,0,0,0,0,0,0,0,1.73,1.9,2.12,2.36,0,0,0,0,0,0,0,0,0,0,0,0,0,0,0,0,0,0,11.5,14.0,11.0,12.5,18.0,22.0,8.2,55.0,9.6,11.0,7.0,8.4,11.5,14.5,26.0,36.0,14.0,17.5,10.5,13.0,15.5,20.0,34.0,50,27.0,38.0,23.0,30.0,30.0,46,8.4,980,6.6,24.0,7.0,32.0,9.0,1000,0,0,0,0,[],[]
BELGIUM 1,45368,St. Truiden,Club Brugge KV,5.9,6.2,1.62,1.63,4.6,4.7,0,0,0.0,0,0,0,0,0,1.71,1.89,2.12,2.4,0,0,0,0,0,0,0,0,1.85,1.99,2.02,2.18,0,0,0,0,0,0,0,0,0,0,0,0,0,0,0,0,0,0,13.5,19.0,8.8,9.4,9.0,10.0,13.5,17.0,21.0,32.0,7.6,10.5,9.0,9.8,14.0,15.5,44.0,55.0,20.0,24.0,15.0,22.0,22.0,32,120.0,230.0,65.0,80.0,55.0,85,26.0,110,1.55,85.0,5.9,7.8,15.0,1000,0,1,2,1,[59 85],[6]
CHILE 1,45368,Palestino,Union La Calera,1.94,2.04,3.95,4.4,3.6,4.3,0,0,0.0,0,0,0,0,0,1.89,2.04,1.97,2.12,0,0,0,0,0,0,0,0,1.65,2.12,1.9,2.54,0,0,0,0,0,0,0,0,0,0,0,0,0,0,0,0,0,0,10.5,18.0,11.5,19.0,22.0,38.0,1.01,110.0,7.2,12.0,6.4,10.5,12.5,21.0,1.01,65.0,9.2,15.0,7.8,13.0,14.0,23.0,1.01,70,16.5,28.0,15.0,26.0,1.01,44,1.01,130,1.01,16.5,1.01,65.0,1.01,1000,0,0,0,0,[],[]
CHILE 1,45368,Coquimbo,Colo Colo,3.95,4.4,1.93,2.06,3.65,4.1,0,0,0.0,0,0,0,0,0,1.83,2.02,1.98,2.2,0,0,0,0,0,0,0,0,1.76,1.88,2.14,2.32,0,0,0,0,0,0,0,0,0,0,0,0,0,0,0,0,0,0,12.5,17.0,9.0,11.0,11.0,14.0,19.0,26.0,14.0,18.0,7.8,9.6,9.4,11.5,17.5,22.0,25.0,34.0,14.0,18.5,16.0,20.0,27.0,38,65.0,90.0,38.0,55.0,44.0,65,75.0,110,1.01,55.0,1.01,14.5,28.0,1000,0,0,0,0,[],[]
BELGIUM 1,45368,Antwerp,Royale Union SG,2.86,2.98,2.5,2.6,3.55,3.75,0,0,0.0,0,0,0,0,0,1.79,1.9,2.1,2.28,0,0,0,0,0,0,0,0,1.64,1.84,2.2,2.58,0,0,0,0,0,0,0,0,0,0,0,0,0,0,0,0,0,0,11.5,19.5,9.6,15.0,13.5,22.0,28.0,46.0,10.0,16.0,6.4,9.2,9.2,14.5,20.0,32.0,14.0,24.0,9.6,15.5,12.0,21.0,27.0,46,29.0,50.0,20.0,36.0,27.0,48,55.0,100,1.01,26.0,1.01,24.0,1.01,1000,0,0,1,1,[90],[84]
SLOVAKIA 1,45368,Slovan Bratislava,Trnava,1.74,1.82,5.5,6.6,3.6,3.9,0,0,,0,0,0,0,0,2.12,2.28,1.78,1.89,0,0,0,0,0,0,0,0,1.93,2.26,1.79,2.08,0,0,0,0,0,0,0,0,0,0,0,0,0,0,0,0,0,0,10.5,980.0,14.0,980.0,32.0,980.0,120.0,1000.0,6.8,980.0,7.2,9.2,19.0,980.0,65.0,980.0,8.2,980.0,8.8,12.0,18.5,980.0,70.0,980,15.5,980.0,17.0,980.0,34.0,980,110.0,980,1.01,980.0,1.01,980.0,1.01,1000,0,1,0,2,[],[21 80]
BELGIUM 1,45368,Leuven,KV Mechelen,2.88,2.92,2.58,2.64,3.65,3.7,0,0,0.0,0,0,0,0,0,1.76,1.91,2.1,2.32,0,0,0,0,0,0,0,0,1.7,1.87,2.14,2.44,0,0,0,0,0,0,0,0,0,0,0,0,0,0,0,0,0,0,13.0,17.5,10.0,13.5,14.5,19.5,30.0,980.0,10.5,14.5,7.0,9.4,9.8,13.5,21.0,980.0,16.0,22.0,10.5,14.0,14.0,19.0,30.0,980,34.0,980.0,24.0,980.0,32.0,980,65.0,980,1.01,980.0,1.01,22.0,25.0,1000,0,0,1,0,[90],[]
SOUTH KOREA 1,45368,Pohang,Gwangju FC,2.74,2.82,2.94,3.05,3.2,3.35,0,0,0.0,0,0,0,0,0,2.2,2.5,1.67,1.82,0,0,0,0,0,0,0,0,1.94,2.02,1.99,2.06,0,0,0,0,0,0,0,0,0,0,0,0,0,0,0,0,0,0,8.4,11.5,8.4,11.5,16.0,21.0,6.0,55.0,8.0,10.5,6.2,8.2,11.0,15.0,6.2,42.0,14.5,18.5,10.5,14.5,17.5,22.0,6.0,65,5.9,48.0,6.2,38.0,6.0,60,6.4,150,5.7,38.0,5.8,42.0,6.6,1000,0,0,1,0,[90],[]
SOUTH KOREA 1,45368,Gimcheon Sangmu,Jeonbuk,3.4,3.65,2.3,2.4,3.4,3.55,0,0,0.0,0,0,0,0,0,2.1,2.24,1.8,1.91,0,0,0,0,0,0,0,0,1.71,2.0,2.0,2.42,0,0,0,0,0,0,0,0,0,0,0,0,0,0,0,0,0,0,10.5,14.5,8.4,11.5,12.5,17.5,4.5,38.0,10.5,15.0,7.0,8.0,10.0,14.0,21.0,34.0,20.0,28.0,13.0,18.0,17.0,24.0,4.4,55,4.5,75.0,4.6,55.0,4.5,70,4.6,150,4.4,55.0,4.0,26.0,4.8,1000,1,0,1,0,[25],[]
SOUTH KOREA 1,45368,Ulsan HD,Incheon,1.92,2.04,4.3,4.8,3.5,3.8,0,0,0.0,0,0,0,0,0,2.04,2.32,1.75,1.97,0,0,0,0,0,0,0,0,1.9,2.12,1.9,2.12,0,0,0,0,0,0,0,0,0,0,0,0,0,0,0,0,0,0,9.0,14.5,10.5,18.0,23.0,40.0,70.0,980.0,6.8,10.0,6.8,10.0,13.5,23.0,44.0,75.0,8.4,14.0,8.0,13.0,15.5,26.0,50.0,980,16.0,28.0,16.0,27.0,30.0,55,95.0,980,1.01,19.5,1.01,980.0,1.01,1000,1,1,3,3,[33 54 63],[39 49 75]
TURKEY 2,45368,Umraniyespor,Adanaspor AS,1.68,1.82,4.5,7.0,3.3,5.0,0,0,0.0,0,0,0,0,0,1.8,2.76,1.89,2.24,0,0,0,0,0,0,0,0,1.78,2.3,1.77,2.3,0,0,0,0,0,0,0,0,0,0,0,0,0,0,0,0,0,0,3.45,980.0,3.65,980.0,4.0,980.0,4.2,1000.0,3.05,980.0,3.15,980.0,3.75,980.0,4.2,1000.0,3.2,980.0,3.25,980.0,3.8,980.0,4.2,1000,3.65,980.0,3.7,980.0,4.0,980,4.3,1000,3.35,980.0,4.2,1000.0,4.3,1000,0,0,2,0,[85 90],[]
TURKEY 2,45368,Giresunspor,Sanliurfaspor,7.6,11.0,1.52,1.54,3.8,4.8,0,0,0.0,0,0,0,0,0,2.1,2.42,1.71,1.91,0,0,0,0,0,0,0,0,2.2,2.64,1.61,1.84,0,0,0,0,0,0,0,0,0,0,0,0,0,0,0,0,0,0,8.6,14.5,5.4,7.8,6.6,9.6,10.0,17.0,15.0,26.0,8.2,12.5,8.0,13.0,14.0,24.0,4.2,85.0,4.2,42.0,22.0,38.0,36.0,65,4.2,1000.0,4.2,200.0,4.2,200,28.0,290,1.55,1000.0,1.55,13.0,15.0,1000,0,3,0,6,[],[15 34 37 56 77 83]
BELGIUM 1,45368,Westerlo,Genk,3.95,4.2,2.0,2.06,3.8,3.85,0,0,0.0,0,0,0,0,0,1.75,1.8,2.26,2.32,0,0,0,0,0,0,0,0,1.63,1.71,2.42,2.6,0,0,0,0,0,0,0,0,0,0,0,0,0,0,0,0,0,0,16.5,17.5,10.5,12.0,12.5,14.0,21.0,24.0,17.0,27.0,7.8,8.6,9.6,10.5,10.0,19.0,27.0,32.0,15.0,16.5,14.0,15.5,27.0,29,16.5,720.0,36.0,44.0,40.0,48,16.0,990,27.0,40.0,9.6,11.5,7.2,570,0,0,1,1,[79],[86]
JAPAN 1,45368,Kyoto,Yokohama F. Marinos,3.45,3.8,2.12,2.22,3.7,3.8,0,0,0.0,0,0,0,0,0,1.78,2.0,2.0,2.28,0,0,0,0,0,0,0,0,1.74,1.9,2.12,2.36,0,0,0,0,0,0,0,0,0,0,0,0,0,0,0,0,0,0,11.5,16.0,8.4,11.5,11.0,15.0,21.0,30.0,11.5,16.0,7.0,9.2,9.0,12.0,18.0,24.0,21.0,29.0,12.5,16.5,14.5,19.5,29.0,38,50.0,75.0,32.0,44.0,40.0,55,75.0,100,1.01,40.0,1.01,16.5,1.01,820,2,2,2,3,[45 45],[ 5 33 52]
JAPAN 1,45368,Shonan Bellmare,Urawa Reds,3.85,4.1,2.2,2.26,3.15,3.4,0,0,0.0,0,0,0,0,0,2.4,2.56,1.64,1.71,0,0,0,0,0,0,0,0,2.06,2.3,1.83,2.04,0,0,0,0,0,0,0,0,0,0,0,0,0,0,0,0,0,0,7.8,10.5,6.4,8.6,10.0,14.0,23.0,32.0,9.4,13.0,6.2,8.2,9.6,13.0,23.0,32.0,21.0,29.0,13.5,18.5,18.5,25.0,44.0,60,65.0,95.0,46.0,65.0,60.0,85,130.0,180,1.01,80.0,1.01,27.0,1.01,1000,2,1,4,4,[23 32 46 75],[11 55 64 81]
BELGIUM 1,45368,Cercle Brugge KSV,RWDM,1.35,1.39,9.0,10.5,5.7,6.2,0,0,0.0,0,0,0,0,0,1.57,1.72,2.38,2.74,0,0,0,0,0,0,0,0,1.94,2.08,1.93,2.08,0,0,0,0,0,0,0,0,0,0,0,0,0,0,0,0,0,0,19.0,26.0,27.0,38.0,65.0,980.0,230.0,980.0,8.2,11.0,10.5,14.5,28.0,38.0,100.0,980.0,7.4,9.6,8.4,11.5,22.0,30.0,85.0,980,9.6,12.5,11.5,15.5,26.0,36,100.0,980,1.01,5.3,1.01,980.0,1.01,1000,2,0,4,0,[ 4 22 47 84],[]
BELGIUM 1,45368,Gent,Charleroi,1.54,1.57,6.2,7.0,4.6,5.0,0,0,0.0,0,0,0,0,0,1.72,1.81,2.24,2.4,0,0,0,0,0,0,0,0,1.8,1.97,2.04,2.26,0,0,0,0,0,0,0,0,0,0,0,0,0,0,0,0,0,0,15.0,21.0,18.5,26.0,6.8,60.0,7.4,980.0,7.8,10.5,8.6,11.5,19.5,27.0,7.0,980.0,8.0,11.0,8.2,11.0,18.0,24.0,7.0,980,12.0,16.0,13.0,17.0,6.2,36,7.2,980,3.85,7.8,7.0,980.0,7.6,1000,2,0,5,0,[38 41 48 55 67],[]
UKRAINE 1,45368,Ch. Odesa,Veres-Rivne,2.16,2.54,3.2,3.95,3.35,4.2,0,0,0.0,0,0,0,0,0,2.06,2.38,1.73,1.94,0,0,0,0,0,0,0,0,1.81,2.12,1.9,2.24,0,0,0,0,0,0,0,0,0,0,0,0,0,0,0,0,0,0,8.8,14.0,9.2,15.0,17.0,980.0,4.3,980.0,7.0,11.5,6.4,9.4,11.0,18.5,4.2,980.0,10.0,17.0,8.4,14.0,14.5,24.0,4.3,980,22.0,980.0,19.0,980.0,4.2,980,4.3,980,3.85,26.0,4.1,980.0,4.4,1000,0,0,0,0,[],[]
GERMANY 3,45368,RW Essen,Dortmund II,1.86,1.98,3.95,4.8,3.95,4.4,0,0,0.0,0,0,0,0,0,1.65,1.8,2.24,2.54,0,0,0,0,0,0,0,0,1.66,1.77,2.3,2.52,0,0,0,0,0,0,0,0,0,0,0,0,0,0,0,0,0,0,17.5,24.0,17.0,24.0,4.0,42.0,4.1,110.0,10.0,14.0,8.6,12.0,15.0,21.0,4.1,60.0,11.5,16.0,9.2,12.5,15.5,22.0,4.1,60,18.5,26.0,15.5,22.0,4.1,36,4.1,95,3.15,12.0,3.95,48.0,4.3,980,1,0,4,0,[45 58 84 90],[]
VENEZUELA 1,45368,Monagas,Rayo Zuliano,1.81,2.1,3.95,5.1,3.35,4.4,0,0,0.0,0,0,0,0,0,1.88,2.18,1.84,2.14,0,0,0,0,0,0,0,0,1.76,1.95,2.06,2.32,0,0,0,0,0,0,0,0,0,0,0,0,0,0,0,0,0,0,11.5,15.5,13.0,17.5,26.0,36.0,1.01,1000.0,7.6,10.5,7.0,9.2,14.5,19.5,44.0,65.0,9.6,13.0,8.6,11.5,16.0,22.0,50.0,1000,18.0,25.0,16.5,23.0,30.0,42,1.01,1000,1.01,15.0,1.01,1000.0,1.01,1000,0,1,2,1,[83 90],[6]
SPAIN 3,45368,Ponferradina,Lugo,1.86,2.76,2.42,860.0,1.98,4.8,0,0,0.0,0,0,0,0,0,1.1,4.6,1.27,11.0,0,0,0,0,0,0,0,0,1.1,970.0,1.11,970.0,0,0,0,0,0,0,0,0,0,0,0,0,0,0,0,0,0,0,1.1,980.0,1.1,980.0,1.1,1000.0,1.1,1000.0,1.1,980.0,1.1,980.0,1.1,980.0,1.1,1000.0,1.1,1000.0,1.1,980.0,1.1,980.0,1.1,1000,1.1,1000.0,1.1,1000.0,1.1,1000,1.1,1000,1.1,1000.0,1.1,1000.0,1.1,1000,0,0,0,0,[],[]
SPAIN 1,45368,Villarreal,Valencia,2.2,2.22,3.8,3.85,3.5,3.55,0,0,0.0,0,0,0,0,0,2.04,2.1,1.91,1.95,0,0,0,0,0,0,0,0,1.86,1.9,2.12,2.16,0,0,0,0,0,0,0,0,0,0,0,0,0,0,0,0,0,0,11.5,12.5,13.0,13.5,24.0,26.0,65.0,75.0,9.2,9.4,7.4,7.8,14.5,15.0,42.0,46.0,12.0,13.0,10.0,10.5,17.5,18.5,50.0,60,25.0,26.0,21.0,23.0,36.0,40,42.0,110,16.5,17.5,40.0,46.0,30.0,1000,0,0,1,0,[54],[]
SPAIN 1,45368,Atl. Madrid,Barcelona,2.46,2.48,3.0,3.05,3.75,3.8,0,0,0.0,0,0,0,0,0,1.71,1.76,2.32,2.4,0,0,0,0,0,0,0,0,1.62,1.65,2.52,2.62,0,0,0,0,0,0,0,0,0,0,0,0,0,0,0,0,0,0,17.0,18.5,15.0,16.0,20.0,23.0,44.0,48.0,12.5,14.0,8.2,8.8,12.0,13.0,27.0,29.0,16.0,17.5,10.5,11.5,14.0,15.0,32.0,36,29.0,34.0,21.0,23.0,28.0,32,60.0,65,13.5,15.0,18.5,21.0,70.0,980,0,1,0,3,[],[38 47 65]
SPAIN 1,45368,Rayo Vallecano,Betis,2.56,2.58,3.2,3.25,3.25,3.3,0,0,0.0,0,0,0,0,0,2.46,2.52,1.66,1.69,0,0,0,0,0,0,0,0,2.04,2.1,1.9,1.96,0,0,0,0,0,0,0,0,0,0,0,0,0,0,0,0,0,0,9.4,9.6,9.8,10.0,18.0,19.0,50.0,60.0,8.2,8.8,7.0,7.2,13.5,14.0,38.0,44.0,13.5,14.5,11.5,12.5,20.0,22.0,55.0,65,34.0,38.0,30.0,32.0,50.0,60,100.0,150,29.0,32.0,42.0,48.0,27.0,1000,1,0,2,0,[40 78],[]
SPAIN 1,45368,Las Palmas,Almeria,1.99,2.0,4.4,4.5,3.65,3.75,0,0,0.0,0,0,0,0,0,2.08,2.16,1.87,1.93,0,0,0,0,0,0,0,0,1.89,1.99,2.02,2.14,0,0,0,0,0,0,0,0,0,0,0,0,0,0,0,0,0,0,11.5,12.5,14.0,15.0,28.0,32.0,80.0,95.0,8.2,8.6,7.4,8.2,16.0,17.5,50.0,60.0,10.5,12.0,9.8,10.5,18.5,20.0,55.0,70,20.0,23.0,19.5,22.0,36.0,40,85.0,120,14.0,15.5,48.0,65.0,20.0,1000,0,1,0,1,[],[14]
SPAIN 1,45368,Sevilla,Celta Vigo,2.02,2.04,4.2,4.3,3.6,3.65,0,0,0.0,0,0,0,0,0,2.12,2.22,1.82,1.89,0,0,0,0,0,0,0,0,1.91,2.02,1.99,2.1,0,0,0,0,0,0,0,0,0,0,0,0,0,0,0,0,0,0,11.0,12.0,13.0,14.0,27.0,29.0,80.0,90.0,8.0,8.6,7.4,7.8,16.0,17.0,48.0,55.0,10.5,12.0,10.0,10.5,18.5,21.0,60.0,70,21.0,24.0,20.0,23.0,36.0,42,44.0,130,15.0,17.0,48.0,65.0,22.0,1000,1,0,1,2,[18],[72 78]
SERBIA 1,45368,Mladost,Partizan,8.6,11.0,1.38,1.42,4.9,5.6,0,0,0.0,0,0,0,0,0,1.83,2.1,1.91,2.2,0,0,0,0,0,0,0,0,2.1,2.42,1.71,1.9,0,0,0,0,0,0,0,0,0,0,0,0,0,0,0,0,0,0,5.3,980.0,3.95,980.0,4.0,980.0,4.8,980.0,6.0,980.0,4.7,980.0,4.6,980.0,5.4,980.0,4.2,1000.0,4.2,980.0,4.1,980.0,1.52,980,4.2,1000.0,4.2,1000.0,4.2,1000,1.29,1000,4.2,1000.0,3.95,980.0,1.45,1000,1,0,1,1,[44],[85]
SERBIA 1,45368,Crvena zvezda,Radnicki 1923,1.09,1.27,8.4,980.0,5.6,980.0,0,0,0.0,0,0,0,0,0,1.28,2.04,1.96,4.6,0,0,0,0,0,0,0,0,1.1,3.15,1.46,110.0,0,0,0,0,0,0,0,0,0,0,0,0,0,0,0,0,0,0,1.01,1000.0,1.01,1000.0,1.01,1000.0,4.7,1000.0,1.01,1000.0,1.01,1000.0,1.01,1000.0,4.2,1000.0,1.01,1000.0,1.01,1000.0,1.01,1000.0,1.01,1000,1.01,1000.0,1.01,1000.0,1.01,1000,1.01,1000,1.01,1000.0,1.01,1000.0,1.01,1000,2,0,5,0,[10 20 50 68 76],[]
SERBIA 1,45368,Zeleznicar Pancevo,Javor,2.16,2.4,3.05,3.6,3.25,4.2,0,0,0.0,0,0,0,0,0,1.97,2.28,1.79,2.04,0,0,0,0,0,0,0,0,1.75,2.04,1.97,2.34,0,0,0,0,0,0,0,0,0,0,0,0,0,0,0,0,0,0,9.4,15.5,9.2,15.5,16.5,29.0,44.0,75.0,7.2,12.0,6.2,9.8,11.0,18.0,28.0,50.0,10.5,18.0,8.4,14.0,14.0,23.0,38.0,65,22.0,40.0,18.5,32.0,30.0,50,15.5,1000,1.01,26.0,1.01,48.0,17.5,1000,0,0,0,1,[],[60]
SERBIA 1,45368,Napredak,Radnicki Nis,2.1,2.38,3.35,4.4,2.92,350.0,0,0,0.0,0,0,0,0,0,1.36,4.6,1.27,3.75,0,0,0,0,0,0,0,0,1.1,11.0,1.1,11.0,0,0,0,0,0,0,0,0,0,0,0,0,0,0,0,0,0,0,1.1,980.0,1.1,980.0,1.1,1000.0,1.1,1000.0,1.1,980.0,1.1,980.0,1.1,980.0,1.1,1000.0,1.1,1000.0,1.1,980.0,1.1,980.0,1.1,1000,1.1,1000.0,1.1,1000.0,1.1,1000,1.1,1000,1.1,1000.0,1.1,1000.0,1.1,1000,0,0,1,0,[47],[]
GERMANY 3,45368,Sandhausen,Unterhaching,1.84,1.94,3.95,4.6,3.8,4.3,0,0,0.0,0,0,0,0,0,1.73,1.91,2.1,2.38,0,0,0,0,0,0,0,0,1.68,1.88,2.14,2.48,0,0,0,0,0,0,0,0,0,0,0,0,0,0,0,0,0,0,14.0,19.5,14.5,980.0,5.6,38.0,6.0,980.0,8.8,12.0,7.6,10.5,14.0,19.5,5.8,980.0,10.0,13.5,8.6,11.5,15.0,980.0,5.9,980,17.5,23.0,15.0,21.0,5.5,980,6.0,980,4.2,12.0,5.7,50.0,6.4,1000,0,0,1,0,[51],[]
GERMANY 3,45368,Ingolstadt,Verl,1.89,1.99,3.85,4.3,4.0,4.4,0,0,0.0,0,0,0,0,0,1.67,1.77,2.3,2.5,0,0,0,0,0,0,0,0,1.59,1.79,2.26,2.68,0,0,0,0,0,0,0,0,0,0,0,0,0,0,0,0,0,0,16.0,22.0,15.5,21.0,25.0,980.0,60.0,980.0,9.8,13.0,8.2,10.5,14.0,18.0,34.0,980.0,11.0,15.0,8.8,11.5,14.5,19.0,36.0,980,18.5,980.0,15.0,20.0,23.0,980,60.0,980,1.01,11.0,1.01,980.0,21.0,1000,0,1,0,1,[],[4]
ITALY 2,45368,Ascoli,Lecco,1.86,2.02,4.6,5.9,3.05,4.3,0,0,0.0,0,0,0,0,0,2.5,2.68,1.6,1.67,0,0,0,0,0,0,0,0,2.1,2.5,1.66,1.91,0,0,0,0,0,0,0,0,0,0,0,0,0,0,0,0,0,0,7.6,11.5,10.5,980.0,29.0,980.0,100.0,980.0,5.6,7.4,6.4,9.4,16.5,980.0,65.0,980.0,8.0,12.0,8.6,14.0,20.0,980.0,75.0,980,16.5,980.0,19.0,980.0,40.0,980,140.0,1000,1.01,980.0,1.01,980.0,1.01,1000,2,1,4,1,[19 42 71 86],[13]
COLOMBIA 1,45368,Fortaleza,America De Cali,2.76,3.3,2.54,2.98,3.0,3.7,0,0,0.0,0,0,0,0,0,2.18,2.48,1.68,1.84,0,0,0,0,0,0,0,0,1.84,2.16,1.87,2.2,0,0,0,0,0,0,0,0,0,0,0,0,0,0,0,0,0,0,8.6,11.5,8.0,11.0,13.5,18.5,1.01,46.0,8.6,11.5,6.2,8.2,10.5,14.0,1.01,38.0,15.5,21.0,11.0,15.0,16.0,22.0,1.01,60,40.0,1000.0,30.0,42.0,1.01,65,1.01,1000,1.01,42.0,1.01,36.0,1.01,1000,0,0,0,0,[],[]
ISRAEL 1,45368,Maccabi Haifa,Hapoel Tel Aviv,1.31,1.37,9.4,15.0,4.8,7.6,0,0,0.0,0,0,0,0,0,1.6,1.76,2.32,2.66,0,0,0,0,0,0,0,0,2.02,2.46,1.69,1.97,0,0,0,0,0,0,0,0,0,0,0,0,0,0,0,0,0,0,1.48,28.0,2.28,46.0,70.0,1000.0,3.4,1000.0,2.48,11.5,11.5,16.5,3.25,1000.0,6.2,1000.0,2.9,10.0,8.0,13.0,4.8,38.0,11.0,1000,3.05,13.0,10.5,17.5,30.0,44,21.0,1000,1.01,5.9,1.01,1000.0,20.0,1000,0,0,0,0,[],[]
ISRAEL 1,45368,Maccabi Tel Aviv,Hapoel Haifa,1.34,1.47,8.2,14.0,4.5,7.4,0,0,0.0,0,0,0,0,0,1.63,1.98,2.02,2.58,0,0,0,0,0,0,0,0,1.1,11.0,1.1,11.0,0,0,0,0,0,0,0,0,0,0,0,0,0,0,0,0,0,0,14.5,25.0,24.0,42.0,1.01,1000.0,1.01,1000.0,6.6,11.0,9.4,15.5,28.0,48.0,1.01,1000.0,6.0,9.8,7.8,13.0,22.0,38.0,1.01,1000,8.2,13.5,10.5,18.0,28.0,48,1.01,1000,1.01,6.8,1.01,1000.0,1.01,1000,2,1,3,1,[28 45 85],[13]
ITALY 3,45368,Casertana,Virtus Francavilla,1.7,1.91,5.4,7.2,3.2,4.1,0,0,0.0,0,0,0,0,0,2.3,2.76,1.57,1.76,0,0,0,0,0,0,0,0,2.12,2.54,1.65,1.88,0,0,0,0,0,0,0,0,0,0,0,0,0,0,0,0,0,0,1.5,980.0,2.36,980.0,2.62,980.0,2.92,1000.0,2.88,980.0,2.92,980.0,5.1,980.0,6.6,1000.0,3.5,980.0,3.75,980.0,4.9,980.0,9.8,1000,3.85,980.0,5.8,980.0,9.4,980,8.0,1000,1.01,980.0,1.01,1000.0,20.0,1000,1,0,2,0,[18 60],[]
AUSTRIA 1,45368,A. Klagenfurt,Sturm Graz,4.3,4.7,1.94,1.98,3.65,3.85,0,0,0.0,0,0,0,0,0,2.18,2.46,1.68,1.84,0,0,0,0,0,0,0,0,1.99,2.2,1.84,2.02,0,0,0,0,0,0,0,0,0,0,0,0,0,0,0,0,0,0,9.6,14.0,6.2,8.2,8.2,11.5,15.5,26.0,10.5,17.0,6.8,10.0,8.0,12.5,16.0,26.0,5.3,40.0,13.5,23.0,16.0,27.0,5.2,50,5.5,980.0,5.3,980.0,5.4,980,5.5,980,5.4,980.0,4.3,18.0,5.7,1000,0,4,0,4,[],[ 5 18 23 39]
ITALY 3,45368,Taranto,Sorrento,1.75,2.06,5.0,7.8,2.78,4.2,0,0,0.0,0,0,0,0,0,2.44,3.15,1.47,1.59,0,0,0,0,0,0,0,0,2.18,990.0,1.49,990.0,0,0,0,0,0,0,0,0,0,0,0,0,0,0,0,0,0,0,6.0,980.0,10.5,980.0,34.0,980.0,1.01,1000.0,4.5,980.0,6.0,980.0,20.0,980.0,1.01,1000.0,6.6,980.0,8.6,980.0,23.0,980.0,1.01,1000,14.5,980.0,19.5,980.0,50.0,980,1.01,1000,1.01,980.0,1.01,1000.0,1.01,1000,0,0,0,0,[],[]
ECUADOR 1,45368,EL Nacional,Emelec,3.25,3.7,2.22,2.36,3.45,3.8,0,0,0.0,0,0,0,0,0,1.9,2.22,1.83,2.1,0,0,0,0,0,0,0,0,1.67,2.1,1.91,2.5,0,0,0,0,0,0,0,0,0,0,0,0,0,0,0,0,0,0,11.0,14.5,8.6,11.5,12.5,15.5,26.0,34.0,11.0,15.0,7.2,8.4,10.0,11.5,20.0,27.0,20.0,25.0,12.5,15.0,15.5,19.0,30.0,44,48.0,70.0,30.0,46.0,40.0,60,75.0,110,25.0,42.0,13.5,20.0,1.01,1000,0,0,0,1,[],[61]
ITALY 3,45368,Monterosi,Crotone,4.7,6.2,1.72,1.93,3.35,4.4,0,0,0.0,0,0,0,0,0,2.16,2.4,1.72,1.85,0,0,0,0,0,0,0,0,1.92,2.26,1.79,2.08,0,0,0,0,0,0,0,0,0,0,0,0,0,0,0,0,0,0,4.5,980.0,3.8,980.0,4.2,980.0,2.46,980.0,4.9,980.0,3.95,980.0,4.2,980.0,1.84,980.0,1.18,980.0,1.58,980.0,1.59,980.0,1.18,980,1.02,1000.0,1.03,1000.0,1.03,1000,1.03,1000,1.02,1000.0,1.18,980.0,1.03,1000,1,0,1,0,[45],[]
ITALY 3,45368,Foggia,Juve Stabia,3.65,4.1,2.32,2.52,2.94,3.4,0,0,0.0,0,0,0,0,0,2.68,2.92,1.52,1.6,0,0,0,0,0,0,0,0,2.16,2.34,1.74,1.86,0,0,0,0,0,0,0,0,0,0,0,0,0,0,0,0,0,0,3.05,9.8,5.7,9.0,9.8,16.5,4.0,980.0,7.6,12.5,5.4,8.6,9.2,15.5,4.0,980.0,18.0,30.0,12.5,21.0,18.0,30.0,4.2,980,4.2,980.0,4.2,980.0,12.0,980,4.3,980,4.2,980.0,4.0,980.0,4.4,1000,1,1,2,1,[10 72],[4]
NETHERLANDS 1,45368,PSV,Twente,1.43,1.45,8.0,8.2,5.5,5.6,0,0,0.0,0,0,0,0,0,1.57,1.69,2.46,2.74,0,0,0,0,0,0,0,0,1.84,1.93,2.08,2.2,0,0,0,0,0,0,0,0,0,0,0,0,0,0,0,0,0,0,16.5,980.0,27.0,42.0,15.5,980.0,9.2,330.0,9.4,10.5,11.0,12.5,26.0,30.0,16.5,120.0,8.4,9.8,9.2,10.0,17.5,23.0,16.0,100,11.0,13.0,12.5,14.0,22.0,980,17.0,120,4.4,5.6,16.5,120.0,8.2,1000,0,0,1,0,[90],[]
ITALY 3,45368,Monopoli,Turris,2.16,2.52,3.5,4.4,2.94,3.65,0,0,0.0,0,0,0,0,0,2.3,2.74,1.57,1.77,0,0,0,0,0,0,0,0,1.94,2.3,1.77,2.06,0,0,0,0,0,0,0,0,0,0,0,0,0,0,0,0,0,0,7.8,980.0,9.4,980.0,20.0,980.0,60.0,1000.0,6.6,980.0,6.2,980.0,13.5,980.0,44.0,1000.0,10.5,980.0,9.6,980.0,18.0,980.0,1.01,1000,24.0,980.0,23.0,980.0,42.0,1000,1.01,1000,1.01,980.0,1.01,1000.0,1.01,1000,0,0,0,0,[],[]
NETHERLANDS 1,45368,Sparta Rotterdam,Ajax,3.5,3.65,2.16,2.22,3.8,3.9,0,0,0.0,0,0,0,0,0,1.73,1.76,2.3,2.38,0,0,0,0,0,0,0,0,1.65,1.69,2.46,2.54,0,0,0,0,0,0,0,0,0,0,0,0,0,0,0,0,0,0,16.5,20.0,11.5,12.5,14.0,15.0,25.0,40.0,16.0,17.0,8.2,8.6,10.0,11.0,13.0,21.0,24.0,27.0,13.5,14.5,14.5,15.5,23.0,30,38.0,65.0,32.0,36.0,16.5,48,17.0,70,24.0,28.0,11.0,13.0,8.0,570,1,0,2,2,[28 47],[65 88]
USA 1,45368,New England Revolution,FC Cincinnati,2.3,2.36,3.05,3.25,3.9,4.0,0,0,0.0,0,0,0,0,0,1.69,1.84,2.2,2.46,0,0,0,0,0,0,0,0,1.63,1.72,2.4,2.6,0,0,0,0,0,0,0,0,0,0,0,0,0,0,0,0,0,0,17.0,19.0,14.0,16.0,21.0,27.0,40.0,55.0,11.5,13.0,8.4,9.4,12.5,13.5,27.0,32.0,15.0,17.0,10.5,11.0,14.5,16.0,32.0,38,28.0,32.0,19.5,22.0,27.0,30,32.0,75,11.5,14.0,19.0,24.0,17.5,980,0,0,1,2,[62],[52 54]
ENGLAND 5,45368,Oxford City,FC Halifax,5.3,5.5,1.75,1.79,4.0,4.2,0,0,0.0,0,0,0,0,0,1.89,2.02,1.99,2.14,0,0,0,0,0,0,0,0,1.85,1.99,2.02,2.18,0,0,0,0,0,0,0,0,0,0,0,0,0,0,0,0,0,0,11.0,24.0,6.2,11.0,6.8,10.5,16.5,18.5,16.5,23.0,6.2,9.0,9.2,10.0,9.0,18.5,34.0,980.0,18.0,21.0,18.0,21.0,30.0,36,9.4,160.0,14.0,85.0,14.0,90,10.0,120,14.0,95.0,9.0,13.5,9.0,1000,0,2,0,2,[],[22 23]
USA 1,45368,Atlanta Utd,Orlando City,1.84,1.94,4.1,4.6,4.0,4.3,0,0,0.0,0,0,0,0,0,1.67,1.76,2.32,2.5,0,0,0,0,0,0,0,0,1.62,1.79,2.28,2.62,0,0,0,0,0,0,0,0,0,0,0,0,0,0,0,0,0,0,14.5,24.0,14.0,24.0,4.1,40.0,4.4,980.0,9.0,14.5,7.2,11.5,12.0,21.0,4.2,55.0,10.0,16.0,7.8,12.5,12.0,21.0,4.3,60,16.5,26.0,13.5,22.0,21.0,34,4.4,980,3.3,11.5,4.1,42.0,4.5,980,1,0,2,0,[ 9 71],[]
NETHERLANDS 1,45368,Heerenveen,Feyenoord,7.2,7.6,1.47,1.49,5.1,5.3,0,0,0.0,0,0,0,0,0,1.64,1.69,2.46,2.58,0,0,0,0,0,0,0,0,1.85,1.93,2.08,2.18,0,0,0,0,0,0,0,0,0,0,0,0,0,0,0,0,0,0,16.5,22.0,9.8,10.5,8.6,9.4,12.0,13.5,26.0,32.0,10.5,11.5,9.4,10.0,13.0,14.0,36.0,65.0,25.0,980.0,19.0,23.0,25.0,30,8.8,270.0,21.0,95.0,21.0,85,21.0,120,21.0,95.0,5.1,5.9,3.9,1000,1,1,2,3,[17 64],[37 74 88]
NETHERLANDS 1,45368,Utrecht,Nijmegen,1.97,1.99,4.2,4.3,3.85,3.95,0,0,0.0,0,0,0,0,0,1.81,1.84,2.18,2.24,0,0,0,0,0,0,0,0,1.59,1.79,2.26,2.68,0,0,0,0,0,0,0,0,0,0,0,0,0,0,0,0,0,0,15.0,20.0,16.0,17.5,29.0,32.0,13.5,85.0,9.8,11.0,8.2,8.6,15.5,16.5,42.0,46.0,11.5,13.0,9.6,10.5,16.0,17.0,15.0,70,21.0,22.0,17.5,19.0,28.0,32,14.0,85,9.2,12.0,12.0,42.0,15.0,840,0,0,1,0,[61],[]
NETHERLANDS 1,45368,FC Volendam,AZ Alkmaar,12.5,15.5,1.25,1.27,7.4,7.6,0,0,0.0,0,0,0,0,0,1.47,1.6,2.66,3.15,0,0,0,0,0,0,0,0,2.0,2.22,1.83,2.0,0,0,0,0,0,0,0,0,0,0,0,0,0,0,0,0,0,0,19.0,32.0,9.4,11.5,7.4,8.6,9.0,10.0,42.0,55.0,13.5,17.0,10.0,11.0,12.0,13.5,12.0,980.0,10.5,55.0,27.0,34.0,24.0,38,15.0,850.0,11.5,300.0,11.5,230,12.0,980,12.0,350.0,3.55,4.2,30.0,1000,0,2,0,4,[],[22 30 70 76]
ROMANIA 1,45368,FCSB,Sepsi Sf. Gheorghe,1.68,1.8,5.2,6.4,3.85,4.4,0,0,0.0,0,0,0,0,0,1.86,2.08,1.93,2.16,0,0,0,0,0,0,0,0,1.87,2.04,1.97,2.16,0,0,0,0,0,0,0,0,0,0,0,0,0,0,0,0,0,0,12.0,980.0,1.1,980.0,1.1,980.0,1.1,980.0,7.2,9.6,7.6,10.5,1.1,980.0,1.1,980.0,8.4,11.5,8.4,11.5,1.1,980.0,1.1,980,14.0,980.0,14.5,980.0,1.1,980,1.1,980,1.1,11.5,1.1,980.0,1.1,1000,2,1,2,1,[11 41],[25]
SPAIN 4,45368,Aguilas FC,El Palo,1.01,990.0,1.01,870.0,2.66,350.0,0,0,0.0,0,0,0,0,0,2.14,4.3,1.3,1.88,0,0,0,0,0,0,0,0,1.01,1000.0,1.01,1000.0,0,0,0,0,0,0,0,0,0,0,0,0,0,0,0,0,0,0,1.01,1000.0,1.01,1000.0,1.01,1000.0,1.01,1000.0,1.01,1000.0,1.01,1000.0,1.01,1000.0,1.01,1000.0,1.01,1000.0,1.01,1000.0,1.01,1000.0,1.01,1000,1.01,1000.0,1.01,1000.0,1.01,1000,1.01,1000,1.01,1000.0,1.01,1000.0,1.01,1000,0,1,0,2,[],[25 73]
SPAIN 4,45368,Linense,San Roque,1.79,2.36,3.95,870.0,2.44,5.4,0,0,0.0,0,0,0,0,0,2.08,3.5,1.4,1.92,0,0,0,0,0,0,0,0,1.01,1000.0,1.01,1000.0,0,0,0,0,0,0,0,0,0,0,0,0,0,0,0,0,0,0,1.01,1000.0,1.01,1000.0,1.01,1000.0,1.01,1000.0,1.01,1000.0,1.01,1000.0,1.01,1000.0,1.01,1000.0,1.01,1000.0,1.01,1000.0,1.01,1000.0,1.01,1000,1.01,1000.0,1.01,1000.0,1.01,1000,1.01,1000,1.01,1000.0,1.01,1000.0,1.01,1000,1,1,1,1,[45],[45]
SPAIN 4,45368,Marbella,Racing Cartagena MM,1.49,2.28,4.0,870.0,3.1,350.0,0,0,0.0,0,0,0,0,0,2.3,4.3,1.3,1.77,0,0,0,0,0,0,0,0,1.1,980.0,1.1,980.0,0,0,0,0,0,0,0,0,0,0,0,0,0,0,0,0,0,0,1.01,1000.0,1.01,1000.0,1.01,1000.0,1.01,1000.0,1.01,1000.0,1.01,1000.0,1.01,1000.0,1.01,1000.0,1.01,1000.0,1.01,1000.0,1.01,1000.0,1.01,1000,1.01,1000.0,1.01,1000.0,1.01,1000,1.01,1000,1.01,1000.0,1.01,1000.0,1.01,1000,1,0,1,0,[45],[]
SOUTH KOREA 2,45368,Cheongju,Anyang,2.82,3.4,2.32,2.82,3.2,4.1,0,0,0.0,0,0,0,0,0,2.1,2.4,1.72,1.9,0,0,0,0,0,0,0,0,1.72,2.24,1.81,2.38,0,0,0,0,0,0,0,0,0,0,0,0,0,0,0,0,0,0,8.4,14.0,7.4,12.0,14.0,20.0,27.0,48.0,8.2,13.5,6.8,9.2,9.2,15.0,22.0,38.0,14.5,25.0,12.0,17.0,17.0,24.0,34.0,60,36.0,65.0,27.0,46.0,38.0,70,85.0,1000,1.01,46.0,1.01,34.0,1.01,1000,0,0,1,1,[75],[71]
SOUTH KOREA 2,45368,Busan,Gimpo FC,1.81,1.97,4.7,5.5,3.55,4.3,0,0,0.0,0,0,0,0,0,2.14,2.42,1.71,1.87,0,0,0,0,0,0,0,0,1.96,2.28,1.79,2.06,0,0,0,0,0,0,0,0,0,0,0,0,0,0,0,0,0,0,8.6,14.0,10.5,18.0,1.01,44.0,1.01,150.0,6.2,8.4,7.0,9.4,14.5,25.0,1.01,90.0,8.4,12.5,8.6,13.0,17.0,29.0,1.01,110,15.0,25.0,16.0,27.0,1.01,55,1.01,200,1.01,19.0,1.01,120.0,1.01,1000,0,0,0,1,[],[60]
SOUTH KOREA 2,45368,Ansan Greeners,Suwon Bluewings,4.4,5.0,1.81,1.92,3.9,4.3,0,0,0.0,0,0,0,0,0,1.79,2.0,2.0,2.26,0,0,0,0,0,0,0,0,1.72,2.1,2.0,2.54,0,0,0,0,0,0,0,0,0,0,0,0,0,0,0,0,0,0,13.0,20.0,8.0,12.0,9.4,14.0,16.0,24.0,14.5,22.0,7.6,11.5,8.4,12.5,15.0,23.0,26.0,46.0,15.0,23.0,15.5,24.0,24.0,42,70.0,130.0,40.0,70.0,44.0,75,70.0,130,1.01,75.0,1.01,13.5,1.01,1000,0,0,0,1,[],[64]
ITALY 1,45368,AS Roma,Sassuolo,1.47,1.48,8.2,8.4,5.0,5.1,0,0,0.0,0,0,0,0,0,1.74,1.81,2.24,2.36,0,0,0,0,0,0,0,0,1.97,2.04,1.97,2.04,0,0,0,0,0,0,0,0,0,0,0,0,0,0,0,0,0,0,17.0,18.5,26.0,27.0,44.0,70.0,70.0,260.0,8.6,9.0,10.0,11.5,26.0,29.0,42.0,120.0,8.0,8.4,9.4,9.8,23.0,25.0,75.0,110,11.5,12.5,13.5,14.5,30.0,36,44.0,130,6.2,6.8,44.0,150.0,60.0,1000,0,0,1,0,[50],[]
ITALY 1,45368,Inter,Napoli,1.64,1.65,6.0,6.4,4.3,4.4,0,0,0.0,0,0,0,0,0,1.8,1.84,2.2,2.26,0,0,0,0,0,0,0,0,1.87,1.9,2.1,2.16,0,0,0,0,0,0,0,0,0,0,0,0,0,0,0,0,0,0,16.5,17.0,21.0,22.0,44.0,50.0,100.0,160.0,8.8,9.4,9.2,9.6,21.0,23.0,65.0,80.0,9.4,9.8,9.4,9.8,19.0,21.0,65.0,75,14.0,15.5,15.0,15.5,29.0,32,80.0,110,7.6,8.0,65.0,85.0,140.0,1000,1,0,1,1,[43],[81]
TURKEY 2,45368,Bodrumspor,Boluspor,1.71,1.94,5.1,6.8,3.35,4.1,0,0,0.0,0,0,0,0,0,2.24,2.74,1.58,1.78,0,0,0,0,0,0,0,0,2.08,2.48,1.67,1.92,0,0,0,0,0,0,0,0,0,0,0,0,0,0,0,0,0,0,8.2,980.0,12.5,980.0,34.0,1000.0,1.01,1000.0,5.7,980.0,6.8,980.0,19.5,980.0,1.01,1000.0,7.6,980.0,8.8,980.0,21.0,980.0,1.01,1000,15.5,980.0,18.5,980.0,1.01,1000,1.01,1000,1.01,980.0,1.01,1000.0,1.01,1000,1,1,1,1,[22],[19]
TURKEY 2,45368,Bodrumspor,Boluspor,1.69,1.88,5.4,7.2,3.35,4.2,0,0,0.0,0,0,0,0,0,2.28,2.68,1.6,1.78,0,0,0,0,0,0,0,0,2.1,2.5,1.66,1.91,0,0,0,0,0,0,0,0,0,0,0,0,0,0,0,0,0,0,2.64,980.0,1.92,980.0,2.86,1000.0,3.95,1000.0,3.7,980.0,4.1,980.0,5.9,980.0,7.0,1000.0,4.3,980.0,2.66,980.0,2.46,980.0,17.0,1000,1.99,980.0,1.53,980.0,5.9,1000,11.0,1000,1.55,980.0,1.55,1000.0,7.6,1000,1,1,1,1,[22],[19]
ECUADOR 1,45368,Delfin,Tecnico U.,1.87,2.14,4.2,5.4,3.3,3.95,0,0,0.0,0,0,0,0,0,2.18,4.6,1.27,1.84,0,0,0,0,0,0,0,0,1.96,2.32,1.76,2.04,0,0,0,0,0,0,0,0,0,0,0,0,0,0,0,0,0,0,1.49,11.5,2.92,15.0,2.74,1000.0,3.25,1000.0,2.34,8.2,2.74,8.6,5.7,22.0,8.4,1000.0,3.55,12.0,2.88,12.0,4.4,26.0,9.4,1000,3.8,25.0,8.8,27.0,8.0,1000,7.4,1000,1.01,21.0,1.01,1000.0,15.5,1000,1,0,2,0,[31 59],[]
ITALY 1,45368,Verona,AC Milan,5.8,6.0,1.72,1.73,4.0,4.1,0,0,0.0,0,0,0,0,0,1.95,1.97,2.02,2.06,0,0,0,0,0,0,0,0,1.95,1.99,2.02,2.06,0,0,0,0,0,0,0,0,0,0,0,0,0,0,0,0,0,0,13.5,14.5,8.0,8.6,9.2,9.6,16.0,16.5,17.5,19.0,8.4,8.8,9.4,9.6,16.5,17.5,40.0,44.0,20.0,22.0,20.0,21.0,32.0,34,90.0,150.0,70.0,75.0,70.0,80,100.0,130,44.0,85.0,10.0,10.5,32.0,1000,0,1,1,3,[64],[44 50 79]
ECUADOR 1,45368,U. Catolica,Dep. Cuenca,1.47,1.53,6.4,9.8,4.5,5.3,0,0,0.0,0,0,0,0,0,1.74,1.92,2.08,2.36,0,0,0,0,0,0,0,0,1.99,2.16,1.87,2.02,0,0,0,0,0,0,0,0,0,0,0,0,0,0,0,0,0,0,13.0,980.0,19.0,980.0,4.2,1000.0,3.1,1000.0,6.4,980.0,8.2,980.0,21.0,980.0,4.3,1000.0,6.6,980.0,7.6,980.0,18.5,980.0,4.3,1000,9.6,980.0,11.5,19.0,4.1,980,4.3,980,2.92,980.0,2.36,980.0,2.38,1000,0,2,3,3,[59 67 68],[26 45 46]
ENGLAND 2,45368,Leeds,Millwall,1.38,1.39,10.0,10.5,5.5,5.6,0,0,0.0,0,0,0,0,0,1.73,1.81,2.24,2.38,0,0,0,0,0,0,0,0,2.14,2.24,1.8,1.88,0,0,0,0,0,0,0,0,0,0,0,0,0,0,0,0,0,0,17.0,19.0,29.0,32.0,48.0,95.0,65.0,980.0,8.2,8.4,11.5,12.0,32.0,40.0,55.0,170.0,7.4,7.8,9.8,10.5,27.0,32.0,46.0,150,10.0,11.0,13.5,14.0,34.0,38,60.0,180,5.5,5.7,28.0,230.0,28.0,1000,1,0,2,0,[33 79],[]
COLOMBIA 1,45368,Envigado,Millonarios,4.4,4.9,1.97,2.12,3.25,3.55,0,0,0.0,0,0,0,0,0,2.38,2.58,1.63,1.73,0,0,0,0,0,0,0,0,2.12,2.24,1.8,1.89,0,0,0,0,0,0,0,0,0,0,0,0,0,0,0,0,0,0,8.0,12.0,5.6,9.0,8.0,13.5,17.5,29.0,9.6,16.0,5.8,9.4,8.2,13.5,19.0,32.0,22.0,40.0,14.0,24.0,17.5,30.0,34.0,980,80.0,980.0,50.0,980.0,65.0,980,120.0,980,1.01,980.0,1.01,25.0,1.01,1000,1,1,1,1,[14],[40]
COLOMBIA 1,45368,Dep. Cali,Patriotas,1.59,1.7,6.4,8.4,3.55,3.95,0,0,0.0,0,0,0,0,0,2.28,2.54,1.65,1.78,0,0,0,0,0,0,0,0,2.22,2.6,1.63,1.82,0,0,0,0,0,0,0,0,0,0,0,0,0,0,0,0,0,0,7.8,12.5,13.5,22.0,42.0,70.0,190.0,310.0,5.4,7.8,7.4,11.0,22.0,36.0,100.0,180.0,6.8,9.8,8.0,13.0,22.0,38.0,110.0,190,11.0,18.5,15.0,26.0,38.0,70,170.0,300,1.01,15.5,1.01,300.0,1.01,1000,0,1,0,1,[],[37]
ITALY 1,45368,Juventus,Genoa,1.52,1.53,8.8,9.0,4.3,4.4,0,0,0.0,0,0,0,0,0,2.26,2.34,1.75,1.8,0,0,0,0,0,0,0,0,2.44,2.52,1.66,1.69,0,0,0,0,0,0,0,0,0,0,0,0,0,0,0,0,0,0,10.5,11.5,19.5,21.0,65.0,70.0,100.0,350.0,6.0,6.2,9.2,9.6,30.0,34.0,100.0,180.0,7.0,7.4,10.0,10.5,30.0,34.0,100.0,180,12.0,12.5,17.5,18.5,50.0,55,100.0,260,10.0,10.5,100.0,310.0,34.0,1000,0,0,0,0,[],[]
AUSTRIA 2,45368,Bregenz,Dornbirn,1.93,1.95,4.0,4.6,3.8,4.2,0,0,0.0,0,0,0,0,0,1.74,1.95,2.04,2.36,0,0,0,0,0,0,0,0,1.66,1.88,2.14,2.5,0,0,0,0,0,0,0,0,0,0,0,0,0,0,0,0,0,0,5.5,980.0,14.5,980.0,5.7,980.0,6.2,980.0,8.8,12.0,7.6,10.0,5.0,980.0,6.0,980.0,4.5,13.5,9.0,11.5,5.0,980.0,6.0,980,5.2,980.0,5.1,980.0,5.7,980,6.2,980,4.3,12.0,5.9,980.0,6.6,1000,1,2,1,4,[40],[33 37 76 90]
SPAIN 4,45368,Yeclano,Orihuela,1.01,500.0,1.01,870.0,2.9,350.0,0,0,0.0,0,0,0,0,0,2.12,4.2,1.32,1.89,0,0,0,0,0,0,0,0,1.1,980.0,1.1,980.0,0,0,0,0,0,0,0,0,0,0,0,0,0,0,0,0,0,0,1.1,980.0,1.1,980.0,1.1,1000.0,1.1,1000.0,1.1,980.0,1.1,980.0,1.1,980.0,1.1,1000.0,1.1,1000.0,1.1,980.0,1.1,980.0,1.1,1000,1.1,1000.0,1.1,1000.0,1.1,1000,1.1,1000,1.1,1000.0,1.1,1000.0,1.1,1000,0,1,0,1,[],[15]
SPAIN 4,45368,Cadiz CF B,Sevilla FC B,2.98,990.0,1.58,2.22,2.6,350.0,0,0,0.0,0,0,0,0,0,1.07,21.0,1.06,990.0,0,0,0,0,0,0,0,0,1.01,1000.0,1.01,1000.0,0,0,0,0,0,0,0,0,0,0,0,0,0,0,0,0,0,0,1.01,1000.0,1.01,1000.0,1.01,1000.0,1.01,1000.0,1.01,1000.0,1.01,1000.0,1.01,1000.0,1.01,1000.0,1.01,1000.0,1.01,1000.0,1.01,1000.0,1.01,1000,1.01,1000.0,1.01,1000.0,1.01,1000,28.0,1000,1.55,1000.0,1.55,1000.0,15.0,1000,0,0,1,2,[60],[50 73]
SPAIN 4,45368,La Union,Antoniano,1.83,3.0,2.66,7.8,2.32,25.0,0,0,0.0,0,0,0,0,0,2.24,5.8,1.2,1.81,0,0,0,0,0,0,0,0,1.01,1000.0,1.01,1000.0,0,0,0,0,0,0,0,0,0,0,0,0,0,0,0,0,0,0,1.01,1000.0,1.01,1000.0,1.01,1000.0,1.01,1000.0,1.01,1000.0,1.01,1000.0,1.01,1000.0,1.01,1000.0,1.01,1000.0,1.01,1000.0,1.01,1000.0,1.01,1000,1.01,1000.0,1.01,1000.0,1.01,1000,1.01,1000,1.01,1000.0,1.01,1000.0,1.01,1000,1,1,2,1,[42 57],[9]
SPAIN 4,45368,Betis B,FC Cartagena SAD B,1.21,500.0,1.01,870.0,4.6,350.0,0,0,0.0,0,0,0,0,0,1.02,6.6,1.17,990.0,0,0,0,0,0,0,0,0,1.1,980.0,1.1,980.0,0,0,0,0,0,0,0,0,0,0,0,0,0,0,0,0,0,0,1.1,980.0,1.1,980.0,1.1,1000.0,1.1,1000.0,1.1,980.0,1.1,980.0,1.1,980.0,1.1,1000.0,1.1,1000.0,1.1,980.0,1.1,980.0,1.1,1000,1.1,1000.0,1.1,1000.0,1.1,1000,1.1,1000,1.1,1000.0,1.1,1000.0,1.1,1000,0,0,1,0,[49],[]
FRANCE 1,45368,Brest,Lille,2.62,2.64,3.2,3.25,3.2,3.25,0,0,0.0,0,0,0,0,0,2.42,2.62,1.62,1.71,0,0,0,0,0,0,0,0,2.0,2.14,1.89,2.0,0,0,0,0,0,0,0,0,0,0,0,0,0,0,0,0,0,0,8.6,9.6,9.2,10.0,17.5,19.5,48.0,55.0,8.0,8.8,6.8,7.2,13.0,14.5,38.0,44.0,14.0,15.5,11.5,13.0,19.0,22.0,55.0,65,36.0,40.0,30.0,36.0,50.0,60,46.0,150,30.0,36.0,40.0,48.0,18.5,1000,0,0,1,1,[79],[67]
FRANCE 1,45368,Reims,Metz,1.6,1.62,7.0,7.2,4.2,4.3,0,0,0.0,0,0,0,0,0,2.02,2.14,1.88,1.99,0,0,0,0,0,0,0,0,2.08,2.22,1.83,1.93,0,0,0,0,0,0,0,0,0,0,0,0,0,0,0,0,0,0,12.5,13.5,18.5,21.0,48.0,55.0,17.0,220.0,7.0,7.6,8.6,9.6,24.0,27.0,38.0,120.0,8.0,8.8,9.4,9.8,23.0,26.0,40.0,120,13.5,15.0,16.0,18.0,36.0,42,26.0,170,9.4,10.0,48.0,160.0,18.5,1000,1,1,2,1,[ 3 79],[14]
TURKEY 2,45368,Erzurumspor,Tuzlaspor,1.79,2.06,4.6,6.8,3.25,4.3,0,0,0.0,0,0,0,0,0,2.3,2.8,1.56,1.77,0,0,0,0,0,0,0,0,2.1,2.46,1.68,1.91,0,0,0,0,0,0,0,0,0,0,0,0,0,0,0,0,0,0,3.2,980.0,3.55,980.0,4.0,980.0,4.3,1000.0,2.9,980.0,3.05,980.0,3.85,980.0,4.3,1000.0,3.35,980.0,3.35,980.0,3.9,980.0,4.3,1000,3.8,980.0,3.85,980.0,4.2,980,4.3,1000,3.7,980.0,4.3,1000.0,4.4,1000,1,0,1,0,[37],[]
FRANCE 1,45368,Monaco,Lorient,1.36,1.37,10.5,11.0,5.9,6.0,0,0,0.0,0,0,0,0,0,1.56,1.65,2.56,2.8,0,0,0,0,0,0,0,0,1.93,2.06,1.96,2.08,0,0,0,0,0,0,0,0,0,0,0,0,0,0,0,0,0,0,22.0,24.0,34.0,38.0,48.0,95.0,55.0,430.0,9.8,10.5,12.0,13.0,32.0,38.0,42.0,150.0,8.0,8.8,9.6,10.5,23.0,27.0,40.0,120,10.0,11.5,12.0,13.5,27.0,34,42.0,140,4.5,4.9,80.0,160.0,19.0,1000,1,1,2,2,[27 60],[ 1 90]
FRANCE 1,45368,Clermont,Le Havre,2.8,2.84,2.98,3.0,3.2,3.25,0,0,0.0,0,0,0,0,0,2.36,2.54,1.65,1.74,0,0,0,0,0,0,0,0,1.98,2.08,1.93,2.04,0,0,0,0,0,0,0,0,0,0,0,0,0,0,0,0,0,0,9.0,9.8,9.0,9.8,16.5,18.5,42.0,50.0,8.8,9.4,6.8,7.2,12.5,13.5,34.0,40.0,15.0,17.0,12.0,13.0,18.5,21.0,50.0,60,38.0,44.0,32.0,36.0,44.0,60,42.0,150,30.0,38.0,34.0,44.0,18.0,1000,2,1,2,1,[12 45],[45]
FRANCE 1,45368,Rennes,Marseille,2.62,2.64,2.94,2.98,3.5,3.55,0,0,0.0,0,0,0,0,0,1.89,1.95,2.04,2.14,0,0,0,0,0,0,0,0,1.7,1.74,2.36,2.44,0,0,0,0,0,0,0,0,0,0,0,0,0,0,0,0,0,0,14.0,14.5,12.0,13.5,18.5,20.0,40.0,46.0,11.0,12.5,7.6,8.0,11.5,12.5,28.0,32.0,16.0,17.5,11.0,11.5,15.0,16.5,36.0,40,34.0,38.0,24.0,27.0,34.0,38,65.0,80,18.0,21.0,21.0,25.0,20.0,980,1,0,2,0,[21 77],[]
FRANCE 1,45368,Montpellier,PSG,6.0,6.2,1.57,1.58,4.9,5.0,0,0,0.0,0,0,0,0,0,1.54,1.58,2.74,2.86,0,0,0,0,0,0,0,0,1.67,1.71,2.42,2.5,0,0,0,0,0,0,0,0,0,0,0,0,0,0,0,0,0,0,25.0,26.0,11.5,12.5,10.5,11.5,14.5,15.5,28.0,30.0,10.5,11.0,9.6,10.5,13.0,14.5,50.0,55.0,21.0,23.0,17.5,18.5,23.0,25,44.0,160.0,60.0,70.0,50.0,60,65.0,75,44.0,55.0,5.5,5.9,20.0,980,2,2,2,6,[30 45],[14 22 50 53 63 89]
AUSTRIA 1,45368,Salzburg,Hartberg,1.36,1.38,9.8,11.5,5.7,6.2,0,0,0.0,0,0,0,0,0,1.67,1.78,2.28,2.48,0,0,0,0,0,0,0,0,2.02,2.18,1.85,1.97,0,0,0,0,0,0,0,0,0,0,0,0,0,0,0,0,0,0,1.1,23.0,1.1,980.0,1.1,100.0,1.1,1000.0,7.4,9.2,10.0,14.0,1.1,980.0,1.1,170.0,7.4,9.2,8.6,11.5,1.1,980.0,1.1,150,9.2,12.5,12.0,16.0,1.1,40,1.1,180,1.1,5.7,1.1,220.0,1.1,1000,2,0,5,1,[28 45 51 84 90],[75]
TURKEY 2,45368,Sakaryaspor,Altay,1.16,1.19,16.5,28.0,8.2,12.0,0,0,0.0,0,0,0,0,0,1.47,1.55,2.8,3.15,0,0,0,0,0,0,0,0,2.34,2.54,1.65,1.75,0,0,0,0,0,0,0,0,0,0,0,0,0,0,0,0,0,0,2.36,980.0,2.44,980.0,2.5,1000.0,2.54,1000.0,8.4,980.0,5.9,980.0,2.46,980.0,2.52,1000.0,4.3,8.4,5.3,980.0,2.42,980.0,2.52,1000,7.2,9.2,5.3,15.5,2.4,48,2.52,1000,2.28,3.75,2.52,1000.0,2.54,1000,1,0,2,0,[35 58],[]
ITALY 3,45368,Alessandria,Renate,3.0,3.75,2.62,2.96,2.68,3.2,0,0,0.0,0,0,0,0,0,2.52,4.6,1.46,1.65,0,0,0,0,0,0,0,0,2.22,2.44,1.7,1.81,0,0,0,0,0,0,0,0,0,0,0,0,0,0,0,0,0,0,5.5,980.0,5.9,980.0,1.1,19.5,1.1,60.0,1.1,980.0,5.3,980.0,1.1,980.0,1.1,55.0,1.1,25.0,1.1,980.0,1.1,980.0,1.1,1000,1.1,80.0,1.1,70.0,1.1,1000,1.1,1000,1.1,1000.0,1.1,65.0,1.1,1000,0,0,0,1,[],[54]
ITALY 3,45368,Arzignano,Trento,2.04,2.38,3.85,5.4,2.8,3.7,0,0,0.0,0,0,0,0,0,2.72,3.35,1.43,1.58,0,0,0,0,0,0,0,0,2.2,2.64,1.61,1.83,0,0,0,0,0,0,0,0,0,0,0,0,0,0,0,0,0,0,5.7,9.0,8.4,13.5,22.0,38.0,3.25,1000.0,5.0,8.0,5.6,8.8,15.0,26.0,8.0,1000.0,8.4,14.0,9.0,15.0,20.0,34.0,6.8,1000,20.0,36.0,23.0,40.0,15.5,1000,9.0,1000,1.01,40.0,1.01,1000.0,19.0,1000,0,0,0,0,[],[]
NETHERLANDS 2,45368,Maastricht,Roda,4.0,4.3,1.77,1.85,4.6,5.3,0,0,0.0,0,0,0,0,0,1.41,1.48,3.05,3.4,0,0,0,0,0,0,0,0,1.52,1.59,2.72,2.9,0,0,0,0,0,0,0,0,0,0,0,0,0,0,0,0,0,0,3.9,42.0,12.5,21.0,11.5,19.5,15.5,26.0,20.0,34.0,9.6,16.0,8.6,14.5,12.0,20.0,3.95,980.0,13.5,23.0,12.0,20.0,16.5,28,4.1,980.0,3.95,980.0,3.95,980,4.0,980,3.7,26.0,2.72,7.4,4.2,980,0,1,0,3,[],[11 57 66]
SWITZERLAND 2,45368,Wil,Xamax,2.56,3.05,2.48,3.05,3.3,4.2,0,0,0.0,0,0,0,0,0,1.8,2.02,1.98,2.26,0,0,0,0,0,0,0,0,1.64,1.88,2.14,2.56,0,0,0,0,0,0,0,0,0,0,0,0,0,0,0,0,0,0,12.5,17.0,10.0,14.0,15.0,21.0,32.0,44.0,10.0,14.0,7.0,9.2,10.0,14.0,22.0,32.0,15.5,21.0,10.0,14.0,14.0,19.0,30.0,44,32.0,44.0,23.0,32.0,30.0,44,28.0,1000,1.55,25.0,1.55,25.0,15.0,1000,0,0,0,0,[],[]
FRANCE 3,45368,Rouen,Epinal,1.59,1.73,5.7,7.2,3.7,4.3,0,0,0.0,0,0,0,0,0,2.0,2.36,1.74,1.99,0,0,0,0,0,0,0,0,1.99,2.38,1.73,2.02,0,0,0,0,0,0,0,0,0,0,0,0,0,0,0,0,0,0,9.2,15.0,13.5,23.0,36.0,65.0,130.0,240.0,5.6,9.0,6.8,11.0,18.5,32.0,75.0,130.0,6.6,11.0,7.6,12.5,18.5,32.0,75.0,140,11.5,19.5,14.0,24.0,32.0,55,120.0,220,1.01,14.0,1.01,190.0,1.01,1000,1,0,1,0,[45],[]
SWITZERLAND 2,45368,Vaduz,Stade Nyonnais,2.1,2.48,2.88,3.45,3.7,4.7,0,0,0.0,0,0,0,0,0,1.53,1.73,2.38,2.88,0,0,0,0,0,0,0,0,1.5,1.69,2.46,3.0,0,0,0,0,0,0,0,0,0,0,0,0,0,0,0,0,0,0,5.2,980.0,4.9,980.0,5.2,980.0,5.8,980.0,4.6,980.0,4.0,980.0,4.5,980.0,5.4,980.0,4.8,980.0,4.3,980.0,4.7,980.0,5.5,980,5.4,980.0,5.0,980.0,5.4,980,5.9,980,4.3,980.0,4.9,980.0,6.4,1000,0,0,1,3,[47],[50 66 83]
CZECH 1,45368,Slavia Prague,Liberec,1.19,1.22,16.5,28.0,7.4,8.4,0,0,0.0,0,0,0,0,0,1.59,1.71,2.4,2.7,0,0,0,0,0,0,0,0,2.48,3.1,1.48,1.67,0,0,0,0,0,0,0,0,0,0,0,0,0,0,0,0,0,0,18.0,32.0,7.6,70.0,8.2,260.0,8.6,1000.0,6.8,9.2,13.0,22.0,7.8,95.0,8.4,530.0,6.4,7.2,9.4,15.0,7.4,60.0,8.4,390,6.2,8.4,11.0,18.0,7.6,65,8.4,390,2.72,4.0,8.4,1000.0,8.6,1000,1,0,3,0,[15 83 90],[]
TURKEY 1,45368,Trabzonspor,Fenerbahce,4.7,5.0,1.75,1.8,4.3,4.5,0,0,0.0,0,0,0,0,0,1.69,1.81,2.24,2.46,0,0,0,0,0,0,0,0,1.72,1.82,2.22,2.4,0,0,0,0,0,0,0,0,0,0,0,0,0,0,0,0,0,0,14.5,19.0,9.8,11.0,10.5,12.0,17.0,28.0,18.5,23.0,8.8,9.8,9.2,10.0,15.0,17.0,34.0,980.0,17.0,19.0,11.0,18.5,26.0,30,15.0,140.0,32.0,60.0,32.0,60,15.0,90,13.0,55.0,6.0,9.0,14.5,1000,0,2,2,3,[63 78],[13 45 87]
TURKEY 1,45368,Hatayspor,Samsunspor,3.1,3.3,2.5,2.58,3.4,3.45,0,0,0.0,0,0,0,0,0,2.18,2.3,1.77,1.85,0,0,0,0,0,0,0,0,1.91,1.97,2.04,2.1,0,0,0,0,0,0,0,0,0,0,0,0,0,0,0,0,0,0,9.0,13.5,7.8,11.5,12.5,19.0,4.2,44.0,9.2,13.5,6.2,9.2,10.5,15.0,4.1,38.0,17.0,26.0,11.5,17.5,16.0,24.0,4.1,60,4.2,70.0,4.2,50.0,4.1,70,4.3,980,4.0,50.0,9.2,32.0,4.4,1000,1,0,3,0,[ 3 89 90],[]
TURKEY 1,45368,Kasimpasa,Galatasaray,6.2,6.6,1.49,1.51,5.7,5.9,0,0,0.0,0,0,0,0,0,1.43,1.46,3.2,3.35,0,0,0,0,0,0,0,0,1.62,1.67,2.5,2.6,0,0,0,0,0,0,0,0,0,0,0,0,0,0,0,0,0,0,30.0,34.0,13.5,15.0,11.0,12.5,13.5,15.5,32.0,42.0,12.5,14.0,9.6,10.5,12.0,13.5,36.0,980.0,23.0,25.0,15.5,19.0,18.0,23,19.0,190.0,17.0,980.0,16.0,60,32.0,70,22.0,980.0,4.2,4.6,12.5,980,1,1,3,4,[34 57 77],[27 48 83 90]
TURKEY 1,45368,Rizespor,Gaziantep,1.84,1.86,5.1,5.3,3.75,3.8,0,0,0.0,0,0,0,0,0,1.97,2.06,1.95,2.04,0,0,0,0,0,0,0,0,1.86,2.0,2.0,2.18,0,0,0,0,0,0,0,0,0,0,0,0,0,0,0,0,0,0,12.5,13.5,16.0,23.0,34.0,38.0,19.0,120.0,8.2,8.8,7.8,8.4,18.0,19.5,17.0,65.0,10.0,11.0,9.6,10.0,18.5,20.0,17.5,75,18.0,19.0,17.5,19.0,32.0,38,19.0,120,10.5,12.5,17.5,75.0,15.5,1000,0,0,3,1,[64 84 90],[54]
SPAIN 2,45368,Leganes,Mirandes,1.78,1.8,6.6,6.8,3.35,3.45,0,0,0.0,0,0,0,0,0,2.74,2.96,1.51,1.58,0,0,0,0,0,0,0,0,2.3,2.62,1.62,1.77,0,0,0,0,0,0,0,0,0,0,0,0,0,0,0,0,0,0,7.6,8.0,13.5,15.5,42.0,48.0,25.0,230.0,5.4,5.9,7.6,9.0,24.0,29.0,15.0,150.0,8.2,8.6,10.5,11.0,28.0,32.0,15.0,190,17.0,19.0,23.0,26.0,24.0,70,22.0,300,9.2,21.0,27.0,290.0,16.5,1000,3,0,4,0,[20 35 42 66],[]
PORTUGAL 2,45368,Feirense,FC Porto B,3.05,3.35,2.38,2.58,3.35,3.7,0,0,0.0,0,0,0,0,0,1.99,2.24,1.81,2.02,0,0,0,0,0,0,0,0,1.81,1.93,2.06,2.24,0,0,0,0,0,0,0,0,0,0,0,0,0,0,0,0,0,0,9.4,15.5,9.0,12.5,13.5,19.0,3.95,42.0,10.5,15.0,7.0,9.6,3.5,14.5,3.9,34.0,3.95,26.0,3.7,17.0,3.65,23.0,4.1,55,4.1,980.0,4.0,46.0,4.0,980,4.2,980,3.9,44.0,3.75,28.0,4.3,1000,1,1,1,1,[29],[33]
PORTUGAL 2,45368,Santa Clara,Nacional,1.85,2.0,3.75,5.8,3.05,4.6,0,0,0.0,0,0,0,0,0,1.98,2.22,1.82,2.02,0,0,0,0,0,0,0,0,1.89,2.04,1.98,2.14,0,0,0,0,0,0,0,0,0,0,0,0,0,0,0,0,0,0,3.4,980.0,3.5,980.0,3.85,980.0,4.1,1000.0,3.05,980.0,3.05,980.0,3.6,980.0,4.0,980.0,3.3,980.0,3.25,980.0,3.65,980.0,4.0,980,3.7,980.0,3.65,980.0,3.95,980,4.1,1000,3.4,980.0,4.0,980.0,4.2,1000,0,1,0,1,[],[13]
PORTUGAL 2,45368,Leixoes,Mafra,2.28,2.72,3.0,3.75,2.92,3.65,0,0,0.0,0,0,0,0,0,2.22,2.62,1.62,1.81,0,0,0,0,0,0,0,0,1.88,2.24,1.81,2.12,0,0,0,0,0,0,0,0,0,0,0,0,0,0,0,0,0,0,8.6,11.0,9.0,12.0,18.0,24.0,50.0,70.0,7.4,9.6,6.4,8.2,12.5,16.5,36.0,55.0,12.5,16.0,10.5,13.5,17.0,24.0,50.0,1000,28.0,40.0,24.0,36.0,42.0,1000,1.01,1000,1.01,34.0,1.01,60.0,1.01,1000,0,1,1,1,[90],[14]
SPAIN 4,45368,Montijo,San Fernando,1.94,3.9,2.84,4.8,2.56,7.6,0,0,0.0,0,0,0,0,0,1.12,21.0,1.06,9.4,0,0,0,0,0,0,0,0,1.1,980.0,1.1,980.0,0,0,0,0,0,0,0,0,0,0,0,0,0,0,0,0,0,0,1.01,1000.0,1.01,1000.0,1.01,1000.0,1.01,1000.0,1.01,1000.0,1.01,1000.0,1.01,1000.0,1.01,1000.0,1.01,1000.0,1.01,1000.0,1.01,1000.0,1.01,1000,1.01,1000.0,1.01,1000.0,1.01,1000,28.0,1000,1.55,1000.0,1.55,1000.0,15.0,1000,0,1,1,2,[54],[22 85]
ITALY 3,45368,Pineto,Arezzo,2.74,3.4,2.66,3.3,2.88,3.4,0,0,0.0,0,0,0,0,0,2.52,4.6,1.52,1.66,0,0,0,0,0,0,0,0,2.02,2.42,1.71,1.99,0,0,0,0,0,0,0,0,0,0,0,0,0,0,0,0,0,0,6.6,980.0,7.2,980.0,14.0,980.0,40.0,1000.0,7.2,980.0,5.9,980.0,11.5,980.0,34.0,980.0,14.5,980.0,11.5,980.0,19.0,980.0,55.0,1000,42.0,980.0,36.0,980.0,55.0,1000,28.0,1000,1.55,980.0,1.55,1000.0,15.0,1000,1,2,1,3,[36],[16 21 66]
GERMANY 2,45368,Karlsruher SC,Magdeburg,1.98,2.04,4.0,4.2,3.8,4.1,0,0,0.0,0,0,0,0,0,1.63,1.7,2.44,2.6,0,0,0,0,0,0,0,0,1.6,1.65,2.54,2.7,0,0,0,0,0,0,0,0,0,0,0,0,0,0,0,0,0,0,18.5,21.0,18.5,20.0,29.0,32.0,14.0,980.0,12.0,13.0,8.4,9.4,15.5,16.0,28.0,40.0,13.5,14.5,9.8,10.5,14.5,15.5,38.0,44,22.0,30.0,17.0,18.0,24.0,27,36.0,65,6.8,10.0,24.0,30.0,16.5,980,4,0,7,0,[ 8 13 25 40 50 51 90],[]
GERMANY 2,45368,Hertha Berlin,Schalke,2.38,2.44,3.1,3.2,3.75,3.85,0,0,0.0,0,0,0,0,0,1.69,1.73,2.36,2.46,0,0,0,0,0,0,0,0,1.58,1.65,2.56,2.74,0,0,0,0,0,0,0,0,0,0,0,0,0,0,0,0,0,0,10.5,19.0,15.0,980.0,12.0,25.0,16.5,55.0,12.5,14.0,8.2,8.8,12.5,13.5,27.0,32.0,15.5,980.0,7.6,11.5,14.0,15.0,32.0,36,13.5,980.0,19.5,22.0,27.0,30,18.0,65,10.0,14.0,16.0,22.0,17.5,980,3,2,5,2,[ 2 13 39 56 75],[ 5 27]
GERMANY 2,45368,Hamburger SV,Wehen,1.53,1.54,6.4,6.6,5.2,5.3,0,0,0.0,0,0,0,0,0,1.47,1.52,2.94,3.15,0,0,0,0,0,0,0,0,1.61,1.69,2.46,2.64,0,0,0,0,0,0,0,0,0,0,0,0,0,0,0,0,0,0,26.0,30.0,30.0,36.0,12.5,65.0,14.5,250.0,12.5,14.0,11.5,12.5,22.0,24.0,13.0,75.0,10.5,12.0,9.4,10.5,17.0,18.5,25.0,65,11.0,15.5,12.5,14.0,21.0,25,29.0,75,4.3,5.3,12.0,55.0,16.5,980,1,0,3,0,[33 51 85],[]
ITALY 3,45368,Olbia,Recanatese,2.44,2.58,3.15,3.4,3.2,3.45,0,0,0.0,0,0,0,0,0,2.22,2.42,1.71,1.81,0,0,0,0,0,0,0,0,1.93,2.06,1.94,2.08,0,0,0,0,0,0,0,0,0,0,0,0,0,0,0,0,0,0,3.4,13.0,3.4,13.5,3.65,26.0,4.0,980.0,3.25,11.5,6.8,9.2,3.65,17.5,3.95,980.0,3.7,18.5,10.5,15.0,3.65,25.0,4.0,980,3.9,980.0,3.85,980.0,4.0,980,4.1,980,3.8,34.0,3.95,980.0,4.2,1000,3,1,4,1,[17 31 43 54],[28]
ITALY 3,45368,Gubbio,Perugia,2.5,2.9,2.96,3.7,2.82,3.45,0,0,0.0,0,0,0,0,0,2.4,2.92,1.52,1.71,0,0,0,0,0,0,0,0,1.98,2.34,1.74,2.02,0,0,0,0,0,0,0,0,0,0,0,0,0,0,0,0,0,0,7.0,980.0,8.0,980.0,16.5,980.0,48.0,1000.0,7.0,980.0,5.9,980.0,12.0,980.0,38.0,980.0,12.5,980.0,10.5,980.0,18.5,980.0,55.0,1000,32.0,980.0,29.0,980.0,50.0,1000,1.01,1000,1.01,980.0,1.01,1000.0,1.01,1000,0,1,0,1,[],[7]
ITALY 3,45368,Fermana,Sestri Levante,2.58,3.15,2.74,3.4,2.8,3.5,0,0,0.0,0,0,0,0,0,2.34,2.76,1.57,1.71,0,0,0,0,0,0,0,0,1.94,2.3,1.78,2.08,0,0,0,0,0,0,0,0,0,0,0,0,0,0,0,0,0,0,7.4,980.0,7.8,980.0,15.0,980.0,40.0,980.0,7.4,980.0,6.0,980.0,11.5,980.0,32.0,980.0,13.5,980.0,11.0,980.0,17.5,980.0,50.0,1000,36.0,1000.0,30.0,980.0,1.01,1000,1.01,1000,1.01,980.0,1.01,980.0,1.01,1000,0,1,1,1,[51],[22]
BULGARIA 1,45368,CSKA Sofia,Botev Plovdiv,1.57,1.63,6.8,8.4,3.7,4.3,0,0,0.0,0,0,0,0,0,2.12,2.38,1.73,1.89,0,0,0,0,0,0,0,0,2.1,2.44,1.69,1.91,0,0,0,0,0,0,0,0,0,0,0,0,0,0,0,0,0,0,9.8,13.0,5.5,980.0,6.6,980.0,7.0,1000.0,5.9,7.6,7.6,10.5,5.9,980.0,6.8,980.0,6.8,9.2,8.4,11.5,5.9,980.0,6.8,980,5.4,980.0,5.4,980.0,6.4,980,7.0,1000,4.5,980.0,7.0,1000.0,7.2,1000,3,0,4,0,[25 33 42 65],[]
BULGARIA 1,45368,Hebar,Arda,3.45,4.4,2.3,2.78,3.0,3.65,0,0,0.0,0,0,0,0,0,2.58,2.82,1.54,1.64,0,0,0,0,0,0,0,0,1.91,2.56,1.64,2.1,0,0,0,0,0,0,0,0,0,0,0,0,0,0,0,0,0,0,3.15,980.0,3.05,980.0,3.5,980.0,4.0,980.0,3.3,980.0,2.96,980.0,3.45,980.0,3.95,980.0,3.8,980.0,3.65,980.0,3.8,980.0,4.1,980,4.2,980.0,4.1,980.0,4.2,1000,4.3,1000,4.2,980.0,3.95,980.0,4.3,1000,0,0,1,0,[48],[]
BULGARIA 1,45368,Krumovgrad,Pirin Blagoevgrad,1.65,1.8,6.0,7.6,3.35,3.85,0,0,0.0,0,0,0,0,0,2.36,2.78,1.56,1.74,0,0,0,0,0,0,0,0,2.22,2.66,1.6,1.82,0,0,0,0,0,0,0,0,0,0,0,0,0,0,0,0,0,0,7.6,10.5,13.0,18.0,40.0,60.0,1.01,1000.0,5.2,6.8,7.0,9.4,22.0,32.0,100.0,1000.0,7.0,9.4,9.0,12.0,24.0,34.0,120.0,1000,14.0,19.5,19.0,26.0,48.0,65,26.0,1000,1.55,18.0,1.55,1000.0,15.0,1000,2,1,2,2,[ 7 11],[45 83]
JAPAN 2,45368,Kumamoto,Iwaki,2.2,2.52,3.0,3.7,3.45,4.5,0,0,0.0,0,0,0,0,0,1.85,2.08,1.92,2.18,0,0,0,0,0,0,0,0,1.6,2.04,1.97,2.66,0,0,0,0,0,0,0,0,0,0,0,0,0,0,0,0,0,0,3.75,18.0,11.0,16.5,3.85,28.0,4.1,70.0,8.8,13.5,6.6,10.0,3.7,17.0,3.95,44.0,3.75,18.5,9.4,14.0,3.9,22.0,4.1,60,3.95,38.0,3.9,30.0,4.0,46,4.2,120,3.65,22.0,3.9,40.0,4.3,1000,0,2,0,6,[],[ 9 28 50 70 75 80]
JAPAN 2,45368,Renofa Yamaguchi,V-Varen Nagasaki,3.4,3.7,2.22,2.32,3.4,3.7,0,0,0.0,0,0,0,0,0,2.0,2.22,1.82,2.0,0,0,0,0,0,0,0,0,1.82,2.0,2.0,2.22,0,0,0,0,0,0,0,0,0,0,0,0,0,0,0,0,0,0,9.4,14.0,8.0,10.5,11.0,17.0,22.0,36.0,11.0,14.5,6.8,8.8,9.4,12.5,20.0,32.0,19.5,30.0,12.0,16.5,15.5,21.0,5.3,55,5.2,80.0,5.3,55.0,5.2,70,5.3,980,5.0,55.0,4.5,24.0,5.5,1000,0,1,0,1,[],[32]
ITALY 3,45368,Ancona,Torres,3.4,4.3,2.2,2.66,2.84,3.45,0,0,0.0,0,0,0,0,0,2.46,3.05,1.49,1.68,0,0,0,0,0,0,0,0,2.08,2.34,1.74,1.92,0,0,0,0,0,0,0,0,0,0,0,0,0,0,0,0,0,0,6.2,10.0,5.8,9.2,9.8,16.5,24.0,42.0,7.8,13.0,5.5,8.8,9.2,15.0,24.0,42.0,17.5,30.0,12.5,21.0,17.5,30.0,46.0,80,55.0,100.0,42.0,75.0,60.0,110,28.0,1000,1.55,1000.0,1.55,42.0,15.0,1000,0,0,1,1,[69],[52]
SPAIN 2,45368,Zaragoza,Espanyol,2.7,2.76,3.15,3.25,3.0,3.1,0,0,0.0,0,0,0,0,0,2.84,3.05,1.49,1.55,0,0,0,0,0,0,0,0,2.22,2.4,1.72,1.82,0,0,0,0,0,0,0,0,0,0,0,0,0,0,0,0,0,0,7.0,7.8,8.2,8.8,17.5,19.5,14.0,65.0,7.2,7.8,6.6,7.2,13.5,15.5,26.0,55.0,14.0,15.5,12.0,13.5,23.0,26.0,14.5,90,38.0,980.0,19.5,70.0,38.0,80,16.5,230,22.0,55.0,14.0,70.0,11.0,1000,0,1,0,1,[],[7]
POLAND 1,45368,Legia,Piast Gliwice,1.81,1.87,5.0,5.6,3.5,4.0,0,0,0.0,0,0,0,0,0,2.18,2.32,1.76,1.85,0,0,0,0,0,0,0,0,2.02,2.28,1.83,1.98,0,0,0,0,0,0,0,0,0,0,0,0,0,0,0,0,0,0,9.4,12.0,13.0,17.0,34.0,980.0,110.0,980.0,6.8,7.8,7.4,9.2,18.5,980.0,60.0,980.0,8.8,10.5,8.8,11.5,20.0,980.0,70.0,980,16.0,980.0,18.0,980.0,38.0,980,130.0,980,1.01,15.5,1.01,980.0,1.01,1000,2,1,3,1,[17 41 47],[33]
POLAND 1,45368,Korona Kielce,Pogon Szczecin,2.96,3.45,2.32,2.5,3.35,3.85,0,0,0.0,0,0,0,0,0,1.89,2.1,1.91,2.12,0,0,0,0,0,0,0,0,1.7,1.95,2.04,2.44,0,0,0,0,0,0,0,0,0,0,0,0,0,0,0,0,0,0,11.0,15.5,9.2,12.0,13.0,17.0,25.0,36.0,11.0,14.5,6.8,9.0,9.6,13.0,20.0,28.0,18.0,25.0,11.5,15.5,14.5,19.5,30.0,44,42.0,60.0,29.0,40.0,38.0,55,26.0,110,1.55,36.0,1.55,21.0,15.0,1000,2,0,2,2,[22 42],[54 67]
SPAIN 4,45368,Brea,Calahorra,3.7,24.0,1.97,2.9,2.22,4.6,0,0,0.0,0,0,0,0,0,2.54,5.2,1.23,1.65,0,0,0,0,0,0,0,0,1.01,1000.0,1.01,1000.0,0,0,0,0,0,0,0,0,0,0,0,0,0,0,0,0,0,0,1.01,1000.0,1.01,1000.0,1.01,1000.0,1.01,1000.0,1.01,1000.0,1.01,1000.0,1.01,1000.0,1.01,1000.0,1.01,1000.0,1.01,1000.0,1.01,1000.0,1.01,1000,1.01,1000.0,1.01,1000.0,1.01,1000,28.0,1000,1.55,1000.0,1.55,1000.0,15.0,1000,0,0,0,2,[],[50 58]
SPAIN 4,45368,Izarra,Mutilvera,1.01,500.0,1.01,990.0,2.94,350.0,0,0,0.0,0,0,0,0,0,1.97,4.6,1.27,2.04,0,0,0,0,0,0,0,0,1.01,1000.0,1.01,1000.0,0,0,0,0,0,0,0,0,0,0,0,0,0,0,0,0,0,0,1.01,1000.0,1.01,1000.0,1.01,1000.0,1.01,1000.0,1.01,1000.0,1.01,1000.0,1.01,1000.0,1.01,1000.0,1.01,1000.0,1.01,1000.0,1.01,1000.0,1.01,1000,1.01,1000.0,1.01,1000.0,1.01,1000,1.01,1000,1.01,1000.0,1.01,1000.0,1.01,1000,1,0,2,1,[44 49],[78]
SPAIN 4,45368,Barbastro,AD San Juan,1.52,2.2,5.2,990.0,2.84,6.8,0,0,0.0,0,0,0,0,0,1.12,21.0,1.06,9.4,0,0,0,0,0,0,0,0,1.1,980.0,1.1,980.0,0,0,0,0,0,0,0,0,0,0,0,0,0,0,0,0,0,0,1.1,980.0,1.1,980.0,1.1,1000.0,1.1,1000.0,1.1,980.0,1.1,980.0,1.1,980.0,1.1,1000.0,1.1,1000.0,1.1,980.0,1.1,980.0,1.1,1000,1.1,1000.0,1.1,1000.0,1.1,1000,1.1,1000,1.1,1000.0,1.1,1000.0,1.1,1000,0,0,1,1,[87],[81]
SPAIN 4,45368,Gernika,Tudelano,1.9,3.25,2.96,5.4,2.32,7.4,0,0,0.0,0,0,0,0,0,1.92,4.6,1.27,2.08,0,0,0,0,0,0,0,0,1.1,980.0,1.1,980.0,0,0,0,0,0,0,0,0,0,0,0,0,0,0,0,0,0,0,1.01,1000.0,1.01,1000.0,1.01,1000.0,1.01,1000.0,1.01,1000.0,1.01,1000.0,1.01,1000.0,1.01,1000.0,1.01,1000.0,1.01,1000.0,1.01,1000.0,1.01,1000,1.01,1000.0,1.01,1000.0,1.01,1000,1.01,1000,1.01,1000.0,1.01,1000.0,1.01,1000,0,1,1,4,[82],[ 1 70 80 84]
SPAIN 4,45368,UD Logrones,Barakaldo,1.84,2.68,3.75,9.2,2.52,5.3,0,0,0.0,0,0,0,0,0,2.32,6.2,1.19,1.75,0,0,0,0,0,0,0,0,1.01,1000.0,1.01,1000.0,0,0,0,0,0,0,0,0,0,0,0,0,0,0,0,0,0,0,1.01,1000.0,1.01,1000.0,1.01,1000.0,1.01,1000.0,1.01,1000.0,1.01,1000.0,1.01,1000.0,1.01,1000.0,1.01,1000.0,1.01,1000.0,1.01,1000.0,1.01,1000,1.01,1000.0,1.01,1000.0,1.01,1000,1.01,1000,1.01,1000.0,1.01,1000.0,1.01,1000,0,0,0,0,[],[]
SPAIN 4,45368,Real Aviles,R. Oviedo B,1.7,2.04,4.7,9.6,3.25,5.0,0,0,0.0,0,0,0,0,0,1.87,3.1,1.47,2.14,0,0,0,0,0,0,0,0,1.01,1000.0,1.01,1000.0,0,0,0,0,0,0,0,0,0,0,0,0,0,0,0,0,0,0,1.01,1000.0,1.01,1000.0,1.01,1000.0,1.01,1000.0,1.01,1000.0,1.01,1000.0,1.01,1000.0,1.01,1000.0,1.01,1000.0,1.01,1000.0,1.01,1000.0,1.01,1000,1.01,1000.0,1.01,1000.0,1.01,1000,1.01,1000,1.01,1000.0,1.01,1000.0,1.01,1000,1,0,2,0,[37 60],[]
PORTUGAL 1,45368,Moreirense,Arouca,2.64,2.72,3.05,3.15,3.25,3.35,0,0,0.0,0,0,0,0,0,2.26,2.44,1.7,1.8,0,0,0,0,0,0,0,0,1.9,2.28,1.78,2.12,0,0,0,0,0,0,0,0,0,0,0,0,0,0,0,0,0,0,8.6,13.0,8.6,13.0,14.0,24.0,36.0,65.0,7.8,10.5,6.2,9.0,10.0,17.0,28.0,48.0,12.0,20.0,9.4,15.5,14.5,25.0,40.0,980,29.0,50.0,24.0,40.0,38.0,980,90.0,980,1.01,38.0,1.01,48.0,1.01,1000,1,0,1,0,[10],[]
PORTUGAL 1,45368,Chaves,Vitoria Guimaraes,4.4,5.3,1.86,1.98,3.65,3.9,0,0,0.0,0,0,0,0,0,2.0,2.24,1.81,2.0,0,0,0,0,0,0,0,0,1.85,2.06,1.96,2.18,0,0,0,0,0,0,0,0,0,0,0,0,0,0,0,0,0,0,10.5,14.0,7.0,9.4,9.2,12.5,17.0,24.0,12.5,17.0,7.0,9.2,8.6,11.5,17.0,24.0,5.8,38.0,15.0,21.0,17.0,23.0,5.9,44,6.4,980.0,6.2,980.0,6.2,980,6.4,980,6.2,980.0,4.7,16.0,6.8,1000,1,1,1,2,[23],[21 62]
PORTUGAL 1,45368,Casa Pia,Benfica,11.0,12.0,1.34,1.37,5.6,6.0,0,0,0.0,0,0,0,0,0,1.8,1.86,2.16,2.26,0,0,0,0,0,0,0,0,2.26,2.46,1.69,1.8,0,0,0,0,0,0,0,0,0,0,0,0,0,0,0,0,0,0,15.5,17.5,7.2,8.0,6.8,7.4,9.6,10.5,28.0,34.0,11.5,12.5,9.8,10.5,14.0,15.5,18.0,110.0,36.0,42.0,28.0,34.0,36.0,46,10.0,1000.0,17.5,210.0,30.0,180,17.5,210,10.0,300.0,5.6,6.2,10.5,1000,0,0,0,1,[],[74]
PORTUGAL 1,45368,Sporting CP,Boavista,1.15,1.16,23.0,27.0,10.0,10.5,0,0,0.0,0,0,0,0,0,1.42,1.49,3.0,3.4,0,0,0,0,0,0,0,0,2.44,2.54,1.65,1.7,0,0,0,0,0,0,0,0,0,0,0,0,0,0,0,0,0,0,27.0,46.0,50.0,90.0,180.0,310.0,1.01,1000.0,10.0,14.0,20.0,28.0,60.0,110.0,1.01,540.0,7.2,8.2,9.8,16.5,36.0,65.0,210.0,360,7.4,10.5,12.5,14.5,34.0,60,16.5,350,1.01,3.6,1.01,730.0,1.01,1000,1,1,6,1,[44 54 68 78 88 90],[2]
ENGLAND 4,45368,Salford,Morecambe,1.95,1.97,4.3,4.4,3.85,3.9,0,0,0.0,0,0,0,0,0,1.7,1.86,2.16,2.42,0,0,0,0,0,0,0,0,1.64,1.79,2.26,2.58,0,0,0,0,0,0,0,0,0,0,0,0,0,0,0,0,0,0,12.5,18.5,16.5,18.5,30.0,34.0,14.5,90.0,7.2,11.5,8.0,9.0,15.0,17.0,27.0,48.0,11.5,13.5,9.4,10.5,15.0,17.0,42.0,55,19.5,22.0,10.0,18.5,26.0,32,14.5,85,6.6,11.0,11.0,44.0,14.0,990,1,0,3,1,[13 50 79],[61]
POLAND 1,45368,LKS Lodz,Rakow,6.2,7.0,1.59,1.66,4.1,4.5,0,0,0.0,0,0,0,0,0,1.86,2.06,1.95,2.16,0,0,0,0,0,0,0,0,1.96,2.34,1.91,2.24,0,0,0,0,0,0,0,0,0,0,0,0,0,0,0,0,0,0,11.0,18.0,6.2,9.8,7.0,11.0,11.0,18.5,15.0,25.0,8.6,12.0,9.0,12.5,12.5,22.0,4.2,65.0,21.0,30.0,17.0,29.0,4.2,48,4.4,980.0,4.3,980.0,4.3,980,4.4,980,4.3,980.0,3.2,11.5,4.4,1000,0,0,1,1,[69],[90]
SWITZERLAND 1,45368,Lausanne,Young Boys,3.35,3.5,2.18,2.24,3.8,3.95,0,0,0.0,0,0,0,0,0,1.71,1.85,2.18,2.42,0,0,0,0,0,0,0,0,1.61,1.8,2.26,2.64,0,0,0,0,0,0,0,0,0,0,0,0,0,0,0,0,0,0,14.5,22.0,10.0,15.0,12.5,19.0,23.0,36.0,13.0,19.5,7.4,11.0,9.2,13.5,17.5,27.0,20.0,32.0,11.5,17.5,13.5,21.0,26.0,40,44.0,980.0,28.0,980.0,32.0,980,60.0,980,1.01,34.0,1.01,16.5,1.01,1000,2,0,2,0,[30 34],[]
SWITZERLAND 1,45368,Luzern,Servette,2.78,2.88,2.62,2.7,3.6,3.7,0,0,0.0,0,0,0,0,0,1.83,1.94,2.06,2.22,0,0,0,0,0,0,0,0,1.68,1.79,2.28,2.48,0,0,0,0,0,0,0,0,0,0,0,0,0,0,0,0,0,0,11.5,19.5,9.4,15.5,13.5,23.0,27.0,980.0,9.8,16.0,6.2,10.5,9.0,15.0,19.5,34.0,14.5,24.0,9.4,15.5,12.0,21.0,27.0,980,30.0,980.0,21.0,36.0,28.0,980,55.0,980,1.01,28.0,1.01,25.0,1.01,1000,1,2,2,2,[ 5 54],[ 1 41]
SWITZERLAND 1,45368,Zurich,Lausanne Ouchy,1.49,1.52,7.2,8.2,4.5,4.9,0,0,0.0,0,0,0,0,0,1.82,1.89,2.12,2.22,0,0,0,0,0,0,0,0,1.99,2.1,1.91,2.02,0,0,0,0,0,0,0,0,0,0,0,0,0,0,0,0,0,0,14.0,19.0,20.0,28.0,6.8,70.0,7.2,250.0,7.4,9.4,8.8,11.5,6.0,980.0,7.2,130.0,7.2,9.4,8.2,11.0,20.0,28.0,7.0,120,10.5,14.5,14.5,17.5,6.4,40,7.2,160,3.9,8.0,7.2,160.0,7.6,1000,2,1,2,2,[10 19],[42 79]
CZECH 1,45368,FK Pardubice,Ostrava,4.4,4.9,1.79,1.9,4.0,4.4,0,0,0.0,0,0,0,0,0,1.71,1.85,2.18,2.4,0,0,0,0,0,0,0,0,1.68,1.91,2.1,2.46,0,0,0,0,0,0,0,0,0,0,0,0,0,0,0,0,0,0,14.5,19.0,8.6,11.5,9.6,13.0,16.0,22.0,15.0,21.0,7.8,10.5,8.4,11.5,14.5,19.5,5.9,980.0,14.5,20.0,15.0,21.0,5.8,980,6.4,980.0,6.2,980.0,6.2,980,6.4,980,6.0,980.0,4.2,11.0,6.8,1000,0,0,0,1,[],[69]
ARGENTINA COPA,45368,Godoy Cruz,Tigre,1.63,1.77,6.0,7.6,3.5,3.9,0,0,0.0,0,0,0,0,0,2.28,2.7,1.59,1.78,0,0,0,0,0,0,0,0,2.26,2.6,1.63,1.8,0,0,0,0,0,0,0,0,0,0,0,0,0,0,0,0,0,0,8.4,11.0,13.5,18.5,6.4,980.0,6.8,980.0,5.4,7.0,7.2,9.6,5.8,980.0,6.8,980.0,7.0,9.2,8.8,12.0,5.9,980.0,6.8,980,13.0,18.0,17.5,980.0,6.4,980,7.0,980,4.9,16.0,6.8,980.0,7.0,1000,1,0,1,0,[25],[]
ARGENTINA COPA,45368,Barracas Central,Huracan,2.94,3.1,2.86,3.0,2.9,3.05,0,0,0.0,0,0,0,0,0,2.76,3.4,1.41,1.57,0,0,0,0,0,0,0,0,2.14,2.58,1.64,1.87,0,0,0,0,0,0,0,0,0,0,0,0,0,0,0,0,0,0,6.0,8.6,7.4,8.8,12.5,21.0,5.3,65.0,7.2,10.5,5.3,6.8,10.5,17.5,5.2,60.0,13.5,23.0,12.5,15.5,18.5,32.0,5.4,980,5.3,70.0,5.3,65.0,5.5,980,5.6,980,5.4,80.0,5.3,70.0,5.7,1000,1,0,1,0,[11],[]
ARGENTINA COPA,45368,River Plate,Gimnasia L.P.,1.38,1.44,8.0,10.5,4.9,5.7,0,0,0.0,0,0,0,0,0,1.64,1.82,2.2,2.58,0,0,0,0,0,0,0,0,1.92,2.2,1.83,2.1,0,0,0,0,0,0,0,0,0,0,0,0,0,0,0,0,0,0,17.0,23.0,6.2,980.0,7.2,980.0,7.6,980.0,7.8,10.0,10.0,13.5,6.4,980.0,7.2,980.0,7.2,9.2,8.4,11.5,21.0,980.0,7.2,980,9.8,13.0,11.5,16.0,6.4,980,7.4,980,3.45,6.2,7.4,980.0,7.6,1000,1,1,3,1,[29 70 86],[11]
SLOVENIA 1,45368,Celje,Radomlje,1.36,1.5,8.0,12.5,4.2,6.6,0,0,0.0,0,0,0,0,0,1.72,1.95,2.04,2.4,0,0,0,0,0,0,0,0,1.88,2.5,1.67,2.14,0,0,0,0,0,0,0,0,0,0,0,0,0,0,0,0,0,0,3.65,22.0,3.9,36.0,4.1,1000.0,4.3,1000.0,3.05,10.5,3.35,14.5,3.95,44.0,4.2,1000.0,3.0,10.0,3.2,12.5,3.9,36.0,4.2,1000,3.35,14.5,3.55,19.0,4.0,48,4.2,1000,2.8,7.8,4.3,1000.0,4.3,1000,1,1,2,1,[20 90],[33]
SLOVENIA 1,45368,Rogaska,Mura,2.28,2.78,2.8,3.5,3.15,4.1,0,0,0.0,0,0,0,0,0,1.61,2.44,1.69,2.64,0,0,0,0,0,0,0,0,1.72,1.99,2.0,2.38,0,0,0,0,0,0,0,0,0,0,0,0,0,0,0,0,0,0,2.84,980.0,2.8,980.0,3.05,980.0,1.17,1000.0,2.72,980.0,2.52,980.0,2.86,980.0,1.17,1000.0,1.17,1000.0,2.78,980.0,3.0,980.0,1.15,1000,1.29,1000.0,2.04,980.0,1.29,1000,1.16,1000,1.55,1000.0,1.55,980.0,1.29,1000,0,0,0,0,[],[]
ENGLAND 1,45368,West Ham,Aston Villa,2.82,2.84,2.56,2.58,3.85,3.9,0,0,0.0,0,0,0,0,0,1.6,1.61,2.62,2.68,0,0,0,0,0,0,0,0,1.52,1.55,2.82,2.92,0,0,0,0,0,0,0,0,0,0,0,0,0,0,0,0,0,0,22.0,23.0,16.0,16.5,19.0,19.5,34.0,38.0,17.0,17.5,8.8,9.2,11.0,11.5,21.0,22.0,21.0,22.0,12.0,12.5,13.0,13.5,26.0,28,40.0,44.0,22.0,24.0,28.0,29,48.0,55,14.5,15.5,12.5,13.0,140.0,330,1,0,1,1,[29],[79]
ITALY 3,45368,Vis Pesaro,Cesena,7.2,10.0,1.49,1.63,3.7,4.8,0,0,0.0,0,0,0,0,0,2.12,2.42,1.71,1.89,0,0,0,0,0,0,0,0,2.22,2.68,1.6,1.82,0,0,0,0,0,0,0,0,0,0,0,0,0,0,0,0,0,0,10.0,980.0,5.4,980.0,6.4,980.0,11.0,980.0,1.01,980.0,8.0,980.0,8.8,980.0,16.0,980.0,1.01,1000.0,1.01,980.0,1.01,980.0,42.0,1000,1.01,1000.0,1.01,1000.0,1.01,1000,1.01,1000,1.01,1000.0,1.01,980.0,1.01,1000,0,1,0,2,[],[17 90]
CROATIA 1,45368,Istra 1961,Gorica,2.04,2.08,4.5,5.0,3.2,3.45,0,0,0.0,0,0,0,0,0,2.36,2.54,1.65,1.74,0,0,0,0,0,0,0,0,2.06,2.22,1.83,1.95,0,0,0,0,0,0,0,0,0,0,0,0,0,0,0,0,0,0,3.2,12.0,3.45,16.5,4.3,980.0,4.2,980.0,5.7,9.0,5.9,9.2,14.0,24.0,4.2,980.0,3.3,13.5,3.3,13.5,3.8,28.0,4.2,980,17.5,32.0,18.5,980.0,4.2,980,4.3,980,3.75,25.0,4.2,980.0,4.4,1000,0,0,0,0,[],[]
CROATIA 1,45368,Rudes,D. Zagreb,26.0,42.0,1.14,1.18,9.2,11.0,0,0,0.0,0,0,0,0,0,1.64,1.81,2.22,2.58,0,0,0,0,0,0,0,0,3.0,3.5,1.4,1.5,0,0,0,0,0,0,0,0,0,0,0,0,0,0,0,0,0,0,19.5,26.0,6.6,8.6,5.2,6.6,6.0,7.6,55.0,75.0,18.5,24.0,11.5,15.5,13.5,18.5,1.01,1000.0,100.0,130.0,65.0,85.0,60.0,85,1.01,1000.0,1.01,1000.0,1.01,1000,1.01,1000,1.01,1000.0,1.01,4.2,1.01,1000,0,0,0,3,[],[60 78 86]
SLOVENIA 1,45368,Maribor,Koper,1.83,2.08,3.9,5.0,3.45,4.5,0,0,0.0,0,0,0,0,0,1.8,2.1,1.91,2.24,0,0,0,0,0,0,0,0,1.73,2.0,2.0,2.38,0,0,0,0,0,0,0,0,0,0,0,0,0,0,0,0,0,0,12.0,980.0,13.5,980.0,26.0,980.0,1.01,1000.0,8.0,980.0,7.2,980.0,14.0,980.0,1.01,1000.0,9.8,980.0,8.6,980.0,15.5,980.0,1.01,1000,17.5,980.0,16.0,980.0,28.0,980,1.01,1000,1.01,980.0,1.01,1000.0,1.01,1000,1,0,3,1,[38 69 72],[53]
SPAIN 4,45368,Illescas,San Sebastian Reyes,2.98,5.9,2.18,3.45,2.7,4.9,0,0,0.0,0,0,0,0,0,1.12,4.6,1.27,9.4,0,0,0,0,0,0,0,0,1.1,980.0,1.1,980.0,0,0,0,0,0,0,0,0,0,0,0,0,0,0,0,0,0,0,1.1,980.0,1.1,980.0,1.1,1000.0,1.1,1000.0,1.1,980.0,1.1,980.0,1.1,980.0,1.1,1000.0,1.1,1000.0,1.1,980.0,1.1,980.0,1.1,1000,1.1,1000.0,1.1,1000.0,1.1,1000,1.1,1000,1.55,1000.0,1.55,1000.0,1.1,1000,0,0,0,0,[],[]
SPAIN 4,45368,Zamora,Racing Club Villalbes,1.3,1.51,7.0,870.0,3.1,11.5,0,0,0.0,0,0,0,0,0,1.83,3.55,1.39,2.2,0,0,0,0,0,0,0,0,1.01,1000.0,1.01,1000.0,0,0,0,0,0,0,0,0,0,0,0,0,0,0,0,0,0,0,1.01,1000.0,1.01,1000.0,1.01,1000.0,1.01,1000.0,1.01,1000.0,1.01,1000.0,1.01,1000.0,1.01,1000.0,1.01,1000.0,1.01,1000.0,1.01,1000.0,1.01,1000,1.01,1000.0,1.01,1000.0,1.01,1000,1.01,1000,1.01,1000.0,1.01,1000.0,1.01,1000,0,1,1,1,[52],[16]
MEXICO 1,45368,Atl. San Luis,Pachuca,3.05,3.1,2.42,2.44,3.7,3.8,0,0,0.0,0,0,0,0,0,1.7,1.75,2.32,2.42,0,0,0,0,0,0,0,0,1.62,1.7,2.42,2.6,0,0,0,0,0,0,0,0,0,0,0,0,0,0,0,0,0,0,13.5,23.0,12.0,16.5,13.0,22.0,5.0,42.0,14.0,19.0,8.0,11.0,10.0,14.5,20.0,29.0,19.5,28.0,11.5,16.0,14.0,19.5,4.9,40,38.0,60.0,21.0,36.0,26.0,46,5.3,85,3.65,26.0,3.45,18.5,4.2,980,1,0,2,1,[22 71],[74]
MEXICO 1,45368,Atlas,Monterrey,3.6,4.3,2.12,2.26,3.35,3.85,0,0,0.0,0,0,0,0,0,2.04,2.32,1.76,1.95,0,0,0,0,0,0,0,0,1.89,2.12,1.99,2.24,0,0,0,0,0,0,0,0,0,0,0,0,0,0,0,0,0,0,4.4,980.0,4.0,980.0,4.6,14.5,5.5,30.0,4.6,980.0,3.8,980.0,4.4,980.0,5.4,27.0,5.5,29.0,4.9,980.0,5.1,980.0,5.9,48,6.2,85.0,6.0,55.0,6.0,70,6.4,1000,6.0,60.0,5.1,21.0,6.6,1000,0,1,1,2,[81],[44 57]
SPAIN 4,45368,Marino de Luanco,Coruxo FC,2.2,4.0,2.76,6.6,2.56,5.5,0,0,0.0,0,0,0,0,0,2.84,5.8,1.21,1.54,0,0,0,0,0,0,0,0,1.01,1000.0,1.01,1000.0,0,0,0,0,0,0,0,0,0,0,0,0,0,0,0,0,0,0,1.01,1000.0,1.01,1000.0,1.01,1000.0,1.01,1000.0,1.01,1000.0,1.01,1000.0,1.01,1000.0,1.01,1000.0,1.01,1000.0,1.01,1000.0,1.01,1000.0,1.01,1000,1.01,1000.0,1.01,1000.0,1.01,1000,1.01,1000,1.01,1000.0,1.01,1000.0,1.01,1000,0,1,0,1,[],[7]
MEXICO 1,45368,Guadalajara Chivas,Club America,3.8,3.9,2.18,2.24,3.45,3.6,0,0,0.0,0,0,0,0,0,2.08,2.18,1.85,1.92,0,0,0,0,0,0,0,0,1.83,1.95,2.06,2.22,0,0,0,0,0,0,0,0,0,0,0,0,0,0,0,0,0,0,10.5,13.0,8.4,9.4,12.0,13.5,24.0,28.0,12.0,14.0,7.2,7.8,10.0,11.0,21.0,25.0,23.0,26.0,14.0,15.5,17.0,19.5,36.0,42,13.0,75.0,40.0,48.0,44.0,60,13.5,110,11.5,48.0,15.0,19.5,15.0,1000,0,0,0,0,[],[]
SPAIN 4,45368,Compostela,Langreo,1.66,2.44,3.8,870.0,2.6,7.6,0,0,0.0,0,0,0,0,0,2.06,3.65,1.37,1.93,0,0,0,0,0,0,0,0,1.01,1000.0,1.01,1000.0,0,0,0,0,0,0,0,0,0,0,0,0,0,0,0,0,0,0,1.01,1000.0,1.01,1000.0,1.01,1000.0,1.01,1000.0,1.01,1000.0,1.01,1000.0,1.01,1000.0,1.01,1000.0,1.01,1000.0,1.01,1000.0,1.01,1000.0,1.01,1000,1.01,1000.0,1.01,1000.0,1.01,1000,1.01,1000,1.01,1000.0,1.01,1000.0,1.01,1000,0,0,0,1,[],[87]
DENMARK 1,45368,Odense,FC Copenhagen,6.2,6.8,1.54,1.57,4.6,5.0,0,0,0.0,0,0,0,0,0,1.66,1.77,2.3,2.52,0,0,0,0,0,0,0,0,1.66,2.1,2.0,2.38,0,0,0,0,0,0,0,0,0,0,0,0,0,0,0,0,0,0,15.0,25.0,7.6,12.5,7.6,12.5,11.0,16.0,18.5,32.0,8.0,13.5,8.2,12.5,11.0,16.0,38.0,70.0,17.5,30.0,15.5,26.0,22.0,38,110.0,200.0,55.0,100.0,50.0,90,70.0,130,1.01,100.0,1.01,7.6,1.01,1000,0,1,0,2,[],[22 65]
DENMARK 1,45368,Nordsjaelland,Randers FC,1.57,1.62,6.2,6.8,4.4,4.7,0,0,0.0,0,0,0,0,0,1.71,1.84,2.2,2.42,0,0,0,0,0,0,0,0,1.82,1.95,2.06,2.22,0,0,0,0,0,0,0,0,0,0,0,0,0,0,0,0,0,0,15.0,21.0,19.5,27.0,42.0,60.0,4.1,980.0,8.0,11.0,8.4,11.5,20.0,27.0,65.0,90.0,8.2,11.0,8.2,11.0,17.5,23.0,60.0,85,12.0,16.5,12.5,17.5,25.0,34,85.0,120,1.01,8.2,1.01,90.0,17.0,980,0,0,1,1,[68],[90]
DENMARK 1,45368,Midtjylland,Vejle,1.47,1.51,7.8,8.2,4.6,5.0,0,0,0.0,0,0,0,0,0,1.87,2.0,2.0,2.14,0,0,0,0,0,0,0,0,2.04,2.18,1.85,1.97,0,0,0,0,0,0,0,0,0,0,0,0,0,0,0,0,0,0,14.5,18.5,5.8,28.0,6.6,75.0,7.2,980.0,7.2,8.2,9.6,12.0,6.0,34.0,7.0,980.0,7.4,9.2,9.0,11.5,5.9,30.0,7.0,980,11.5,14.5,14.0,18.0,6.2,44,7.0,980,3.9,8.2,7.0,980.0,7.4,1000,0,0,3,0,[68 76 90],[]
DENMARK 1,45368,Lyngby,Viborg,2.78,2.86,2.68,2.76,3.55,3.6,0,0,0.0,0,0,0,0,0,1.89,2.0,2.0,2.14,0,0,0,0,0,0,0,0,1.65,1.89,2.12,2.54,0,0,0,0,0,0,0,0,0,0,0,0,0,0,0,0,0,0,12.0,16.0,10.0,13.5,15.0,21.0,32.0,44.0,10.0,14.0,6.6,8.8,10.0,14.0,23.0,32.0,15.5,21.0,10.0,14.0,13.5,18.5,32.0,44,34.0,46.0,24.0,34.0,32.0,46,65.0,95,1.01,26.0,1.01,25.0,1.01,1000,1,0,2,0,[42 50],[]
GERMANY 1,45368,Freiburg,Bayer Leverkusen,6.4,6.6,1.59,1.6,4.6,4.7,0,0,0.0,0,0,0,0,0,1.75,1.8,2.24,2.32,0,0,0,0,0,0,0,0,1.85,1.95,2.06,2.18,0,0,0,0,0,0,0,0,0,0,0,0,0,0,0,0,0,0,17.0,18.5,9.0,9.4,9.0,9.8,14.0,14.5,21.0,24.0,9.4,10.5,9.0,9.4,14.5,15.5,46.0,55.0,21.0,24.0,19.5,22.0,29.0,32,46.0,170.0,55.0,80.0,60.0,80,80.0,120,38.0,85.0,7.4,7.8,24.0,1000,1,2,2,3,[10 79],[ 2 40 53]
SPAIN 4,45368,Valencia B,Espanyol B,1.44,1000.0,1.16,860.0,2.72,340.0,0,0,0.0,0,0,0,0,0,2.06,4.3,1.3,1.95,0,0,0,0,0,0,0,0,1.01,1000.0,1.01,1000.0,0,0,0,0,0,0,0,0,0,0,0,0,0,0,0,0,0,0,1.01,1000.0,1.01,1000.0,1.01,1000.0,1.01,1000.0,1.01,1000.0,1.01,1000.0,1.01,1000.0,1.01,1000.0,1.01,1000.0,1.01,1000.0,1.01,1000.0,1.01,1000,1.01,1000.0,1.01,1000.0,1.01,1000,28.0,1000,1.55,1000.0,1.55,1000.0,15.0,1000,1,0,3,2,[30 66 72],[53 78]
SPAIN 4,45368,Saguntino,Penya Indep.,1.03,2.26,4.9,19.0,2.84,9.2,0,0,0.0,0,0,0,0,0,2.0,3.85,1.35,2.0,0,0,0,0,0,0,0,0,1.01,1000.0,1.02,1000.0,0,0,0,0,0,0,0,0,0,0,0,0,0,0,0,0,0,0,1.01,1000.0,1.01,1000.0,1.01,1000.0,1.01,1000.0,1.01,1000.0,1.01,1000.0,1.01,1000.0,1.01,1000.0,1.01,1000.0,1.01,1000.0,1.01,1000.0,1.01,1000,1.01,1000.0,1.01,1000.0,1.01,1000,28.0,1000,1.55,1000.0,1.55,1000.0,15.0,1000,0,0,2,1,[68 90],[46]
SPAIN 4,45368,Pena Deportiva,Sant Andreu,1.96,2.88,2.64,6.2,2.96,9.2,0,0,0.0,0,0,0,0,0,1.93,3.45,1.4,2.08,0,0,0,0,0,0,0,0,1.02,1000.0,1.01,1000.0,0,0,0,0,0,0,0,0,0,0,0,0,0,0,0,0,0,0,1.01,1000.0,1.01,1000.0,1.01,1000.0,1.01,1000.0,1.01,1000.0,1.01,1000.0,1.01,1000.0,1.01,1000.0,1.01,1000.0,1.01,1000.0,1.01,1000.0,1.01,1000,1.01,1000.0,1.01,1000.0,1.01,1000,28.0,1000,1.55,1000.0,1.55,1000.0,15.0,1000,1,1,1,3,[31],[36 48 64]
SPAIN 4,45368,Manresa,Andratx,2.34,3.35,3.2,5.5,2.58,3.85,0,0,0.0,0,0,0,0,0,2.16,4.4,1.29,1.87,0,0,0,0,0,0,0,0,1.11,11.0,1.11,10.5,0,0,0,0,0,0,0,0,0,0,0,0,0,0,0,0,0,0,1.1,980.0,1.1,980.0,1.1,1000.0,1.1,1000.0,1.1,980.0,1.1,980.0,1.1,980.0,1.1,1000.0,1.1,1000.0,1.1,980.0,1.1,980.0,1.1,1000,1.1,1000.0,1.1,1000.0,1.1,1000,1.1,1000,1.55,1000.0,1.55,1000.0,1.1,1000,1,0,1,2,[22],[51 78]
SPAIN 4,45368,Lleida,Formentera,1.49,480.0,1.15,1000.0,2.92,340.0,0,0,0.0,0,0,0,0,0,2.06,3.4,1.41,1.95,0,0,0,0,0,0,0,0,1.11,11.0,1.11,10.5,0,0,0,0,0,0,0,0,0,0,0,0,0,0,0,0,0,0,1.01,1000.0,1.01,1000.0,1.01,1000.0,1.01,1000.0,1.01,1000.0,1.01,1000.0,1.01,1000.0,1.01,1000.0,1.01,1000.0,1.01,1000.0,1.01,1000.0,1.01,1000,1.01,1000.0,1.01,1000.0,1.01,1000,28.0,1000,1.55,1000.0,1.55,1000.0,15.0,1000,2,0,3,0,[34 42 90],[]
SPAIN 4,45368,Terrassa,CE Europa,1.03,980.0,1.03,980.0,1.25,980.0,0,0,0.0,0,0,0,0,0,1.95,3.85,1.35,2.06,0,0,0,0,0,0,0,0,1.01,1000.0,1.01,1000.0,0,0,0,0,0,0,0,0,0,0,0,0,0,0,0,0,0,0,1.01,1000.0,1.01,1000.0,1.01,1000.0,1.01,1000.0,1.01,1000.0,1.01,1000.0,1.01,1000.0,1.01,1000.0,1.01,1000.0,1.01,1000.0,1.01,1000.0,1.01,1000,1.01,1000.0,1.01,1000.0,1.01,1000,1.01,1000,1.01,1000.0,1.01,1000.0,1.01,1000,0,1,4,1,[49 51 76 81],[35]
ESTONIA 1,45368,Parnu JK Vaprus,Kuressaare,2.0,2.22,3.45,4.4,3.6,4.8,0,0,0.0,0,0,0,0,0,1.77,2.0,2.0,2.3,0,0,0,0,0,0,0,0,1.67,1.91,2.1,2.5,0,0,0,0,0,0,0,0,0,0,0,0,0,0,0,0,0,0,12.0,980.0,11.5,980.0,3.8,980.0,4.0,980.0,7.8,13.0,6.6,11.0,11.5,980.0,3.95,980.0,9.8,16.5,8.0,13.0,13.0,980.0,4.0,980,17.5,980.0,15.0,980.0,3.85,980,4.1,980,3.35,16.0,3.9,980.0,4.2,1000,0,1,3,2,[55 74 87],[39 64]
SPAIN 4,45368,Rayo Cantabria,Pontevedra,3.2,9.6,1.69,2.38,2.92,10.5,0,0,0.0,0,0,0,0,0,1.96,3.1,1.47,2.04,0,0,0,0,0,0,0,0,1.1,980.0,1.1,980.0,0,0,0,0,0,0,0,0,0,0,0,0,0,0,0,0,0,0,1.01,1000.0,1.01,1000.0,1.01,1000.0,1.01,1000.0,1.01,1000.0,1.01,1000.0,1.01,1000.0,1.01,1000.0,1.01,1000.0,1.01,1000.0,1.01,1000.0,1.01,1000,1.01,1000.0,1.01,1000.0,1.01,1000,1.01,1000,1.01,1000.0,1.01,1000.0,1.01,1000,1,1,2,2,[43 90],[10 78]
SPAIN 4,45368,Covadonga,Cayon,1.01,990.0,1.01,870.0,2.78,350.0,0,0,0.0,0,0,0,0,0,1.25,21.0,1.06,5.0,0,0,0,0,0,0,0,0,1.1,980.0,1.1,980.0,0,0,0,0,0,0,0,0,0,0,0,0,0,0,0,0,0,0,1.01,1000.0,1.01,1000.0,1.01,1000.0,1.01,1000.0,1.01,1000.0,1.01,1000.0,1.01,1000.0,1.01,1000.0,1.01,1000.0,1.01,1000.0,1.01,1000.0,1.01,1000,1.01,1000.0,1.01,1000.0,1.01,1000,1.01,1000,1.01,1000.0,1.01,1000.0,1.01,1000,3,0,4,0,[23 27 27 51],[]
ESTONIA 1,45368,Nomme Utd,Kalju,2.44,990.0,1.04,1.7,2.44,980.0,0,0,0.0,0,0,0,0,0,1.01,4.6,1.27,1000.0,0,0,0,0,0,0,0,0,1.01,1000.0,1.01,1000.0,0,0,0,0,0,0,0,0,0,0,0,0,0,0,0,0,0,0,1.01,1000.0,1.01,1000.0,1.01,1000.0,1.01,1000.0,1.01,1000.0,1.01,1000.0,1.01,1000.0,1.01,1000.0,1.01,1000.0,1.01,1000.0,1.01,1000.0,1.01,1000,1.01,1000.0,1.01,1000.0,1.01,1000,28.0,1000,1.55,1000.0,1.01,1000.0,15.0,1000,0,0,0,0,[],[]
GERMANY 1,45368,Dortmund,Eintracht Frankfurt,1.65,1.67,5.4,5.5,4.7,4.8,0,0,0.0,0,0,0,0,0,1.54,1.56,2.76,2.86,0,0,0,0,0,0,0,0,1.62,1.67,2.5,2.6,0,0,0,0,0,0,0,0,0,0,0,0,0,0,0,0,0,0,23.0,26.0,25.0,30.0,42.0,48.0,40.0,120.0,12.0,14.0,10.0,11.5,19.5,21.0,48.0,55.0,11.5,13.0,9.4,10.0,15.5,17.5,44.0,55,16.0,18.0,13.5,14.5,22.0,25,55.0,70,6.0,6.4,34.0,42.0,15.5,980,1,1,3,1,[33 81 90],[13]
DENMARK 1,45368,Brondby,Silkeborg,1.58,1.61,6.4,6.8,4.5,4.7,0,0,0.0,0,0,0,0,0,1.73,1.83,2.2,2.38,0,0,0,0,0,0,0,0,1.69,1.96,1.86,2.2,0,0,0,0,0,0,0,0,0,0,0,0,0,0,0,0,0,0,13.5,23.0,20.0,29.0,44.0,65.0,110.0,200.0,8.6,9.8,9.2,12.5,21.0,29.0,55.0,100.0,8.8,10.0,9.0,10.5,19.5,27.0,55.0,95,13.0,18.5,14.0,19.5,28.0,40,80.0,140,1.01,7.8,1.01,110.0,1.01,1000,2,0,4,1,[33 41 59 71],[54]
DENMARK 1,45368,Aarhus,Hvidovre IF,1.34,1.36,10.5,12.0,5.6,5.9,0,0,0.0,0,0,0,0,0,1.75,1.81,2.24,2.34,0,0,0,0,0,0,0,0,2.22,2.3,1.76,1.82,0,0,0,0,0,0,0,0,0,0,0,0,0,0,0,0,0,0,17.5,19.0,30.0,34.0,17.5,110.0,22.0,600.0,7.8,8.4,12.0,12.5,36.0,40.0,17.5,210.0,7.2,7.6,9.8,10.5,25.0,42.0,17.5,210,9.6,10.5,13.5,14.5,32.0,42,18.0,200,4.5,5.8,27.0,980.0,19.5,1000,0,0,1,0,[71],[]
SPAIN 4,45368,Numancia,Mensajero,1.01,1.62,1.01,990.0,3.65,350.0,0,0,0.0,0,0,0,0,0,1.75,3.3,1.43,2.32,0,0,0,0,0,0,0,0,1.01,1000.0,1.01,1000.0,0,0,0,0,0,0,0,0,0,0,0,0,0,0,0,0,0,0,1.01,1000.0,1.01,1000.0,1.01,1000.0,1.01,1000.0,1.01,1000.0,1.01,1000.0,1.01,1000.0,1.01,1000.0,1.01,1000.0,1.01,1000.0,1.01,1000.0,1.01,1000,1.01,1000.0,1.01,1000.0,1.01,1000,1.01,1000,1.01,1000.0,1.01,1000.0,1.01,1000,1,0,3,0,[11 82 90],[]
SPAIN 4,45368,Cacereno,CF Talavera,2.34,4.1,2.68,5.8,2.28,5.1,0,0,0.0,0,0,0,0,0,2.4,4.5,1.28,1.72,0,0,0,0,0,0,0,0,1.1,980.0,1.1,980.0,0,0,0,0,0,0,0,0,0,0,0,0,0,0,0,0,0,0,1.1,980.0,1.1,980.0,1.1,1000.0,1.1,1000.0,1.1,980.0,1.1,980.0,1.1,980.0,1.1,1000.0,1.1,1000.0,1.1,980.0,1.1,980.0,1.1,1000,1.1,1000.0,1.1,1000.0,1.1,1000,1.1,1000,1.1,1000.0,1.1,1000.0,1.1,1000,0,0,4,0,[57 63 71 75],[]
SPAIN 4,45368,CD Badajoz,Villanovense,2.0,2.32,4.1,9.2,2.74,350.0,0,0,0.0,0,0,0,0,0,2.62,6.0,1.2,1.61,0,0,0,0,0,0,0,0,1.01,1000.0,1.01,1000.0,0,0,0,0,0,0,0,0,0,0,0,0,0,0,0,0,0,0,1.01,1000.0,1.01,1000.0,1.01,1000.0,1.01,1000.0,1.01,1000.0,1.01,1000.0,1.01,1000.0,1.01,1000.0,1.01,1000.0,1.01,1000.0,1.01,1000.0,1.01,1000,1.01,1000.0,1.01,1000.0,1.01,1000,28.0,1000,1.55,1000.0,1.55,1000.0,15.0,1000,0,0,0,0,[],[]
SPAIN 4,45368,Navalcarnero,Getafe B,1.01,990.0,1.01,870.0,2.48,350.0,0,0,0.0,0,0,0,0,0,1.11,21.0,1.06,10.5,0,0,0,0,0,0,0,0,1.1,980.0,1.1,980.0,0,0,0,0,0,0,0,0,0,0,0,0,0,0,0,0,0,0,1.01,1000.0,1.01,1000.0,1.01,1000.0,1.01,1000.0,1.01,1000.0,1.01,1000.0,1.01,1000.0,1.01,1000.0,1.01,1000.0,1.01,1000.0,1.01,1000.0,1.01,1000,1.01,1000.0,1.01,1000.0,1.01,1000,1.01,1000,1.01,1000.0,1.01,1000.0,1.01,1000,0,0,0,0,[],[]
SPAIN 2,45368,Elche,Albacete,1.78,1.81,5.7,6.2,3.5,3.75,0,0,0.0,0,0,0,0,0,2.36,2.6,1.63,1.74,0,0,0,0,0,0,0,0,2.2,2.4,1.72,1.84,0,0,0,0,0,0,0,0,0,0,0,0,0,0,0,0,0,0,7.2,12.0,13.5,18.5,30.0,55.0,120.0,210.0,5.1,6.8,7.4,8.4,17.5,30.0,75.0,130.0,8.2,9.4,9.6,13.5,19.5,34.0,85.0,150,17.0,24.0,20.0,29.0,38.0,70,150.0,260,1.01,21.0,1.01,210.0,25.0,1000,0,0,0,0,[],[]
ROMANIA 1,45369,UTA Arad,FC Voluntari,1.83,2.1,4.3,5.6,3.25,4.1,0,0,0.0,0,0,0,0,0,2.1,2.5,1.66,1.91,0,0,0,0,0,0,0,0,1.93,2.28,1.79,2.08,0,0,0,0,0,0,0,0,0,0,0,0,0,0,0,0,0,0,9.0,12.5,12.0,16.0,28.0,40.0,1.01,1000.0,6.4,8.4,6.6,9.0,16.0,22.0,55.0,1000.0,8.8,12.0,8.8,12.0,18.5,25.0,65.0,1000,17.5,24.0,18.5,25.0,36.0,55,1.01,1000,1.01,18.0,1.01,1000.0,1.01,1000,1,2,4,3,[38 51 79 90],[28 45 90]
FRANCE 3,45369,Villefranche,Red Star,3.65,3.9,2.16,2.3,3.3,3.7,0,0,0.0,0,0,0,0,0,2.12,2.24,1.81,1.89,0,0,0,0,0,0,0,0,1.8,2.02,1.99,2.26,0,0,0,0,0,0,0,0,0,0,0,0,0,0,0,0,0,0,10.5,13.5,8.0,10.0,9.8,14.5,5.7,980.0,11.5,14.5,7.0,8.6,9.2,12.0,18.5,980.0,6.0,980.0,13.0,18.5,16.0,22.0,6.0,980,6.4,980.0,6.2,980.0,6.2,980,28.0,980,6.2,980.0,5.2,55.0,6.8,1000,0,1,0,2,[],[45 49]
PORTUGAL 2,45369,Vilaverdense,Os Belenenses,2.5,2.52,3.2,3.25,3.45,3.5,0,0,0.0,0,0,0,0,0,2.08,2.16,1.87,1.92,0,0,0,0,0,0,0,0,1.81,1.89,2.12,2.24,0,0,0,0,0,0,0,0,0,0,0,0,0,0,0,0,0,0,11.0,13.0,11.0,12.5,18.5,23.0,11.0,980.0,9.6,10.5,7.2,7.8,12.0,15.5,28.0,36.0,14.0,16.0,10.5,12.0,16.0,18.5,11.0,980,29.0,36.0,18.0,29.0,10.5,980,12.5,980,8.8,23.0,10.0,980.0,14.0,1000,0,0,1,1,[68],[90]
SPAIN 2,45369,Andorra,Amorebieta,1.76,1.78,6.4,6.8,3.5,3.55,0,0,0.0,0,0,0,0,0,2.64,2.7,1.59,1.61,0,0,0,0,0,0,0,0,2.36,2.56,1.64,1.74,0,0,0,0,0,0,0,0,0,0,0,0,0,0,0,0,0,0,8.0,8.8,14.5,16.0,42.0,60.0,14.5,980.0,5.6,6.2,7.8,8.4,24.0,28.0,14.0,140.0,7.8,9.0,10.5,11.5,25.0,32.0,14.5,980,15.5,17.5,21.0,23.0,50.0,65,26.0,980,16.0,17.5,21.0,230.0,16.0,1000,0,0,0,1,[],[88]
ITALY 3,45369,Potenza,Picerno,2.76,3.15,3.0,3.45,2.84,3.05,0,0,0.0,0,0,0,0,0,2.66,3.15,1.47,1.58,0,0,0,0,0,0,0,0,2.1,2.42,1.71,1.9,0,0,0,0,0,0,0,0,0,0,0,0,0,0,0,0,0,0,7.2,8.8,7.6,9.6,14.5,22.0,5.3,980.0,7.2,9.0,5.9,7.2,10.5,17.5,5.4,980.0,12.5,20.0,10.5,17.5,19.5,30.0,5.5,980,5.3,980.0,5.2,980.0,5.5,980,5.9,980,5.3,980.0,5.4,980.0,5.9,1000,1,0,1,0,[16],[]
ENGLAND 4,45369,Crawley,Stockport County,4.6,4.7,1.89,1.91,3.85,3.95,0,0,0.0,0,0,0,0,0,1.86,1.88,2.12,2.16,0,0,0,0,0,0,0,0,1.74,1.81,2.24,2.34,0,0,0,0,0,0,0,0,0,0,0,0,0,0,0,0,0,0,15.0,16.5,9.6,10.0,10.5,11.5,18.5,21.0,16.5,18.5,8.2,8.6,9.6,10.5,16.0,18.0,32.0,34.0,16.5,18.5,16.0,18.0,27.0,32,20.0,100.0,40.0,50.0,44.0,60,65.0,90,16.5,55.0,9.8,11.0,140.0,600,0,0,1,1,[83],[61]
VENEZUELA 1,45370,La Guaira,Carabobo,1.76,1.99,4.7,5.9,3.35,4.1,0,0,0.0,0,0,0,0,0,1.99,2.34,1.75,2.02,0,0,0,0,0,0,0,0,1.94,2.26,1.8,2.06,0,0,0,0,0,0,0,0,0,0,0,0,0,0,0,0,0,0,4.7,980.0,4.3,980.0,1.57,46.0,1.56,1000.0,7.2,980.0,4.2,980.0,2.2,980.0,1.53,1000.0,4.9,12.0,4.7,980.0,1.79,980.0,1.53,1000,3.3,17.5,2.84,21.0,1.53,55,7.8,1000,1.59,14.0,1.56,1000.0,7.8,1000,0,0,0,0,[],[]
ENGLAND 4,45370,Bradford City,Notts Co,1.95,1.96,4.2,4.3,3.95,4.1,0,0,0.0,0,0,0,0,0,1.69,1.7,2.42,2.46,0,0,0,0,0,0,0,0,1.66,1.72,2.38,2.52,0,0,0,0,0,0,0,0,0,0,0,0,0,0,0,0,0,0,18.5,20.0,18.5,21.0,29.0,34.0,14.5,85.0,11.0,15.5,8.4,9.2,15.5,16.5,38.0,46.0,12.0,13.0,10.0,10.5,14.5,16.5,40.0,48,20.0,23.0,15.0,17.5,24.0,28,46.0,70,9.2,10.5,30.0,970.0,15.0,850,0,1,0,3,[],[12 57 90]
VENEZUELA 1,45370,Estudiantes Merida,Universidad Central,2.78,3.2,2.52,2.94,3.1,3.55,0,0,0.0,0,0,0,0,0,2.2,2.56,1.64,1.84,0,0,0,0,0,0,0,0,1.87,2.16,1.86,2.16,0,0,0,0,0,0,0,0,0,0,0,0,0,0,0,0,0,0,3.85,12.0,7.0,12.0,4.9,21.0,4.8,55.0,3.8,11.5,3.35,14.0,4.2,15.0,3.9,42.0,4.5,19.5,4.1,15.5,4.7,25.0,5.2,65,3.95,50.0,4.6,42.0,4.8,65,5.7,1000,3.95,50.0,3.9,42.0,5.7,1000,0,0,0,1,[],[64]
SCOTLAND 3,45370,Kelty Hearts,Alloa,3.85,4.1,1.96,1.99,4.1,4.2,0,0,0.0,0,0,0,0,0,1.7,1.78,2.28,2.44,0,0,0,0,0,0,0,0,1.66,1.73,2.36,2.5,0,0,0,0,0,0,0,0,0,0,0,0,0,0,0,0,0,0,16.5,19.5,10.5,14.0,12.0,14.0,20.0,24.0,9.8,19.0,7.4,9.8,10.0,10.5,16.0,19.0,27.0,32.0,14.5,980.0,15.0,980.0,12.0,990,12.0,85.0,13.5,44.0,14.0,48,34.0,80,10.5,36.0,7.2,11.5,12.5,850,0,0,2,1,[73 81],[56]
ENGLAND 5,45370,Barnet,Eastleigh,1.38,1.39,8.0,10.5,5.8,6.4,0,0,0.0,0,0,0,0,0,1.48,1.54,2.88,3.1,0,0,0,0,0,0,0,0,1.78,1.87,2.14,2.28,0,0,0,0,0,0,0,0,0,0,0,0,0,0,0,0,0,0,22.0,30.0,17.5,40.0,5.5,90.0,8.4,1000.0,7.8,100.0,12.0,13.5,29.0,34.0,5.5,120.0,7.0,10.5,9.6,10.5,19.0,23.0,5.5,100,11.0,16.5,10.0,13.0,21.0,27,40.0,140,4.1,4.4,17.5,95.0,15.0,1000,2,1,2,1,[18 38],[42]
ITALY 3,45370,L.R. Vicenza,Fiorenzuola,1.28,1.31,13.0,18.0,5.7,6.6,0,0,0.0,0,0,0,0,0,1.8,1.89,2.12,2.24,0,0,0,0,0,0,0,0,2.46,2.6,1.62,1.68,0,0,0,0,0,0,0,0,0,0,0,0,0,0,0,0,0,0,7.2,19.0,9.0,44.0,4.7,160.0,4.8,1000.0,6.2,7.8,6.6,15.0,4.5,65.0,4.8,1000.0,6.2,7.2,5.8,11.5,4.4,50.0,16.5,1000,8.2,9.4,6.6,17.5,4.6,60,11.0,1000,3.8,5.6,15.0,1000.0,11.5,1000,0,0,1,1,[47],[90]
ECUADOR 1,45370,Cumbaya,Mushuc Runa,3.3,3.4,2.36,2.44,3.4,3.6,0,0,0.0,0,0,0,0,0,2.08,2.22,1.83,1.91,0,0,0,0,0,0,0,0,1.85,1.96,2.04,2.18,0,0,0,0,0,0,0,0,0,0,0,0,0,0,0,0,0,0,3.65,14.0,3.75,12.0,4.1,18.0,5.0,42.0,4.0,14.0,3.25,14.0,3.95,15.0,5.0,34.0,16.0,27.0,4.1,17.5,4.3,23.0,4.9,55,4.9,75.0,4.8,48.0,4.9,65,5.3,140,4.7,48.0,4.4,26.0,5.3,1000,0,0,2,1,[67 90],[90]
JAPAN 2,45371,Tokushima,Renofa Yamaguchi,2.68,2.78,2.9,3.05,3.3,3.4,0,0,0.0,0,0,0,0,0,2.16,2.42,1.7,1.85,0,0,0,0,0,0,0,0,1.94,2.08,1.93,2.06,0,0,0,0,0,0,0,0,0,0,0,0,0,0,0,0,0,0,9.4,10.5,8.8,10.5,16.5,19.0,34.0,90.0,8.4,9.4,6.6,7.6,12.0,13.5,30.0,42.0,14.5,17.0,11.0,13.0,18.0,21.0,40.0,110,29.0,42.0,25.0,38.0,40.0,60,11.5,980,9.4,36.0,9.8,44.0,12.5,1000,0,0,1,2,[81],[51 56]
ECUADOR 1,45371,Dep. Cuenca,Macara,2.14,2.36,3.6,4.5,3.1,3.5,0,0,0.0,0,0,0,0,0,2.14,2.42,1.7,1.87,0,0,0,0,0,0,0,0,1.92,2.08,1.92,2.1,0,0,0,0,0,0,0,0,0,0,0,0,0,0,0,0,0,0,3.9,11.5,4.3,15.0,4.8,32.0,5.4,95.0,3.55,8.8,3.5,8.0,4.5,20.0,5.3,65.0,4.3,15.5,4.1,13.5,4.6,25.0,5.3,80,5.3,34.0,4.8,32.0,5.2,55,5.5,170,4.7,26.0,5.3,75.0,5.7,1000,0,0,1,1,[51],[60]
JAPAN 2,45371,Okayama,Mito,1.76,1.79,5.5,5.7,3.75,3.9,0,0,0.0,0,0,0,0,0,2.16,2.28,1.78,1.87,0,0,0,0,0,0,0,0,2.08,2.18,1.84,1.92,0,0,0,0,0,0,0,0,0,0,0,0,0,0,0,0,0,0,10.0,12.5,14.5,16.5,27.0,50.0,7.8,980.0,6.8,7.6,7.6,8.6,19.5,27.0,7.6,980.0,8.6,10.0,9.4,11.0,20.0,24.0,7.6,980,16.5,23.0,18.5,25.0,30.0,55,7.8,980,5.4,16.5,7.6,980.0,8.0,1000,1,0,1,0,[40],[]
ITALY 4,45371,Ciserano-Bergamo,Caravaggio,1.8,980.0,1.44,990.0,1.71,3.5,0,0,0.0,0,0,0,0,0,1.1,4.6,1.27,21.0,0,0,0,0,0,0,0,0,1.1,1000.0,1.1,1000.0,0,0,0,0,0,0,0,0,0,0,0,0,0,0,0,0,0,0,1.49,1000.0,1.01,1000.0,1.01,1000.0,1.01,1000.0,1.01,1000.0,1.01,1000.0,1.01,1000.0,1.01,1000.0,1.01,1000.0,1.01,1000.0,1.01,1000.0,1.01,1000,1.01,1000.0,1.01,1000.0,1.01,1000,1.01,1000,1.55,1000.0,1.55,1000.0,1.01,1000,0,0,1,0,[48],[]
VENEZUELA 1,45371,Rayo Zuliano,Inter de Barinas,2.36,2.64,3.15,3.85,3.0,3.75,0,0,0.0,0,0,0,0,0,2.26,2.46,1.69,1.8,0,0,0,0,0,0,0,0,1.96,2.08,1.93,2.06,0,0,0,0,0,0,0,0,0,0,0,0,0,0,0,0,0,0,4.2,980.0,4.3,980.0,5.3,980.0,6.0,980.0,3.95,980.0,3.65,980.0,4.7,980.0,5.9,980.0,4.7,980.0,4.4,980.0,5.2,980.0,6.0,980,5.7,980.0,5.6,980.0,6.0,980,6.4,1000,5.4,980.0,4.8,980.0,6.6,1000,0,0,0,1,[],[53]
JAPAN 2,45371,Oita Trinita,Kagoshima Utd,2.22,2.3,3.6,3.8,3.4,3.55,0,0,0.0,0,0,0,0,0,2.1,2.32,1.76,1.91,0,0,0,0,0,0,0,0,1.86,2.0,2.0,2.16,0,0,0,0,0,0,0,0,0,0,0,0,0,0,0,0,0,0,9.4,13.0,10.0,15.0,20.0,32.0,5.6,980.0,8.0,9.6,6.8,8.2,11.5,19.0,30.0,60.0,11.0,16.0,9.4,14.0,16.0,24.0,5.6,75,23.0,34.0,21.0,32.0,34.0,55,5.4,980,4.4,24.0,4.9,65.0,5.3,1000,3,0,3,0,[ 7 10 35],[]
BOLIVIA 1,45371,Aurora,Royal Pari,1.5,1.53,2.9,1000.0,2.9,320.0,0,0,0.0,0,0,0,0,0,1.5,2.12,1.89,3.0,0,0,0,0,0,0,0,0,1.12,11.0,1.1,10.5,0,0,0,0,0,0,0,0,0,0,0,0,0,0,0,0,0,0,9.8,34.0,16.5,55.0,4.2,140.0,4.2,850.0,5.2,16.0,7.4,16.5,18.5,60.0,4.2,370.0,5.1,14.0,8.0,13.0,14.5,50.0,4.2,340,7.6,18.5,10.0,21.0,18.5,70,2.32,410,3.35,12.0,4.2,680.0,2.34,1000,2,1,4,1,[ 7 21 49 76],[40]
JAPAN 2,45371,Vegalta Sendai,Kumamoto,2.18,2.32,3.55,3.9,3.4,3.6,0,0,0.0,0,0,0,0,0,2.16,2.32,1.75,1.87,0,0,0,0,0,0,0,0,1.89,2.02,1.98,2.12,0,0,0,0,0,0,0,0,0,0,0,0,0,0,0,0,0,0,10.5,12.0,11.0,13.0,22.0,25.0,46.0,980.0,8.2,9.2,7.0,7.8,14.0,15.5,34.0,55.0,12.0,13.5,10.0,11.5,17.5,20.0,48.0,70,25.0,29.0,22.0,30.0,29.0,46,14.0,130,18.0,21.0,38.0,75.0,15.0,1000,0,0,0,0,[],[]
VENEZUELA 1,45371,Caracas,Angostura,1.68,1.82,5.0,7.6,3.25,5.3,0,0,0.0,0,0,0,0,0,2.0,3.95,1.34,2.0,0,0,0,0,0,0,0,0,1.92,11.0,1.11,2.08,0,0,0,0,0,0,0,0,0,0,0,0,0,0,0,0,0,0,1.49,1000.0,1.01,1000.0,1.01,1000.0,1.01,1000.0,1.01,1000.0,1.01,1000.0,1.01,1000.0,1.01,1000.0,1.01,1000.0,1.01,1000.0,1.01,1000.0,1.01,1000,1.01,1000.0,1.01,1000.0,7.6,1000,1.01,1000,1.55,1000.0,1.55,1000.0,1.01,1000,0,0,0,1,[],[58]
JAPAN 2,45371,Chiba,Shimizu S-Pulse,2.78,2.88,2.68,2.76,3.5,3.6,0,0,0.0,0,0,0,0,0,1.92,2.0,2.0,2.1,0,0,0,0,0,0,0,0,1.73,1.79,2.26,2.36,0,0,0,0,0,0,0,0,0,0,0,0,0,0,0,0,0,0,12.5,14.5,10.5,12.0,16.0,18.5,29.0,44.0,10.5,12.5,7.2,8.2,11.0,12.5,22.0,32.0,16.5,19.5,11.0,13.0,15.0,17.0,29.0,44,28.0,48.0,24.0,34.0,32.0,46,11.0,980,8.2,24.0,10.5,23.0,12.0,980,1,1,1,3,[45],[44 80 90]
JAPAN 2,45371,Blaublitz,Tochigi SC,2.12,2.26,4.5,5.1,2.9,3.1,0,0,0.0,0,0,0,0,0,3.0,3.3,1.43,1.5,0,0,0,0,0,0,0,0,2.42,2.54,1.64,1.7,0,0,0,0,0,0,0,0,0,0,0,0,0,0,0,0,0,0,6.2,7.0,9.4,11.5,22.0,34.0,9.4,980.0,5.7,6.4,6.4,7.6,17.5,23.0,9.2,980.0,9.6,12.0,10.0,14.0,20.0,32.0,9.4,980,21.0,32.0,28.0,38.0,9.0,980,9.8,980,7.8,38.0,9.6,980.0,10.0,1000,0,0,3,0,[49 62 71],[]
JAPAN 2,45371,Kofu,Iwaki,1.96,2.08,4.0,4.2,3.6,3.95,0,0,0.0,0,0,0,0,0,1.92,2.14,1.89,2.08,0,0,0,0,0,0,0,0,1.8,1.91,2.1,2.26,0,0,0,0,0,0,0,0,0,0,0,0,0,0,0,0,0,0,12.0,15.0,13.0,16.5,23.0,32.0,6.4,980.0,8.8,10.0,7.6,9.2,14.5,18.0,32.0,60.0,11.0,13.5,9.2,12.0,15.5,23.0,5.9,70,19.0,30.0,18.0,25.0,28.0,48,6.2,980,4.6,16.5,5.8,60.0,6.4,1000,1,1,1,1,[13],[25]
ENGLAND 5,45371,Wealdstone,Bromley,2.58,3.8,2.12,3.05,3.2,4.2,0,0,0.0,0,0,0,0,0,1.73,2.12,1.89,2.36,0,0,0,0,0,0,0,0,1.02,1000.0,1.01,1000.0,0,0,0,0,0,0,0,0,0,0,0,0,0,0,0,0,0,0,1.46,1000.0,1.01,1000.0,1.01,1000.0,1.01,1000.0,1.01,1000.0,1.01,1000.0,1.01,1000.0,1.01,1000.0,1.01,1000.0,1.01,1000.0,1.01,1000.0,1.01,1000,1.01,1000.0,1.01,1000.0,1.01,1000,1.01,1000,1.01,1000.0,1.01,1000.0,1.01,1000,0,0,0,0,[],[]
ENGLAND 5,45371,FC Halifax,Chesterfield,3.75,3.95,2.08,2.12,3.75,3.8,0,0,0.0,0,0,0,0,0,1.81,1.97,2.04,2.22,0,0,0,0,0,0,0,0,1.7,1.84,2.18,2.44,0,0,0,0,0,0,0,0,0,0,0,0,0,0,0,0,0,0,14.0,980.0,9.4,980.0,11.0,980.0,22.0,26.0,9.0,980.0,7.8,9.2,10.0,980.0,7.6,980.0,23.0,980.0,14.0,15.5,10.0,19.5,9.2,980,10.0,980.0,9.6,46.0,9.8,55,3.5,110,10.5,44.0,6.6,15.0,5.2,1000,3,1,4,2,[33 40 45 66],[32 79]
JAPAN 2,45371,Ehime,V-Varen Nagasaki,3.25,3.45,2.24,2.4,3.5,3.8,0,0,0.0,0,0,0,0,0,1.86,2.08,1.93,2.16,0,0,0,0,0,0,0,0,1.74,1.85,2.18,2.34,0,0,0,0,0,0,0,0,0,0,0,0,0,0,0,0,0,0,11.5,17.5,9.2,12.0,13.0,18.0,4.8,36.0,11.0,17.0,7.2,8.6,9.6,13.5,19.5,29.0,19.0,29.0,11.5,17.5,14.0,22.0,5.0,46,4.7,70.0,5.0,46.0,4.9,60,4.8,980,4.4,40.0,4.0,21.0,5.0,980,0,1,1,2,[75],[27 71]
JAPAN 2,45371,Montedio Yamagata,Fujieda MYFC,1.69,1.75,5.2,5.6,4.1,4.3,0,0,0.0,0,0,0,0,0,1.79,1.95,2.06,2.26,0,0,0,0,0,0,0,0,1.83,1.88,2.14,2.2,0,0,0,0,0,0,0,0,0,0,0,0,0,0,0,0,0,0,14.5,17.0,16.0,21.0,29.0,44.0,7.6,980.0,8.4,10.5,8.0,10.0,17.0,22.0,8.0,980.0,9.4,12.0,8.4,11.0,16.5,22.0,7.2,980,15.5,19.0,14.5,19.0,25.0,36,7.6,980,4.6,10.5,7.2,980.0,8.0,1000,0,0,0,1,[],[67]
IRELAND 2,45373,Cobh Ramblers,UC Dublin,2.54,2.82,2.78,3.1,3.3,3.6,0,0,0.0,0,0,0,0,0,1.99,2.24,1.81,2.02,0,0,0,0,0,0,0,0,1.8,1.94,2.06,2.24,0,0,0,0,0,0,0,0,0,0,0,0,0,0,0,0,0,0,9.4,980.0,4.5,980.0,14.5,24.0,6.2,60.0,4.3,980.0,3.85,980.0,4.6,980.0,6.0,42.0,12.0,20.0,4.6,980.0,5.1,980.0,6.2,60,6.0,46.0,6.0,38.0,6.2,55,6.2,130,5.1,32.0,5.3,38.0,4.8,1000,0,0,1,2,[64],[90 90]
FRANCE 3,45373,Epinal,Dijon,3.35,3.8,2.18,2.4,3.35,3.8,0,0,0.0,0,0,0,0,0,2.0,2.18,1.85,2.0,0,0,0,0,0,0,0,0,1.8,1.95,2.04,2.24,0,0,0,0,0,0,0,0,0,0,0,0,0,0,0,0,0,0,10.0,980.0,4.5,980.0,5.4,15.5,6.2,32.0,10.5,980.0,6.8,980.0,4.7,980.0,6.0,27.0,6.0,27.0,5.6,980.0,5.6,980.0,6.6,46,7.0,75.0,6.6,48.0,6.8,60,7.2,120,6.6,48.0,5.6,21.0,7.6,1000,0,0,1,1,[84],[81]
IRELAND 2,45373,Bray,Wexford,2.4,2.66,2.94,3.3,3.35,3.65,0,0,0.0,0,0,0,0,0,1.95,2.14,1.88,2.06,0,0,0,0,0,0,0,0,1.76,1.9,2.1,2.32,0,0,0,0,0,0,0,0,0,0,0,0,0,0,0,0,0,0,10.5,14.5,9.8,13.5,5.3,23.0,6.0,55.0,9.0,12.0,6.6,8.8,4.9,15.0,5.8,38.0,5.2,18.0,4.7,13.5,5.2,20.0,6.0,55,5.8,38.0,5.6,30.0,6.0,46,6.4,110,5.3,23.0,5.7,36.0,6.8,1000,2,3,3,4,[ 9 22 48],[11 19 28 85]
IRELAND 2,45373,Athlone,Longford,2.42,2.78,2.7,3.2,3.3,3.9,0,0,0.0,0,0,0,0,0,1.75,1.9,1.77,2.34,0,0,0,0,0,0,0,0,1.64,1.77,1.93,2.58,0,0,0,0,0,0,0,0,0,0,0,0,0,0,0,0,0,0,1.41,980.0,2.34,980.0,1.2,23.0,2.88,1000.0,2.32,980.0,1.44,980.0,1.2,980.0,6.4,1000.0,2.94,19.0,1.2,980.0,1.2,980.0,1.2,1000,1.2,1000.0,6.2,1000.0,6.6,1000,7.4,1000,1.13,19.5,1.15,24.0,7.8,1000,0,3,3,3,[60 69 75],[ 4 34 45]
IRELAND 2,45373,Finn Harps,Kerry,1.67,1.8,4.7,6.2,3.65,4.6,0,0,0.0,0,0,0,0,0,1.83,2.1,1.91,2.2,0,0,0,0,0,0,0,0,1.78,2.04,1.96,2.28,0,0,0,0,0,0,0,0,0,0,0,0,0,0,0,0,0,0,5.3,17.0,5.3,21.0,6.0,46.0,6.6,1000.0,7.4,9.8,7.6,10.0,5.4,23.0,6.4,75.0,8.6,11.5,8.2,11.0,5.4,23.0,6.4,80,5.3,20.0,5.2,20.0,6.0,40,6.6,130,4.3,11.5,6.4,85.0,7.0,1000,0,0,0,0,[],[]
IRELAND 2,45373,Treaty United,Cork City,4.3,5.2,1.81,1.97,3.75,4.5,0,0,0.0,0,0,0,0,0,1.91,2.1,1.92,2.1,0,0,0,0,0,0,0,0,1.75,2.04,1.97,2.32,0,0,0,0,0,0,0,0,0,0,0,0,0,0,0,0,0,0,4.0,980.0,7.6,10.5,9.2,13.5,4.3,24.0,4.2,980.0,7.4,9.8,8.4,11.5,4.2,23.0,4.6,46.0,4.2,980.0,4.3,980.0,4.6,44,4.9,140.0,4.8,75.0,4.8,85,4.9,140,4.8,80.0,3.75,14.5,5.1,1000,0,0,0,0,[],[]
FRANCE 3,45373,GOAL FC,Villefranche,1.99,2.24,3.8,4.6,3.05,3.55,0,0,0.0,0,0,0,0,0,2.32,2.7,1.59,1.76,0,0,0,0,0,0,0,0,1.98,2.34,1.75,2.02,0,0,0,0,0,0,0,0,0,0,0,0,0,0,0,0,0,0,7.8,11.5,9.2,15.0,4.2,36.0,4.2,120.0,6.2,9.2,6.2,9.2,13.5,22.0,4.2,80.0,8.6,14.5,8.4,14.0,17.0,29.0,4.2,110,4.2,32.0,4.2,34.0,4.1,65,4.3,210,3.8,28.0,4.2,110.0,4.4,1000,0,0,1,0,[61],[]
FRANCE 3,45373,Martigues,Avranches,1.4,1.48,7.2,12.0,4.8,5.6,0,0,0.0,0,0,0,0,0,1.75,1.93,2.06,2.34,0,0,0,0,0,0,0,0,2.04,2.24,1.81,1.96,0,0,0,0,0,0,0,0,0,0,0,0,0,0,0,0,0,0,3.7,22.0,3.9,34.0,4.2,95.0,4.3,1000.0,3.15,10.5,3.5,14.5,4.0,42.0,4.3,170.0,3.3,9.8,3.3,13.0,3.9,36.0,4.3,160,3.4,14.5,3.6,18.5,4.1,48,4.3,210,2.86,8.0,4.3,230.0,4.4,1000,1,0,2,0,[28 90],[]
FRANCE 3,45373,Nimes,Marignane GCB,1.87,2.04,4.5,5.9,3.05,3.85,0,0,0.0,0,0,0,0,0,2.36,2.82,1.55,1.73,0,0,0,0,0,0,0,0,2.06,2.44,1.7,1.94,0,0,0,0,0,0,0,0,0,0,0,0,0,0,0,0,0,0,7.8,10.5,11.0,980.0,6.0,40.0,6.8,1000.0,5.7,7.2,6.6,8.6,5.6,980.0,6.8,95.0,8.4,11.5,9.0,980.0,5.8,980.0,6.8,120,5.6,25.0,5.8,28.0,6.4,60,7.0,1000,5.5,23.0,6.8,150.0,7.2,1000,0,0,1,1,[90],[65]
FRANCE 3,45373,Sochaux,Chateauroux,2.16,2.38,3.5,3.95,3.05,3.55,0,0,0.0,0,0,0,0,0,2.1,2.44,1.7,1.9,0,0,0,0,0,0,0,0,1.86,2.16,1.86,2.16,0,0,0,0,0,0,0,0,0,0,0,0,0,0,0,0,0,0,4.7,980.0,4.9,980.0,5.7,28.0,6.6,80.0,7.0,9.4,6.4,8.4,5.1,980.0,6.4,55.0,10.5,14.5,9.4,980.0,5.5,980.0,6.4,70,5.9,32.0,5.7,29.0,6.4,55,6.8,1000,5.5,24.0,6.4,60.0,7.2,1000,0,1,0,2,[],[32 82]
FRANCE 3,45373,Rouen,Le Mans,2.12,2.4,3.5,4.3,3.25,3.45,0,0,0.0,0,0,0,0,0,2.38,2.8,1.55,1.73,0,0,0,0,0,0,0,0,2.04,2.34,1.74,1.97,0,0,0,0,0,0,0,0,0,0,0,0,0,0,0,0,0,0,7.6,10.5,9.2,980.0,5.5,29.0,6.2,95.0,6.4,8.4,6.2,8.4,5.8,980.0,6.0,65.0,10.0,14.0,9.6,980.0,5.3,980.0,6.2,90,5.6,34.0,5.6,32.0,6.0,65,6.4,1000,5.5,29.0,6.2,85.0,6.8,1000,0,0,0,1,[],[84]
FRANCE 3,45373,Red Star,Nancy,1.61,1.81,5.6,7.8,3.65,4.5,0,0,0.0,0,0,0,0,0,2.0,2.3,1.77,1.99,0,0,0,0,0,0,0,0,1.95,2.24,1.8,2.06,0,0,0,0,0,0,0,0,0,0,0,0,0,0,0,0,0,0,10.0,15.5,13.5,23.0,4.5,65.0,4.7,1000.0,6.2,7.8,6.6,10.5,4.2,29.0,4.7,120.0,7.6,11.5,7.4,12.0,4.9,30.0,4.7,130,12.0,21.0,13.5,23.0,4.4,55,4.7,210,3.65,14.5,4.7,170.0,4.8,1000,0,0,1,1,[61],[68]
CHILE 1,45373,Union La Calera,U. Catolica,2.2,2.48,3.15,3.5,3.4,4.4,0,0,0.0,0,0,0,0,0,1.9,2.24,1.8,2.1,0,0,0,0,0,0,0,0,1.44,2.5,1.67,11.0,0,0,0,0,0,0,0,0,0,0,0,0,0,0,0,0,0,0,10.5,980.0,10.5,980.0,5.8,1000.0,1.39,1000.0,8.4,980.0,6.6,980.0,11.5,980.0,2.1,1000.0,12.0,980.0,9.4,980.0,8.6,980.0,2.1,1000,7.6,1000.0,6.2,1000.0,6.4,1000,1.39,1000,1.31,980.0,1.35,980.0,1.39,1000,0,0,0,0,[],[]
FRANCE 3,45373,Orleans,Cholet,1.54,1.71,6.4,8.6,3.8,4.7,0,0,0.0,0,0,0,0,0,2.06,2.38,1.73,1.93,0,0,0,0,0,0,0,0,2.08,2.46,1.69,1.93,0,0,0,0,0,0,0,0,0,0,0,0,0,0,0,0,0,0,9.8,980.0,5.2,980.0,6.0,65.0,6.6,1000.0,5.8,7.6,7.8,10.5,5.6,980.0,6.4,140.0,6.8,9.2,8.4,11.5,5.6,980.0,6.4,1000,5.2,16.5,5.1,21.0,6.0,55,6.6,1000,4.4,12.5,6.6,1000.0,6.8,1000,0,1,1,2,[51],[35 58]
COLOMBIA 1,45373,Patriotas,Junior,3.6,4.0,2.34,2.52,2.84,3.2,0,0,0.0,0,0,0,0,0,2.54,3.2,1.45,1.65,0,0,0,0,0,0,0,0,1.75,2.28,1.78,2.32,0,0,0,0,0,0,0,0,0,0,0,0,0,0,0,0,0,0,6.8,980.0,6.4,7.8,8.0,15.0,4.9,38.0,4.2,11.0,5.9,7.8,10.0,980.0,4.9,38.0,20.0,27.0,13.5,18.5,19.0,980.0,5.2,70,5.2,90.0,5.2,70.0,5.3,95,5.4,210,5.2,90.0,4.8,36.0,5.6,1000,1,0,1,0,[35],[]
ITALY 3,45373,Sestri Levante,Gubbio,3.2,3.9,2.36,2.94,2.92,3.5,0,0,0.0,0,0,0,0,0,2.38,2.88,1.53,1.68,0,0,0,0,0,0,0,0,1.98,2.34,1.75,2.02,0,0,0,0,0,0,0,0,0,0,0,0,0,0,0,0,0,0,3.15,11.0,3.05,9.8,3.5,17.5,3.95,44.0,3.4,12.5,3.0,8.8,3.45,15.0,3.95,42.0,3.8,28.0,3.6,19.5,3.8,28.0,4.1,75,4.1,1000.0,4.1,65.0,4.2,1000,4.3,1000,4.1,1000.0,3.95,40.0,4.3,1000,1,1,3,1,[18 50 74],[30]
SPAIN 4,45374,Real Sociedad C,Utebo FC,3.1,3.6,2.56,2.84,2.88,3.1,0,0,0.0,0,0,0,0,0,2.5,2.82,1.55,1.66,0,0,0,0,0,0,0,0,1.99,2.36,1.74,2.02,0,0,0,0,0,0,0,0,0,0,0,0,0,0,0,0,0,0,6.4,980.0,6.8,980.0,4.4,980.0,5.0,980.0,7.4,980.0,6.2,7.8,4.2,980.0,5.0,980.0,15.0,980.0,11.0,980.0,4.7,980.0,5.3,980,5.2,980.0,5.1,980.0,5.4,980,12.0,1000,5.2,980.0,5.0,980.0,5.6,1000,0,0,0,0,[],[]
SPAIN 4,45374,Arenas Club,Barbastro,1.94,2.88,3.75,7.2,2.52,3.15,0,0,0.0,0,0,0,0,0,1.14,6.0,1.27,8.2,0,0,0,0,0,0,0,0,1.1,980.0,1.1,980.0,0,0,0,0,0,0,0,0,0,0,0,0,0,0,0,0,0,0,1.49,6.8,1.17,1000.0,1.17,1000.0,1.17,1000.0,1.17,1000.0,1.17,1000.0,1.17,1000.0,1.17,1000.0,1.17,1000.0,1.17,1000.0,1.17,1000.0,1.17,1000,1.17,1000.0,1.17,1000.0,1.17,1000,1.17,1000,1.55,1000.0,1.55,1000.0,1.17,1000,0,0,0,0,[],[]
NORTHERN IRELAND 1,45374,Coleraine,Dungannon,1.95,2.1,3.45,3.9,3.95,4.5,0,0,0.0,0,0,0,0,0,1.59,1.72,2.38,2.68,0,0,0,0,0,0,0,0,1.59,1.69,2.44,2.7,0,0,0,0,0,0,0,0,0,0,0,0,0,0,0,0,0,0,16.0,980.0,4.3,980.0,21.0,36.0,5.1,80.0,4.1,16.0,3.6,980.0,4.1,980.0,4.9,46.0,4.2,18.0,3.9,13.5,4.3,21.0,4.9,50,4.6,30.0,4.4,23.0,4.7,34,5.1,85,3.6,10.5,4.7,34.0,5.4,1000,1,0,1,1,[45],[76]
NORTHERN IRELAND 1,45374,Glenavon,Loughgall,1.79,1.97,3.95,5.1,3.7,4.9,0,0,0.0,0,0,0,0,0,1.64,1.84,2.2,2.56,0,0,0,0,0,0,0,0,1.63,1.87,2.16,2.58,0,0,0,0,0,0,0,0,0,0,0,0,0,0,0,0,0,0,1.29,980.0,1.36,980.0,1.18,40.0,1.1,1000.0,2.04,980.0,3.8,980.0,4.9,980.0,1.1,1000.0,2.08,14.0,2.22,980.0,1.44,980.0,1.1,1000,1.3,23.0,1.45,19.5,1.22,34,1.16,1000,1.55,11.0,1.55,1000.0,1.16,1000,0,2,1,2,[60],[28 40]
NORTHERN IRELAND 1,45374,Glentoran,Ballymena,1.25,1.26,12.5,16.0,7.0,8.2,0,0,0.0,0,0,0,0,0,1.48,1.58,2.72,3.1,0,0,0,0,0,0,0,0,1.99,2.2,1.84,2.02,0,0,0,0,0,0,0,0,0,0,0,0,0,0,0,0,0,0,7.6,980.0,4.2,980.0,4.2,140.0,4.2,1000.0,5.2,980.0,6.2,980.0,4.2,980.0,4.2,1000.0,4.6,9.0,5.2,980.0,7.6,980.0,4.2,1000,5.0,10.5,5.9,15.0,7.6,38,3.45,1000,2.88,4.1,4.2,1000.0,1.89,1000,1,0,4,0,[21 60 63 66],[]
SPAIN 4,45374,AD San Juan,Izarra,2.58,5.8,2.36,4.8,2.48,3.15,0,0,0.0,0,0,0,0,0,1.11,4.6,1.27,10.5,0,0,0,0,0,0,0,0,1.1,980.0,1.1,980.0,0,0,0,0,0,0,0,0,0,0,0,0,0,0,0,0,0,0,1.49,1000.0,1.01,1000.0,1.01,1000.0,3.25,1000.0,1.01,1000.0,1.01,1000.0,1.01,1000.0,1.01,1000.0,1.01,1000.0,3.75,1000.0,1.01,1000.0,1.01,1000,1.01,1000.0,1.01,1000.0,1.01,1000,1.01,1000,1.55,1000.0,1.55,1000.0,1.01,1000,3,0,4,0,[19 33 45 64],[]
SPAIN 3,45374,Sabadell,Arenteiro,2.18,2.22,4.2,4.7,3.0,3.2,0,0,0.0,0,0,0,0,0,2.78,3.0,1.51,1.56,0,0,0,0,0,0,0,0,2.1,2.52,1.69,1.9,0,0,0,0,0,0,0,0,0,0,0,0,0,0,0,0,0,0,6.6,980.0,1.83,980.0,2.02,980.0,2.1,1000.0,5.8,980.0,5.9,980.0,1.96,980.0,2.1,1000.0,1.88,980.0,9.6,980.0,2.0,980.0,2.1,1000,2.04,980.0,5.2,980.0,2.08,1000,2.12,1000,2.02,980.0,1.81,1000.0,2.14,1000,0,1,0,1,[],[29]
NORTHERN IRELAND 1,45374,Newry City,Crusaders,8.8,11.5,1.34,1.4,5.4,6.4,0,0,0.0,0,0,0,0,0,1.58,1.73,2.38,2.72,0,0,0,0,0,0,0,0,1.88,2.12,1.9,2.14,0,0,0,0,0,0,0,0,0,0,0,0,0,0,0,0,0,0,5.5,26.0,4.2,11.0,4.0,9.6,9.2,12.5,6.0,40.0,4.7,14.5,4.3,11.5,4.8,15.5,6.4,100.0,6.0,40.0,5.7,32.0,5.9,38,6.8,1000.0,6.6,160.0,6.6,130,6.6,160,6.8,190.0,3.1,5.6,7.0,1000,0,0,0,1,[],[78]
VENEZUELA 1,45374,Carabobo,Estudiantes Merida,1.61,1.72,5.9,7.2,3.8,4.4,0,0,0.0,0,0,0,0,0,2.12,2.26,1.79,1.9,0,0,0,0,0,0,0,0,2.1,2.24,1.81,1.91,0,0,0,0,0,0,0,0,0,0,0,0,0,0,0,0,0,0,9.4,980.0,5.6,980.0,5.4,980.0,3.4,1000.0,6.2,980.0,7.4,980.0,6.0,980.0,7.2,980.0,7.6,980.0,5.0,980.0,6.0,980.0,7.2,980,5.4,980.0,5.6,980.0,6.6,980,7.4,1000,4.7,980.0,3.35,1000.0,6.0,1000,0,0,1,0,[83],[]
VENEZUELA 1,45374,Metropolitanos,Rayo Zuliano,1.62,1.75,5.2,6.6,3.8,4.9,0,0,0.0,0,0,0,0,0,1.86,1.99,2.0,2.18,0,0,0,0,0,0,0,0,1.8,2.06,1.95,2.26,0,0,0,0,0,0,0,0,0,0,0,0,0,0,0,0,0,0,6.2,980.0,5.4,980.0,6.0,980.0,6.6,1000.0,7.6,10.5,4.3,11.0,5.5,980.0,6.4,980.0,4.2,980.0,5.0,980.0,5.4,980.0,6.4,980,5.0,980.0,5.1,980.0,5.9,980,6.6,980,4.1,55.0,6.4,980.0,7.0,1000,0,0,1,0,[90],[]
SPAIN 3,45374,Celta Vigo B,Fuenlabrada,1.63,480.0,1.34,1000.0,2.98,330.0,0,0,0.0,0,0,0,0,0,2.0,3.95,1.37,2.0,0,0,0,0,0,0,0,0,1.64,3.1,1.47,2.54,0,0,0,0,0,0,0,0,0,0,0,0,0,0,0,0,0,0,1.49,1000.0,1.01,1000.0,1.01,1000.0,1.01,1000.0,1.01,1000.0,1.01,1000.0,1.01,1000.0,1.01,1000.0,1.01,1000.0,1.01,1000.0,1.01,1000.0,1.01,1000,1.01,1000.0,1.01,1000.0,1.01,1000,1.01,1000,1.55,1000.0,1.55,1000.0,1.01,1000,2,1,4,1,[ 4 32 65 90],[41]
SCOTLAND 2,45374,Morton,Dunfermline,2.3,2.46,3.25,3.55,3.35,3.55,0,0,0.0,0,0,0,0,0,2.16,2.4,1.71,1.86,0,0,0,0,0,0,0,0,1.92,2.08,1.93,2.1,0,0,0,0,0,0,0,0,0,0,0,0,0,0,0,0,0,0,9.2,12.5,9.2,12.5,5.3,25.0,6.2,75.0,7.4,10.0,6.4,8.6,12.0,16.0,6.0,50.0,11.0,15.5,9.6,13.0,17.0,23.0,6.2,70,5.6,34.0,5.6,32.0,6.0,55,6.4,150,5.4,26.0,6.0,55.0,6.8,1000,0,0,0,1,[],[55]
SCOTLAND 2,45374,Dundee Utd,Inverness,1.45,1.5,7.6,9.6,4.5,5.0,0,0,0.0,0,0,0,0,0,1.9,2.18,1.85,2.12,0,0,0,0,0,0,0,0,2.12,2.46,1.68,1.89,0,0,0,0,0,0,0,0,0,0,0,0,0,0,0,0,0,0,12.0,980.0,5.4,980.0,6.2,80.0,6.6,1000.0,6.0,8.0,9.0,12.0,5.8,980.0,6.6,170.0,6.4,8.6,8.6,11.5,19.0,980.0,6.4,160,10.0,14.0,5.0,19.0,6.0,50,6.6,1000,3.9,9.2,6.6,1000.0,6.8,1000,0,1,1,1,[55],[12]
SCOTLAND 2,45374,Ayr,Queen's Park,2.38,2.44,3.1,3.25,3.5,3.75,0,0,0.0,0,0,0,0,0,1.73,1.92,2.08,2.38,0,0,0,0,0,0,0,0,1.65,1.77,2.3,2.54,0,0,0,0,0,0,0,0,0,0,0,0,0,0,0,0,0,0,13.5,18.5,12.0,16.5,5.6,27.0,6.2,60.0,10.0,13.5,7.2,9.0,11.0,15.5,6.0,38.0,13.0,17.5,9.2,12.5,5.1,18.0,6.0,46,5.9,34.0,5.5,25.0,6.0,38,6.4,85,5.0,17.0,5.7,30.0,7.0,1000,0,1,1,2,[78],[19 59]
SCOTLAND 2,45374,Arbroath,Partick Thistle,6.2,7.2,1.51,1.54,4.8,5.0,0,0,0.0,0,0,0,0,0,1.53,1.71,2.42,2.9,0,0,0,0,0,0,0,0,1.7,1.84,2.2,2.42,0,0,0,0,0,0,0,0,0,0,0,0,0,0,0,0,0,0,20.0,26.0,10.0,13.0,5.2,11.5,6.0,15.5,25.0,42.0,10.0,12.0,8.8,10.5,12.5,15.0,8.8,65.0,22.0,26.0,6.8,22.0,22.0,29,9.0,240.0,9.0,90.0,8.8,90,9.2,95,8.8,90.0,4.5,6.2,9.0,1000,0,1,0,1,[],[15]
SPAIN 4,45374,Sevilla FC B,Linense,1.62,2.56,4.3,1000.0,2.58,6.8,0,0,0.0,0,0,0,0,0,1.26,4.6,1.27,4.9,0,0,0,0,0,0,0,0,1.1,980.0,1.1,980.0,0,0,0,0,0,0,0,0,0,0,0,0,0,0,0,0,0,0,1.49,980.0,1.1,980.0,1.1,1000.0,1.1,1000.0,1.1,980.0,1.1,980.0,1.1,980.0,1.1,1000.0,1.1,1000.0,1.1,980.0,1.1,980.0,1.1,1000,1.1,1000.0,1.1,1000.0,1.1,1000,1.1,1000,1.55,1000.0,1.55,1000.0,1.1,1000,0,0,2,1,[83 89],[69]
SPAIN 4,45374,El Palo,Ciudad Real,2.0,3.3,3.15,8.4,2.48,5.5,0,0,0.0,0,0,0,0,0,1.11,4.6,1.27,10.5,0,0,0,0,0,0,0,0,1.1,980.0,1.1,980.0,0,0,0,0,0,0,0,0,0,0,0,0,0,0,0,0,0,0,1.49,1000.0,2.34,1000.0,2.4,1000.0,2.9,1000.0,2.86,1000.0,2.7,1000.0,1.01,1000.0,7.0,1000.0,3.35,1000.0,3.95,1000.0,4.9,1000.0,6.0,1000,3.1,1000.0,6.2,1000.0,8.8,1000,13.0,1000,1.55,1000.0,1.55,1000.0,1.01,1000,0,0,0,0,[],[]
SPAIN 4,45374,Antoniano,Betis B,2.84,8.0,2.04,2.44,2.66,6.8,0,0,0.0,0,0,0,0,0,1.1,4.6,1.27,11.0,0,0,0,0,0,0,0,0,1.1,980.0,1.1,980.0,0,0,0,0,0,0,0,0,0,0,0,0,0,0,0,0,0,0,1.49,1000.0,2.88,1000.0,2.5,1000.0,3.15,1000.0,1.01,1000.0,3.6,1000.0,1.01,1000.0,7.2,1000.0,3.2,1000.0,4.4,1000.0,6.6,1000.0,17.5,1000,4.4,1000.0,5.3,1000.0,9.2,1000,19.5,1000,1.55,1000.0,1.55,1000.0,1.01,1000,1,0,2,1,[13 60],[89]
SPAIN 4,45374,Orihuela,Aguilas FC,3.1,3.65,2.68,3.1,2.62,3.0,0,0,0.0,0,0,0,0,0,3.35,3.75,1.36,1.41,0,0,0,0,0,0,0,0,2.4,2.9,1.59,1.72,0,0,0,0,0,0,0,0,0,0,0,0,0,0,0,0,0,0,4.9,7.4,5.6,8.6,3.75,980.0,4.3,980.0,6.2,9.8,6.0,8.4,11.0,980.0,4.3,980.0,3.9,980.0,3.8,980.0,4.1,980.0,4.5,980,4.4,980.0,4.4,980.0,4.5,980,4.6,1000,4.5,980.0,4.4,980.0,15.0,1000,0,0,2,1,[62 78],[55]
URUGUAY 1,45374,Nacional,Progreso,1.44,1.51,8.6,10.0,4.4,5.0,0,0,0.0,0,0,0,0,0,1.94,2.14,1.87,2.06,0,0,0,0,0,0,0,0,2.22,2.3,1.76,1.82,0,0,0,0,0,0,0,0,0,0,0,0,0,0,0,0,0,0,3.55,980.0,3.9,980.0,4.3,980.0,4.4,1000.0,6.4,8.6,3.35,13.0,4.1,980.0,4.4,980.0,3.05,9.4,9.2,13.0,5.5,980.0,4.4,980,3.45,980.0,3.7,980.0,4.2,980,19.5,1000,3.1,10.0,4.4,1000.0,4.5,1000,0,0,0,0,[],[]
URUGUAY 1,45374,Rampla Juniors,Miramar,1.88,5.7,1.87,4.4,2.42,7.0,0,0,0.0,0,0,0,0,0,1.04,4.6,1.27,26.0,0,0,0,0,0,0,0,0,1.02,1000.0,1.01,1000.0,0,0,0,0,0,0,0,0,0,0,0,0,0,0,0,0,0,0,1.47,1000.0,2.38,1000.0,2.34,1000.0,3.5,1000.0,2.3,1000.0,1.01,1000.0,3.25,1000.0,1.01,1000.0,2.9,1000.0,1.01,1000.0,7.0,1000.0,16.5,1000,4.9,1000.0,1.01,1000.0,9.2,1000,9.0,1000,1.55,1000.0,1.55,1000.0,1.01,1000,0,0,1,1,[86],[52]
ENGLAND 3,45374,Burton,Port Vale,2.32,2.34,3.5,3.6,3.4,3.5,0,0,0.0,0,0,0,0,0,2.24,2.42,1.71,1.81,0,0,0,0,0,0,0,0,1.95,2.1,1.92,2.06,0,0,0,0,0,0,0,0,0,0,0,0,0,0,0,0,0,0,10.0,11.0,10.5,12.0,20.0,23.0,13.0,70.0,8.2,9.0,7.2,7.6,13.5,15.0,42.0,48.0,12.0,13.5,10.5,12.0,18.5,21.0,34.0,65,27.0,32.0,10.0,28.0,12.0,48,14.5,130,19.5,24.0,12.5,55.0,23.0,1000,0,0,0,1,[],[83]
ENGLAND 3,45374,Carlisle,Stevenage,5.5,5.6,1.79,1.81,3.75,3.85,0,0,0.0,0,0,0,0,0,2.36,2.48,1.68,1.73,0,0,0,0,0,0,0,0,2.16,2.32,1.76,1.86,0,0,0,0,0,0,0,0,0,0,0,0,0,0,0,0,0,0,9.6,10.5,6.4,7.0,8.6,11.5,17.0,18.5,13.0,15.0,7.8,8.6,9.8,10.5,20.0,22.0,36.0,40.0,20.0,23.0,23.0,26.0,12.0,50,13.0,160.0,12.5,95.0,12.5,130,38.0,190,13.0,150.0,12.5,16.0,15.0,1000,1,0,2,2,[13 65],[82 90]
ITALY 3,45374,Perugia,Pineto,1.46,1.9,5.5,40.0,3.45,7.6,0,0,0.0,0,0,0,0,0,1.97,3.2,1.45,2.04,0,0,0,0,0,0,0,0,1.11,10.5,1.11,11.0,0,0,0,0,0,0,0,0,0,0,0,0,0,0,0,0,0,0,1.49,980.0,1.1,980.0,1.1,1000.0,1.1,1000.0,1.1,980.0,1.1,980.0,1.1,980.0,1.1,1000.0,1.1,1000.0,1.1,980.0,1.1,980.0,1.1,1000,1.1,1000.0,1.1,1000.0,1.1,1000,1.1,1000,1.55,1000.0,1.55,1000.0,1.1,1000,0,0,2,2,[70 80],[60 83]
SPAIN 4,45374,Andratx,Pena Deportiva,2.14,3.6,2.62,1000.0,2.94,320.0,0,0,0.0,0,0,0,0,0,1.1,4.6,1.27,12.5,0,0,0,0,0,0,0,0,1.1,11.0,1.1,11.0,0,0,0,0,0,0,0,0,0,0,0,0,0,0,0,0,0,0,1.49,1000.0,2.92,1000.0,2.38,1000.0,1.01,1000.0,2.68,1000.0,3.5,1000.0,5.3,1000.0,5.2,1000.0,2.74,1000.0,3.3,1000.0,7.0,1000.0,11.0,1000,3.35,1000.0,8.6,1000.0,9.8,1000,13.0,1000,1.55,1000.0,1.55,1000.0,1.01,1000,0,1,0,2,[],[20 85]
ENGLAND 3,45374,Northampton,Derby,7.2,7.4,1.64,1.65,3.95,4.0,0,0,0.0,0,0,0,0,0,2.1,2.26,1.8,1.91,0,0,0,0,0,0,0,0,2.12,2.28,1.79,1.89,0,0,0,0,0,0,0,0,0,0,0,0,0,0,0,0,0,0,11.0,13.5,6.6,7.4,7.8,8.6,13.5,15.0,17.0,24.0,8.4,9.2,9.6,13.0,17.0,17.5,36.0,55.0,23.0,27.0,23.0,27.0,40.0,46,10.5,210.0,10.0,120.0,10.0,130,10.5,190,10.5,180.0,6.4,11.5,15.0,1000,1,0,1,0,[23],[]
WALES 1,45374,Caernarfon,Cardiff Metropolitan,1.02,1000.0,1.01,1000.0,1.01,1000.0,0,0,0.0,0,0,0,0,0,1.02,36.0,1.05,110.0,0,0,0,0,0,0,0,0,1.01,1000.0,1.01,1000.0,0,0,0,0,0,0,0,0,0,0,0,0,0,0,0,0,0,0,1.01,1000.0,1.01,1000.0,1.01,1000.0,1.01,1000.0,1.01,1000.0,1.01,1000.0,1.01,1000.0,1.01,1000.0,1.01,1000.0,1.01,1000.0,1.01,1000.0,1.01,1000,1.01,1000.0,1.01,1000.0,1.01,1000,1.01,1000,1.01,1000.0,1.01,1000.0,1.01,1000,0,2,1,2,[84],[ 5 13]
UKRAINE 1,45374,LNZ Cherkasy,Minaj,1.65,1.77,6.8,8.2,3.35,3.8,0,0,0.0,0,0,0,0,0,2.6,2.96,1.51,1.63,0,0,0,0,0,0,0,0,2.46,2.74,1.58,1.69,0,0,0,0,0,0,0,0,0,0,0,0,0,0,0,0,0,0,7.0,9.4,5.4,18.5,6.8,65.0,7.4,1000.0,5.1,6.0,7.2,9.4,6.2,36.0,7.2,1000.0,6.8,9.0,9.2,12.5,6.2,38.0,7.4,1000,13.5,18.5,5.9,27.0,6.8,75,7.4,1000,5.4,19.0,3.3,1000.0,7.6,1000,0,1,1,2,[90],[33 60]
SPAIN 4,45374,Cacereno,CD Badajoz,2.34,2.52,3.65,4.4,2.8,2.96,0,0,0.0,0,0,0,0,0,2.74,3.25,1.46,1.56,0,0,0,0,0,0,0,0,2.16,2.6,1.63,1.85,0,0,0,0,0,0,0,0,0,0,0,0,0,0,0,0,0,0,5.6,9.0,3.45,980.0,2.66,980.0,2.24,980.0,5.3,8.6,6.0,980.0,2.58,980.0,4.7,980.0,9.4,980.0,9.4,980.0,2.64,980.0,7.0,980,2.72,980.0,2.72,980.0,2.24,980,14.0,1000,2.18,980.0,2.24,980.0,2.92,1000,1,1,1,1,[39],[21]
SPAIN 4,45374,San Sebastian Reyes,Numancia,1.82,2.62,2.96,870.0,2.76,9.0,0,0,0.0,0,0,0,0,0,1.1,4.6,1.27,18.0,0,0,0,0,0,0,0,0,1.1,980.0,1.1,980.0,0,0,0,0,0,0,0,0,0,0,0,0,0,0,0,0,0,0,1.49,1000.0,1.01,1000.0,1.01,1000.0,1.01,1000.0,1.01,1000.0,1.01,1000.0,1.01,1000.0,1.01,1000.0,1.01,1000.0,1.01,1000.0,1.01,1000.0,1.01,1000,1.01,1000.0,1.01,1000.0,1.01,1000,1.01,1000,1.55,1000.0,1.55,1000.0,1.01,1000,4,1,7,1,[11 28 32 45 46 61 78],[23]
CHILE 1,45374,Everton,Palestino,2.26,2.3,3.5,3.65,3.5,3.7,0,0,0.0,0,0,0,0,0,2.02,2.1,1.92,1.97,0,0,0,0,0,0,0,0,1.79,1.91,2.1,2.28,0,0,0,0,0,0,0,0,0,0,0,0,0,0,0,0,0,0,11.5,16.0,9.8,16.0,21.0,30.0,5.5,80.0,7.6,12.0,7.2,8.2,13.0,18.0,29.0,50.0,10.0,17.0,10.0,13.5,16.5,23.0,5.4,65,21.0,36.0,18.0,30.0,4.8,48,5.1,130,4.0,22.0,4.5,48.0,5.0,1000,0,0,0,0,[],[]
ENGLAND 4,45374,Crewe,AFC Wimbledon,2.64,2.72,2.94,3.05,3.4,3.45,0,0,0.0,0,0,0,0,0,2.16,2.28,1.78,1.85,0,0,0,0,0,0,0,0,1.86,1.97,2.04,2.18,0,0,0,0,0,0,0,0,0,0,0,0,0,0,0,0,0,0,10.0,11.5,9.6,11.0,16.5,18.5,27.0,50.0,6.6,10.5,6.8,7.6,11.5,13.5,30.0,36.0,15.0,17.5,11.0,13.0,17.5,19.0,28.0,55,36.0,42.0,28.0,32.0,30.0,55,14.5,120,24.0,30.0,18.0,38.0,21.0,1000,1,1,1,1,[13],[2]
ENGLAND 4,45374,Doncaster,Forest Green,2.1,2.14,3.9,4.0,3.55,3.65,0,0,0.0,0,0,0,0,0,2.02,2.22,1.83,1.99,0,0,0,0,0,0,0,0,1.85,1.95,2.06,2.18,0,0,0,0,0,0,0,0,0,0,0,0,0,0,0,0,0,0,10.5,12.5,12.5,14.5,10.5,27.0,13.0,80.0,8.2,9.4,7.2,7.8,14.5,16.0,11.5,60.0,11.0,13.0,9.8,11.0,17.5,19.5,32.0,65,10.5,26.0,21.0,28.0,34.0,42,13.5,120,8.4,18.5,13.5,65.0,17.5,1000,0,0,2,0,[62 86],[]
ENGLAND 4,45374,Grimsby,Wrexham,4.1,4.2,2.02,2.06,3.75,3.85,0,0,0.0,0,0,0,0,0,1.86,1.99,2.02,2.18,0,0,0,0,0,0,0,0,1.76,1.85,2.18,2.32,0,0,0,0,0,0,0,0,0,0,0,0,0,0,0,0,0,0,13.0,15.0,9.0,10.0,11.0,12.5,21.0,24.0,14.5,16.5,7.8,10.5,9.6,10.5,18.5,21.0,27.0,32.0,15.0,17.0,16.5,26.0,9.0,34,10.5,85.0,28.0,48.0,27.0,70,11.0,95,30.0,48.0,6.4,16.0,28.0,1000,0,3,1,3,[81],[ 5 36 42]
ENGLAND 4,45374,Morecambe,Gillingham,3.3,3.55,2.38,2.52,3.3,3.4,0,0,0.0,0,0,0,0,0,2.28,2.48,1.67,1.78,0,0,0,0,0,0,0,0,1.94,2.06,1.94,2.08,0,0,0,0,0,0,0,0,0,0,0,0,0,0,0,0,0,0,9.8,10.5,8.0,9.0,12.5,14.0,30.0,34.0,10.0,11.5,6.6,7.4,10.5,12.0,26.0,32.0,19.5,22.0,13.5,15.0,18.5,21.0,12.5,55,13.0,65.0,12.0,48.0,13.0,70,15.0,140,12.5,60.0,19.5,30.0,5.7,1000,1,1,2,3,[11 64],[18 73 86]
ENGLAND 4,45374,Notts Co,Salford,2.06,2.1,3.35,3.45,4.3,4.4,0,0,0.0,0,0,0,0,0,1.46,1.52,2.94,3.2,0,0,0,0,0,0,0,0,1.48,1.5,3.0,3.1,0,0,0,0,0,0,0,0,0,0,0,0,0,0,0,0,0,0,25.0,30.0,21.0,26.0,27.0,32.0,40.0,65.0,15.5,18.0,10.0,11.0,9.4,16.0,27.0,32.0,16.0,130.0,10.5,12.0,13.0,14.5,18.5,32,20.0,34.0,16.5,17.5,21.0,25,27.0,50,5.6,8.2,8.8,32.0,24.0,280,0,1,1,2,[53],[31 87]
ENGLAND 4,45374,Sutton,Accrington,2.22,2.28,3.5,3.7,3.55,3.65,0,0,0.0,0,0,0,0,0,1.9,2.0,2.0,2.12,0,0,0,0,0,0,0,0,1.75,1.82,2.22,2.34,0,0,0,0,0,0,0,0,0,0,0,0,0,0,0,0,0,0,13.0,15.0,13.0,15.0,22.0,26.0,13.5,80.0,9.6,11.0,7.4,8.2,13.5,15.0,34.0,42.0,8.0,14.5,9.8,11.0,9.0,17.5,13.5,50,25.0,29.0,20.0,23.0,11.5,36,15.5,95,13.0,20.0,12.0,38.0,21.0,1000,1,0,3,1,[16 68 74],[85]
ENGLAND 4,45374,Tranmere,Crawley,2.08,2.12,3.85,3.9,3.75,3.9,0,0,0.0,0,0,0,0,0,1.67,1.87,2.16,2.48,0,0,0,0,0,0,0,0,1.63,1.7,2.42,2.58,0,0,0,0,0,0,0,0,0,0,0,0,0,0,0,0,0,0,8.2,18.5,16.0,18.5,26.0,29.0,38.0,75.0,8.2,12.5,8.2,9.0,14.0,16.0,32.0,40.0,8.2,15.0,9.8,10.5,14.5,16.5,34.0,44,22.0,26.0,17.0,19.5,24.0,30,36.0,75,10.0,12.0,10.0,34.0,14.5,1000,1,2,1,3,[21],[ 2 10 79]
ENGLAND 4,45374,Harrogate,Bradford City,4.1,4.2,2.08,2.1,3.6,3.65,0,0,0.0,0,0,0,0,0,1.96,2.06,1.94,2.06,0,0,0,0,0,0,0,0,1.83,1.95,2.06,2.22,0,0,0,0,0,0,0,0,0,0,0,0,0,0,0,0,0,0,12.0,13.5,8.6,120.0,9.6,12.5,22.0,24.0,3.8,160.0,7.4,8.2,9.8,10.5,20.0,22.0,4.3,28.0,15.0,16.5,17.0,22.0,19.0,38,4.8,85.0,3.55,48.0,16.0,60,4.9,110,15.0,55.0,14.0,160.0,19.0,1000,1,0,3,0,[21 73 79],[]
ENGLAND 4,45374,Mansfield,Colchester,1.45,1.48,7.0,8.0,5.2,5.5,0,0,0.0,0,0,0,0,0,1.5,1.56,2.78,3.3,0,0,0,0,0,0,0,0,1.67,1.84,2.2,2.5,0,0,0,0,0,0,0,0,0,0,0,0,0,0,0,0,0,0,24.0,30.0,30.0,38.0,12.0,70.0,13.5,720.0,11.5,16.0,11.0,12.5,25.0,30.0,12.5,90.0,9.6,11.0,9.6,10.5,18.5,21.0,12.0,80,12.5,14.0,12.0,13.5,21.0,27,12.5,85,3.8,5.1,12.0,75.0,14.0,630,0,1,1,1,[64],[12]
SCOTLAND 3,45374,Stirling,Montrose,2.64,2.66,2.74,3.1,3.15,3.85,0,0,0.0,0,0,0,0,0,1.47,2.3,1.76,3.1,0,0,0,0,0,0,0,0,1.1,2.44,1.1,3.7,0,0,0,0,0,0,0,0,0,0,0,0,0,0,0,0,0,0,1.13,980.0,5.8,980.0,7.0,1000.0,1.13,1000.0,4.4,980.0,4.6,980.0,6.0,980.0,4.7,1000.0,6.4,1000.0,4.5,980.0,1.48,980.0,1.13,1000,1.13,1000.0,4.9,1000.0,6.6,1000,1.48,1000,1.55,1000.0,1.55,23.0,1.48,1000,0,0,1,0,[90],[]
SCOTLAND 3,45374,Falkirk,Edinburgh City,1.05,1.06,85.0,980.0,17.5,28.0,0,0,0.0,0,0,0,0,0,1.2,1.58,2.72,5.8,0,0,0,0,0,0,0,0,2.96,3.4,1.42,1.51,0,0,0,0,0,0,0,0,0,0,0,0,0,0,0,0,0,0,9.4,980.0,4.2,980.0,4.2,1000.0,4.2,1000.0,7.0,980.0,1.46,980.0,4.2,980.0,4.2,1000.0,5.6,14.0,7.4,980.0,11.0,980.0,4.2,1000,4.5,8.8,6.8,26.0,1.47,130,1.49,1000,1.49,1.78,4.2,1000.0,1.49,1000,2,0,4,1,[31 45 61 81],[90]
SCOTLAND 3,45374,Cove Rangers,Hamilton,4.0,4.6,1.85,1.95,3.85,4.3,0,0,0.0,0,0,0,0,0,1.78,1.93,2.08,2.28,0,0,0,0,0,0,0,0,1.74,1.87,2.14,2.36,0,0,0,0,0,0,0,0,0,0,0,0,0,0,0,0,0,0,13.5,17.0,5.9,980.0,10.5,14.0,19.0,23.0,7.0,20.0,8.0,9.2,9.4,10.5,16.5,19.5,9.4,36.0,7.4,21.0,7.6,19.0,25.0,34,7.4,110.0,7.0,55.0,9.6,65,10.0,95,10.0,55.0,8.2,14.0,7.6,1000,0,1,1,3,[56],[13 83 86]
SCOTLAND 3,45374,Annan,Kelty Hearts,2.2,2.9,2.58,4.3,3.25,4.1,0,0,0.0,0,0,0,0,0,1.33,2.02,1.98,4.0,0,0,0,0,0,0,0,0,1.38,1.74,2.34,3.65,0,0,0,0,0,0,0,0,0,0,0,0,0,0,0,0,0,0,1.15,1000.0,7.4,1000.0,5.6,1000.0,1.85,1000.0,5.2,1000.0,4.5,15.0,5.3,1000.0,6.4,1000.0,8.6,1000.0,4.2,15.0,11.0,1000.0,9.0,1000,8.6,1000.0,8.2,1000.0,8.2,1000,1.15,1000,1.55,1000.0,1.55,1000.0,1.15,1000,3,1,3,2,[26 35 38],[40 48]
SCOTLAND 3,45374,Alloa,Queen of South,1.92,2.06,3.7,4.2,3.85,4.4,0,0,0.0,0,0,0,0,0,1.69,1.86,2.16,2.46,0,0,0,0,0,0,0,0,1.66,1.78,2.28,2.52,0,0,0,0,0,0,0,0,0,0,0,0,0,0,0,0,0,0,5.2,21.0,5.1,19.5,5.8,34.0,6.4,80.0,4.5,12.5,7.6,9.6,5.0,18.0,6.0,46.0,4.8,15.0,4.3,11.5,5.1,19.5,6.2,55,5.5,26.0,5.2,21.0,5.8,34,6.4,90,4.5,12.5,3.65,40.0,4.0,1000,0,1,0,2,[],[11 82]
ENGLAND 4,45374,Barrow,Newport,1.82,1.84,5.3,5.5,3.7,3.85,0,0,0.0,0,0,0,0,0,2.1,2.26,1.8,1.9,0,0,0,0,0,0,0,0,1.99,2.14,1.88,2.02,0,0,0,0,0,0,0,0,0,0,0,0,0,0,0,0,0,0,9.0,15.0,11.5,19.5,5.6,48.0,6.0,170.0,5.9,8.0,7.6,8.8,9.2,21.0,6.0,95.0,4.2,12.5,9.6,10.5,19.0,28.0,6.0,110,14.0,24.0,15.0,25.0,5.7,55,6.2,190,4.6,16.5,6.0,130.0,6.4,1000,1,0,1,0,[20],[]
ENGLAND 4,45374,Stockport County,MK Dons,1.88,1.89,4.7,4.8,3.8,3.9,0,0,0.0,0,0,0,0,0,1.86,2.02,1.99,2.16,0,0,0,0,0,0,0,0,1.8,1.87,2.16,2.26,0,0,0,0,0,0,0,0,0,0,0,0,0,0,0,0,0,0,13.0,15.5,16.0,18.5,30.0,36.0,12.0,110.0,8.4,9.8,7.8,8.8,16.5,18.5,28.0,60.0,10.0,11.5,9.4,10.5,8.6,19.0,11.0,70,18.0,21.0,17.0,19.0,30.0,36,26.0,110,10.0,14.5,11.0,65.0,15.5,1000,3,0,5,0,[31 36 45 51 90],[]
SCOTLAND 4,45374,Stenhousemuir,Peterhead,1.96,2.08,3.8,4.4,3.4,3.8,0,0,0.0,0,0,0,0,0,1.72,2.5,1.67,2.4,0,0,0,0,0,0,0,0,1.77,2.3,1.78,2.3,0,0,0,0,0,0,0,0,0,0,0,0,0,0,0,0,0,0,1.26,980.0,6.8,980.0,8.2,1000.0,11.0,1000.0,3.9,980.0,3.9,980.0,6.2,980.0,7.0,1000.0,5.2,1000.0,5.3,980.0,11.0,980.0,7.6,1000,5.5,1000.0,5.5,1000.0,6.8,1000,1.26,1000,1.55,1000.0,1.55,1000.0,1.26,1000,0,0,0,0,[],[]
SCOTLAND 4,45374,Elgin City,Forfar Athletic,3.0,3.3,2.52,2.68,3.15,3.55,0,0,0.0,0,0,0,0,0,2.18,2.38,1.73,1.85,0,0,0,0,0,0,0,0,1.88,2.02,1.98,2.14,0,0,0,0,0,0,0,0,0,0,0,0,0,0,0,0,0,0,3.5,11.5,3.5,12.0,4.0,20.0,4.5,48.0,3.65,13.5,3.05,7.8,3.75,15.0,4.4,40.0,4.1,24.0,3.85,17.0,14.5,24.0,4.6,60,4.6,65.0,4.5,46.0,4.6,70,4.8,150,4.5,46.0,4.4,36.0,5.0,1000,1,1,1,1,[25],[31]
SCOTLAND 4,45374,East Fife,Stranraer,2.0,2.12,4.0,4.6,3.5,3.9,0,0,0.0,0,0,0,0,0,1.89,2.2,1.83,2.14,0,0,0,0,0,0,0,0,1.74,2.02,1.99,2.36,0,0,0,0,0,0,0,0,0,0,0,0,0,0,0,0,0,0,10.5,15.0,5.7,17.0,23.0,32.0,7.8,90.0,8.0,10.5,7.2,8.4,5.7,17.5,7.4,60.0,10.0,13.5,9.2,11.0,15.5,21.0,7.6,65,6.4,26.0,18.0,23.0,30.0,42,8.0,130,10.5,24.0,7.4,80.0,8.4,1000,0,1,2,1,[55 84],[11]
SCOTLAND 4,45374,Dumbarton,Bonnyrigg Rose,1.69,1.77,5.2,6.0,3.9,4.4,0,0,0.0,0,0,0,0,0,1.81,1.98,2.02,2.22,0,0,0,0,0,0,0,0,1.82,1.97,2.04,2.22,0,0,0,0,0,0,0,0,0,0,0,0,0,0,0,0,0,0,7.0,16.5,17.5,22.0,25.0,70.0,4.5,170.0,8.0,50.0,8.2,9.2,8.0,23.0,10.5,85.0,6.8,11.0,8.8,10.0,17.5,34.0,10.5,1000,15.5,18.0,14.5,18.0,28.0,36,11.0,120,5.7,85.0,5.0,1000.0,4.6,1000,1,0,2,0,[25 83],[]
SCOTLAND 4,45374,Clyde,Spartans,2.54,2.66,2.78,3.05,3.6,3.8,0,0,0.0,0,0,0,0,0,1.86,2.02,1.98,2.16,0,0,0,0,0,0,0,0,1.71,1.85,2.18,2.42,0,0,0,0,0,0,0,0,0,0,0,0,0,0,0,0,0,0,7.0,15.5,11.0,15.0,17.0,23.0,10.0,60.0,10.5,17.0,5.3,8.4,11.5,13.0,6.6,34.0,14.5,19.0,10.5,12.5,15.5,18.0,27.0,55,30.0,65.0,9.0,29.0,9.8,40,11.5,90,15.5,24.0,18.5,38.0,6.4,1000,0,0,0,0,[],[]
USA 1,45374,Charlotte,Columbus Crew,3.3,3.35,2.4,2.44,3.45,3.6,0,0,0.0,0,0,0,0,0,2.0,2.04,1.97,2.0,0,0,0,0,0,0,0,0,1.78,1.84,2.2,2.3,0,0,0,0,0,0,0,0,0,0,0,0,0,0,0,0,0,0,12.5,13.5,10.0,11.5,14.0,15.5,29.0,32.0,12.0,13.5,7.4,7.8,10.5,11.0,23.0,25.0,20.0,22.0,13.0,13.5,16.0,17.5,34.0,38,50.0,55.0,32.0,38.0,42.0,48,60.0,95,29.0,34.0,17.5,19.0,20.0,980,0,0,2,0,[83 88],[]
USA 1,45374,Orlando City,Austin FC,1.66,1.67,5.7,5.9,4.4,4.5,0,0,0.0,0,0,0,0,0,1.69,1.71,2.4,2.46,0,0,0,0,0,0,0,0,1.74,1.79,2.26,2.36,0,0,0,0,0,0,0,0,0,0,0,0,0,0,0,0,0,0,18.5,20.0,21.0,24.0,42.0,48.0,95.0,140.0,9.8,11.0,9.0,9.8,20.0,22.0,55.0,70.0,10.0,11.0,9.2,9.6,17.0,18.0,46.0,65,15.0,17.0,14.5,16.0,26.0,29,55.0,85,7.2,8.0,50.0,65.0,18.5,980,1,0,2,0,[42 64],[]
USA 1,45374,Toronto FC,Atlanta Utd,2.42,2.46,3.15,3.2,3.65,3.7,0,0,0.0,0,0,0,0,0,1.85,1.88,2.14,2.18,0,0,0,0,0,0,0,0,1.68,1.74,2.36,2.48,0,0,0,0,0,0,0,0,0,0,0,0,0,0,0,0,0,0,15.0,17.0,13.5,15.5,19.0,22.0,44.0,50.0,11.0,12.0,7.8,8.2,12.5,14.0,32.0,34.0,14.0,16.5,10.5,11.0,15.0,16.5,36.0,42,30.0,34.0,21.0,24.0,30.0,34,60.0,80,15.0,17.0,26.0,27.0,18.5,980,1,0,2,0,[35 71],[]
USA 1,45374,Vancouver Whitecaps,Real Salt Lake,1.92,1.94,4.4,4.6,3.8,3.9,0,0,0.0,0,0,0,0,0,1.86,1.88,2.14,2.16,0,0,0,0,0,0,0,0,1.76,1.84,2.2,2.32,0,0,0,0,0,0,0,0,0,0,0,0,0,0,0,0,0,0,14.5,17.0,17.0,18.5,30.0,34.0,55.0,95.0,9.6,10.5,8.2,8.6,17.0,19.5,46.0,55.0,11.0,12.0,9.4,10.5,16.0,17.5,46.0,55,18.5,21.0,17.0,18.5,28.0,32,65.0,90,9.8,11.5,36.0,50.0,16.5,980,1,0,1,2,[33],[70 76]
USA 1,45374,New England Revolution,Chicago Fire,1.98,2.02,4.0,4.2,3.9,4.1,0,0,0.0,0,0,0,0,0,1.69,1.81,2.24,2.46,0,0,0,0,0,0,0,0,1.66,1.74,2.36,2.52,0,0,0,0,0,0,0,0,0,0,0,0,0,0,0,0,0,0,17.5,19.0,17.5,19.5,29.0,32.0,50.0,80.0,11.0,12.0,8.4,9.0,15.0,17.0,38.0,44.0,12.5,13.5,9.6,10.0,15.0,17.0,40.0,46,21.0,23.0,16.5,18.0,26.0,29,60.0,75,9.6,11.0,28.0,34.0,18.5,560,1,1,1,1,[45],[20]
USA 1,45374,New York Red Bulls,Inter Miami,2.38,2.4,3.25,3.3,3.6,3.7,0,0,0.0,0,0,0,0,0,2.0,2.02,1.99,2.0,0,0,0,0,0,0,0,0,1.76,1.82,2.22,2.32,0,0,0,0,0,0,0,0,0,0,0,0,0,0,0,0,0,0,13.0,14.5,12.5,13.5,20.0,22.0,40.0,55.0,9.8,11.0,7.6,8.2,12.5,14.0,32.0,36.0,13.5,16.5,10.5,11.5,16.5,18.0,40.0,48,29.0,34.0,22.0,25.0,32.0,38,50.0,90,17.0,19.0,28.0,32.0,15.0,980,1,0,4,0,[ 3 51 66 70],[]
ITALY 3,45374,Torres,Vis Pesaro,1.45,1.75,5.4,870.0,3.4,8.0,0,0,0.0,0,0,0,0,0,2.12,2.76,1.56,1.9,0,0,0,0,0,0,0,0,1.9,11.0,1.34,2.12,0,0,0,0,0,0,0,0,0,0,0,0,0,0,0,0,0,0,1.1,980.0,1.1,980.0,1.1,1000.0,1.1,1000.0,1.1,980.0,1.1,980.0,1.1,980.0,1.1,1000.0,1.1,1000.0,1.1,980.0,1.1,980.0,1.1,1000,1.1,1000.0,1.1,1000.0,1.1,1000,1.1,1000,1.55,1000.0,1.55,1000.0,1.1,1000,0,0,1,0,[90],[]
ITALY 3,45374,Spal,Carrarese,3.0,5.1,2.32,2.9,2.7,4.3,0,0,0.0,0,0,0,0,0,2.5,3.4,1.42,1.66,0,0,0,0,0,0,0,0,1.11,970.0,1.11,970.0,0,0,0,0,0,0,0,0,0,0,0,0,0,0,0,0,0,0,1.49,980.0,1.1,980.0,1.1,1000.0,1.1,1000.0,1.1,980.0,1.1,980.0,1.1,980.0,1.1,1000.0,1.1,1000.0,1.1,980.0,1.1,980.0,1.1,1000,1.1,1000.0,1.1,1000.0,1.1,1000,1.1,1000,1.55,1000.0,1.55,1000.0,1.1,1000,0,0,0,0,[],[]
ITALY 3,45374,Recanatese,Ancona,2.5,3.4,2.46,3.8,2.98,5.2,0,0,0.0,0,0,0,0,0,2.02,2.82,1.54,1.99,0,0,0,0,0,0,0,0,1.69,990.0,1.02,1000.0,0,0,0,0,0,0,0,0,0,0,0,0,0,0,0,0,0,0,1.49,1000.0,2.96,1000.0,1.01,1000.0,1.01,1000.0,2.76,1000.0,1.01,1000.0,1.01,1000.0,1.01,1000.0,1.01,1000.0,1.01,1000.0,1.01,1000.0,1.01,1000,1.01,1000.0,1.01,1000.0,1.01,1000,1.01,1000,1.55,1000.0,1.55,1000.0,1.01,1000,1,0,2,0,[36 73],[]
ITALY 3,45374,Pescara,Pontedera,1.75,2.4,3.5,7.6,3.4,7.0,0,0,0.0,0,0,0,0,0,1.45,2.04,1.96,3.25,0,0,0,0,0,0,0,0,1.57,990.0,2.02,990.0,0,0,0,0,0,0,0,0,0,0,0,0,0,0,0,0,0,0,1.48,1000.0,1.01,1000.0,1.01,1000.0,1.01,1000.0,1.01,1000.0,1.01,1000.0,1.01,1000.0,1.01,1000.0,1.01,1000.0,1.01,1000.0,1.01,1000.0,1.01,1000,1.01,1000.0,1.01,1000.0,1.01,1000,1.01,1000,1.55,1000.0,1.55,1000.0,1.01,1000,1,0,1,0,[44],[]
USA 1,45374,FC Cincinnati,New York City,1.82,1.85,5.1,5.3,3.8,3.85,0,0,0.0,0,0,0,0,0,2.14,2.18,1.85,1.87,0,0,0,0,0,0,0,0,2.02,2.08,1.93,1.99,0,0,0,0,0,0,0,0,0,0,0,0,0,0,0,0,0,0,10.5,12.5,14.5,16.0,34.0,38.0,85.0,130.0,7.4,8.0,7.8,8.6,18.5,19.0,60.0,75.0,9.2,10.0,9.8,10.5,20.0,22.0,65.0,85,18.0,19.0,19.5,21.0,38.0,42,60.0,150,13.0,13.5,42.0,95.0,20.0,1000,0,0,1,0,[57],[]
SPAIN 2,45374,Alcorcon,R. Oviedo,3.7,4.0,2.34,2.46,3.05,3.15,0,0,0.0,0,0,0,0,0,2.64,3.05,1.48,1.61,0,0,0,0,0,0,0,0,2.22,2.46,1.69,1.82,0,0,0,0,0,0,0,0,0,0,0,0,0,0,0,0,0,0,7.0,7.6,6.4,7.2,11.5,13.0,29.0,34.0,9.0,10.0,6.6,7.4,11.5,13.0,30.0,36.0,19.5,24.0,15.5,17.5,24.0,26.0,38.0,75,15.5,90.0,34.0,70.0,16.0,120,28.0,220,16.0,120.0,23.0,44.0,17.0,1000,0,0,0,0,[],[]
SPAIN 3,45374,Algeciras,Malaga,1.58,7.2,2.0,14.0,2.06,3.35,0,0,0.0,0,0,0,0,0,2.0,4.6,1.27,2.0,0,0,0,0,0,0,0,0,1.12,11.0,1.17,10.5,0,0,0,0,0,0,0,0,0,0,0,0,0,0,0,0,0,0,1.49,1000.0,1.01,1000.0,1.01,1000.0,1.01,1000.0,1.01,1000.0,1.01,1000.0,1.01,1000.0,1.01,1000.0,1.01,1000.0,1.01,1000.0,1.01,1000.0,1.01,1000,1.01,1000.0,1.01,1000.0,1.01,1000,1.01,1000,1.55,1000.0,1.55,1000.0,1.01,1000,0,0,0,0,[],[]
NETHERLANDS 2,45374,Cambuur,Telstar,1.78,1.81,4.5,4.8,4.2,4.5,0,0,0.0,0,0,0,0,0,1.63,1.67,2.48,2.6,0,0,0,0,0,0,0,0,1.62,1.71,2.4,2.62,0,0,0,0,0,0,0,0,0,0,0,0,0,0,0,0,0,0,19.5,22.0,20.0,23.0,34.0,40.0,70.0,100.0,11.0,12.5,9.2,10.5,16.5,18.0,42.0,48.0,11.5,13.0,9.4,10.5,15.5,17.0,42.0,80,17.5,19.5,14.5,16.0,24.0,27,44.0,70,6.8,8.4,32.0,38.0,16.5,980,0,0,1,0,[73],[]
SPAIN 4,45374,Langreo,Ourense CF,1.45,980.0,1.45,980.0,1.21,3.25,0,0,0.0,0,0,0,0,0,1.11,4.6,1.27,10.5,0,0,0,0,0,0,0,0,1.1,980.0,1.1,980.0,0,0,0,0,0,0,0,0,0,0,0,0,0,0,0,0,0,0,1.49,1000.0,1.01,1000.0,1.01,1000.0,1.01,1000.0,1.01,1000.0,1.01,1000.0,1.01,1000.0,1.01,1000.0,3.45,1000.0,1.01,1000.0,1.01,1000.0,1.01,1000,1.01,1000.0,1.01,1000.0,1.01,1000,1.01,1000,1.55,1000.0,1.55,1000.0,1.01,1000,0,1,1,1,[77],[43]
ENGLAND 5,45374,Dag & Red,Oldham,2.2,2.3,3.35,3.75,3.45,3.8,0,0,0.0,0,0,0,0,0,2.0,2.18,1.84,2.0,0,0,0,0,0,0,0,0,1.73,2.0,2.0,2.38,0,0,0,0,0,0,0,0,0,0,0,0,0,0,0,0,0,0,9.8,16.0,10.0,16.5,17.5,30.0,4.3,75.0,7.4,12.0,6.8,9.0,10.5,18.0,4.2,50.0,10.5,17.5,9.0,13.5,13.5,23.0,4.3,65,21.0,36.0,17.5,30.0,4.2,48,4.4,140,3.85,23.0,4.2,48.0,4.6,1000,0,0,0,0,[],[]
NETHERLANDS 2,45374,Maastricht,Den Bosch,2.24,2.26,3.25,3.35,3.85,4.0,0,0,0.0,0,0,0,0,0,1.66,1.7,2.42,2.52,0,0,0,0,0,0,0,0,1.58,1.73,2.36,2.72,0,0,0,0,0,0,0,0,0,0,0,0,0,0,0,0,0,0,17.5,21.0,16.0,18.0,22.0,25.0,44.0,55.0,12.5,14.0,8.4,9.2,12.5,14.0,27.0,32.0,15.0,17.0,10.0,11.0,14.0,15.0,32.0,38,26.0,30.0,19.0,22.0,26.0,29,44.0,65,9.4,13.0,14.5,23.0,15.5,980,0,0,1,0,[74],[]
ENGLAND 5,45374,Eastleigh,Hartlepool,2.88,3.05,2.32,2.4,3.85,4.2,0,0,0.0,0,0,0,0,0,1.6,1.75,2.34,2.68,0,0,0,0,0,0,0,0,1.57,1.67,2.5,2.76,0,0,0,0,0,0,0,0,0,0,0,0,0,0,0,0,0,0,4.6,980.0,4.2,980.0,13.5,23.0,5.1,42.0,4.3,980.0,3.7,980.0,8.8,980.0,4.8,28.0,4.8,28.0,4.1,980.0,11.5,19.5,5.1,38,5.3,55.0,5.0,34.0,5.1,42,5.4,80,4.6,22.0,4.3,16.5,5.8,1000,0,1,1,1,[77],[19]
ENGLAND 5,45374,Rochdale,Maidenhead,2.24,2.26,3.25,3.6,3.55,3.95,0,0,0.0,0,0,0,0,0,1.88,1.94,2.06,2.14,0,0,0,0,0,0,0,0,1.74,1.87,2.16,2.36,0,0,0,0,0,0,0,0,0,0,0,0,0,0,0,0,0,0,5.7,980.0,5.5,980.0,6.6,27.0,5.1,65.0,5.1,12.0,4.3,980.0,5.5,980.0,4.8,40.0,5.8,16.5,5.0,980.0,4.3,980.0,5.0,50,6.8,32.0,4.5,25.0,4.8,38,3.25,100,2.86,18.5,2.44,36.0,2.6,1000,1,0,1,0,[38],[]
ENGLAND 5,45374,Southend,Woking,1.77,1.9,4.8,5.7,3.45,3.9,0,0,0.0,0,0,0,0,0,2.14,2.42,1.7,1.88,0,0,0,0,0,0,0,0,1.99,2.32,1.75,2.02,0,0,0,0,0,0,0,0,0,0,0,0,0,0,0,0,0,0,9.2,980.0,11.5,980.0,5.9,42.0,6.6,170.0,6.2,7.8,3.85,980.0,15.5,980.0,6.2,100.0,8.2,11.0,8.8,11.5,17.0,980.0,6.4,120,14.0,24.0,16.0,27.0,6.2,60,6.6,200,4.9,17.5,6.6,140.0,6.8,1000,0,0,0,0,[],[]
ENGLAND 5,45374,Wealdstone,Kidderminster,2.52,2.76,2.82,3.1,3.4,3.55,0,0,0.0,0,0,0,0,0,1.95,2.14,1.88,2.06,0,0,0,0,0,0,0,0,1.76,1.9,2.1,2.32,0,0,0,0,0,0,0,0,0,0,0,0,0,0,0,0,0,0,11.5,980.0,4.9,980.0,15.5,22.0,7.0,50.0,4.8,980.0,4.1,980.0,5.1,980.0,6.6,36.0,13.5,18.5,10.0,13.5,5.8,980.0,7.0,50,6.8,42.0,6.4,32.0,7.0,48,7.6,110,4.3,26.0,4.5,32.0,5.2,1000,1,0,1,1,[45],[82]
ITALY 3,45374,Virtus Francavilla,Monterosi,1.78,2.52,3.9,11.0,2.9,5.6,0,0,0.0,0,0,0,0,0,1.83,3.85,1.35,2.22,0,0,0,0,0,0,0,0,1.11,970.0,1.11,970.0,0,0,0,0,0,0,0,0,0,0,0,0,0,0,0,0,0,0,1.49,1000.0,1.01,1000.0,1.01,1000.0,1.01,1000.0,1.01,1000.0,1.01,1000.0,1.01,1000.0,1.01,1000.0,1.01,1000.0,1.01,1000.0,1.01,1000.0,1.01,1000,1.01,1000.0,1.01,1000.0,1.01,1000,1.01,1000,1.55,1000.0,1.55,1000.0,1.01,1000,0,0,2,0,[73 85],[]
COLOMBIA 1,45374,Jaguares de Cordoba,Fortaleza,2.3,2.38,4.0,4.2,3.0,3.1,0,0,0.0,0,0,0,0,0,2.68,2.86,1.54,1.58,0,0,0,0,0,0,0,0,2.16,2.38,1.73,1.87,0,0,0,0,0,0,0,0,0,0,0,0,0,0,0,0,0,0,7.0,9.2,8.0,12.0,21.0,32.0,5.3,980.0,6.6,8.2,6.2,8.0,14.0,22.0,5.7,980.0,10.5,15.5,9.0,13.5,19.5,30.0,5.3,980,25.0,40.0,25.0,40.0,5.7,980,6.0,980,4.8,38.0,5.2,980.0,5.5,1000,0,1,0,1,[],[40]
ENGLAND 5,45374,Chesterfield,Boreham Wood,1.46,1.51,7.2,8.8,4.7,5.2,0,0,0.0,0,0,0,0,0,1.72,1.85,2.18,2.38,0,0,0,0,0,0,0,0,1.8,2.02,1.98,2.26,0,0,0,0,0,0,0,0,0,0,0,0,0,0,0,0,0,0,10.5,19.0,25.0,32.0,10.0,75.0,10.5,320.0,8.2,9.8,9.6,12.0,8.8,32.0,11.0,120.0,8.0,9.6,8.8,9.8,20.0,26.0,11.0,110,11.0,13.5,13.0,15.5,28.0,36,11.0,150,5.8,7.0,11.0,270.0,11.0,1000,1,0,3,0,[28 46 67],[]
ENGLAND 5,45374,Bromley,York City,1.93,1.99,3.75,4.2,3.85,4.3,0,0,0.0,0,0,0,0,0,1.92,2.14,1.88,2.08,0,0,0,0,0,0,0,0,1.76,2.02,1.99,2.32,0,0,0,0,0,0,0,0,0,0,0,0,0,0,0,0,0,0,10.0,17.0,11.0,18.0,21.0,38.0,4.2,100.0,7.2,11.5,7.2,10.5,12.0,20.0,4.1,60.0,9.2,15.0,7.8,13.0,14.0,24.0,4.1,70,16.5,28.0,15.5,26.0,4.0,46,4.3,130,3.5,17.5,4.1,65.0,4.4,1000,0,1,0,2,[],[32 81]
NETHERLANDS 2,45374,Roda,NAC Breda,2.2,2.28,3.45,3.6,3.65,3.9,0,0,0.0,0,0,0,0,0,1.77,1.82,2.22,2.3,0,0,0,0,0,0,0,0,1.55,1.7,2.44,2.8,0,0,0,0,0,0,0,0,0,0,0,0,0,0,0,0,0,0,14.0,21.0,12.5,19.0,18.5,32.0,5.5,980.0,10.0,14.5,7.6,9.0,10.5,17.0,5.3,42.0,11.5,18.0,9.4,13.0,13.0,15.0,5.4,50,20.0,34.0,15.0,25.0,5.2,38,40.0,240,4.3,15.0,5.1,32.0,6.0,980,1,1,3,1,[14 55 74],[22]
ENGLAND 5,45374,Barnet,Dorking,1.39,1.45,7.4,9.2,5.2,6.0,0,0,0.0,0,0,0,0,0,1.54,1.7,2.44,2.86,0,0,0,0,0,0,0,0,1.74,2.02,1.98,2.34,0,0,0,0,0,0,0,0,0,0,0,0,0,0,0,0,0,0,18.5,32.0,4.4,42.0,4.7,95.0,4.9,290.0,8.2,13.5,9.4,15.5,4.4,38.0,4.8,130.0,8.0,11.0,7.6,12.5,17.5,29.0,4.7,110,9.4,15.5,10.0,17.0,21.0,38,4.8,140,2.64,5.6,4.8,130.0,4.9,1000,4,0,6,0,[10 21 31 38 80 90],[]
ENGLAND 5,45374,Altrincham,Gateshead,2.56,2.64,2.68,2.8,3.8,4.2,0,0,0.0,0,0,0,0,0,1.6,1.72,2.38,2.66,0,0,0,0,0,0,0,0,1.55,1.65,2.52,2.8,0,0,0,0,0,0,0,0,0,0,0,0,0,0,0,0,0,0,15.5,27.0,11.5,19.5,15.0,26.0,3.95,48.0,3.5,19.0,7.2,11.5,3.35,15.5,3.8,32.0,14.5,25.0,9.2,15.0,11.5,19.0,3.9,40,3.95,46.0,17.5,30.0,3.85,38,4.1,80,3.5,18.5,3.5,19.0,4.3,1000,1,0,2,3,[16 52],[49 57 73]
ENGLAND 5,45374,Aldershot,Solihull Moors,2.06,2.2,3.4,3.75,3.85,4.2,0,0,0.0,0,0,0,0,0,1.62,1.8,2.24,2.62,0,0,0,0,0,0,0,0,1.59,1.68,2.46,2.68,0,0,0,0,0,0,0,0,0,0,0,0,0,0,0,0,0,0,5.1,980.0,4.9,980.0,5.5,32.0,6.0,75.0,10.5,980.0,7.8,10.5,12.0,980.0,5.7,40.0,12.0,16.5,9.0,12.5,4.8,980.0,5.8,44,5.4,28.0,5.1,22.0,5.5,34,6.0,75,4.2,12.0,5.4,30.0,6.6,1000,0,0,1,1,[89],[72]
ENGLAND 5,45374,AFC Fylde,Oxford City,1.28,1.33,8.8,14.5,6.0,7.6,0,0,0.0,0,0,0,0,0,1.41,1.52,2.94,3.45,0,0,0,0,0,0,0,0,1.8,1.97,2.04,2.26,0,0,0,0,0,0,0,0,0,0,0,0,0,0,0,0,0,0,6.0,980.0,6.2,980.0,6.6,140.0,4.2,1000.0,9.6,980.0,11.5,19.5,6.0,980.0,6.6,170.0,4.2,10.5,8.2,980.0,20.0,980.0,6.6,130,4.6,14.0,4.8,16.0,21.0,36,6.6,150,2.5,3.9,4.2,160.0,6.8,1000,0,1,2,1,[60 78],[15]
NETHERLANDS 2,45374,Willem II,Venlo,1.4,1.42,9.0,10.5,5.2,5.5,0,0,0.0,0,0,0,0,0,1.67,1.72,2.4,2.48,0,0,0,0,0,0,0,0,1.97,2.08,1.93,2.04,0,0,0,0,0,0,0,0,0,0,0,0,0,0,0,0,0,0,17.5,21.0,28.0,32.0,48.0,90.0,100.0,400.0,8.6,9.6,10.0,12.0,30.0,36.0,80.0,140.0,7.8,8.6,9.2,10.0,23.0,26.0,80.0,120,10.5,12.0,13.0,15.0,28.0,34,85.0,150,5.1,5.7,17.5,160.0,19.5,1000,1,0,2,0,[19 47],[]
COLOMBIA 1,45374,Deportes Tolima,Pereira,1.97,2.02,5.0,5.1,3.3,3.45,0,0,0.0,0,0,0,0,0,2.4,2.48,1.68,1.72,0,0,0,0,0,0,0,0,2.04,2.28,1.79,1.96,0,0,0,0,0,0,0,0,0,0,0,0,0,0,0,0,0,0,9.0,10.0,12.5,14.0,29.0,34.0,15.5,130.0,6.8,7.6,7.2,7.8,17.5,20.0,46.0,80.0,9.8,11.0,9.6,11.0,21.0,23.0,65.0,95,20.0,24.0,22.0,24.0,42.0,50,75.0,170,15.5,19.0,14.0,110.0,16.0,1000,1,0,2,1,[10 79],[55]
COLOMBIA 1,45374,Millonarios,Dep. Cali,1.58,1.61,7.6,7.8,4.0,4.3,0,0,0.0,0,0,0,0,0,2.1,2.16,1.86,1.91,0,0,0,0,0,0,0,0,2.1,2.24,1.8,1.91,0,0,0,0,0,0,0,0,0,0,0,0,0,0,0,0,0,0,10.5,13.5,17.5,980.0,8.4,980.0,8.6,980.0,6.2,7.6,8.2,9.8,22.0,980.0,8.4,1000.0,7.6,9.2,8.4,980.0,21.0,980.0,8.4,980,12.5,16.0,15.0,19.5,34.0,980,9.2,980,4.0,11.0,3.9,980.0,6.4,1000,0,0,1,1,[58],[61]
ECUADOR 1,45374,Imbabura,Cumbaya,1.76,1.81,4.8,5.4,3.85,4.2,0,0,0.0,0,0,0,0,0,1.89,1.96,2.04,2.12,0,0,0,0,0,0,0,0,1.84,1.95,2.04,2.2,0,0,0,0,0,0,0,0,0,0,0,0,0,0,0,0,0,0,11.0,17.0,14.0,20.0,28.0,980.0,9.8,980.0,8.0,9.4,7.6,9.0,16.5,22.0,9.2,980.0,8.4,11.5,9.0,10.5,15.0,980.0,9.2,980,15.0,19.5,15.5,19.5,27.0,980,9.8,980,5.5,11.5,9.4,980.0,10.5,1000,0,0,0,0,[],[]
ITALY 3,45374,Sorrento,Juve Stabia,3.9,1000.0,1.04,2.06,3.1,7.0,0,0,0.0,0,0,0,0,0,1.1,4.6,1.27,11.0,0,0,0,0,0,0,0,0,1.11,970.0,1.11,970.0,0,0,0,0,0,0,0,0,0,0,0,0,0,0,0,0,0,0,1.49,1000.0,1.01,1000.0,2.8,1000.0,1.01,1000.0,1.01,1000.0,2.76,1000.0,3.25,1000.0,4.3,1000.0,1.01,1000.0,1.01,1000.0,8.8,1000.0,9.0,1000,4.7,1000.0,1.01,1000.0,5.6,1000,19.5,1000,1.55,1000.0,1.55,1000.0,1.01,1000,0,1,1,2,[69],[ 6 65]
ITALY 3,45374,Benevento,Monopoli,1.23,1.66,7.4,1000.0,3.85,19.5,0,0,0.0,0,0,0,0,0,2.0,2.82,1.55,2.0,0,0,0,0,0,0,0,0,1.11,9.4,1.17,10.5,0,0,0,0,0,0,0,0,0,0,0,0,0,0,0,0,0,0,1.01,12.5,1.34,1000.0,1.34,1000.0,1.72,1000.0,1.01,6.2,1.01,11.5,1.34,1000.0,1.72,1000.0,1.01,1000.0,1.01,11.0,1.01,1000.0,1.72,1000,1.01,1000.0,1.01,1000.0,1.01,1000,1.01,1000,1.55,1000.0,1.72,1000.0,1.01,1000,0,0,0,1,[],[72]
ITALY 3,45374,ACR Messina,Foggia,2.6,3.3,2.92,3.95,2.24,3.7,0,0,0.0,0,0,0,0,0,1.24,3.3,1.44,5.1,0,0,0,0,0,0,0,0,1.11,970.0,1.11,970.0,0,0,0,0,0,0,0,0,0,0,0,0,0,0,0,0,0,0,1.01,1000.0,1.01,1000.0,1.01,1000.0,1.01,1000.0,1.01,1000.0,1.01,1000.0,1.01,1000.0,1.01,1000.0,1.01,1000.0,1.01,1000.0,1.01,1000.0,1.01,1000,1.01,1000.0,1.01,1000.0,1.01,1000,1.01,1000,1.55,1000.0,1.55,1000.0,1.01,1000,0,1,0,3,[],[20 56 90]
ITALY 3,45374,Giugliano,Avellino,4.2,1000.0,1.6,2.1,2.74,7.4,0,0,0.0,0,0,0,0,0,2.04,2.98,1.5,1.97,0,0,0,0,0,0,0,0,1.01,1000.0,1.01,1000.0,0,0,0,0,0,0,0,0,0,0,0,0,0,0,0,0,0,0,1.42,1000.0,1.01,1000.0,1.01,1000.0,1.01,1000.0,1.01,1000.0,1.01,1000.0,1.01,1000.0,1.01,1000.0,1.01,1000.0,1.01,1000.0,1.01,1000.0,1.01,1000,1.01,1000.0,1.01,1000.0,1.01,1000,1.01,1000,1.55,1000.0,1.55,1000.0,1.01,1000,1,1,3,2,[45 61 65],[20 59]
MEXICO 1,45374,Juarez,Puebla,2.04,2.08,3.7,3.9,3.9,4.1,0,0,0.0,0,0,0,0,0,1.69,1.77,2.3,2.46,0,0,0,0,0,0,0,0,1.66,1.72,2.4,2.52,0,0,0,0,0,0,0,0,0,0,0,0,0,0,0,0,0,0,16.5,19.0,16.0,18.5,26.0,30.0,48.0,75.0,11.0,12.5,8.4,9.0,14.0,15.5,34.0,40.0,13.0,14.5,9.6,11.0,15.0,16.5,38.0,70,22.0,25.0,17.5,19.5,26.0,30,13.0,75,6.6,11.5,22.0,32.0,14.5,980,1,1,4,3,[45 53 62 84],[15 66 90]
SPAIN 4,45374,Coruxo FC,Arandina,1.74,2.42,3.95,1000.0,2.54,5.9,0,0,0.0,0,0,0,0,0,1.1,4.6,1.27,15.5,0,0,0,0,0,0,0,0,1.1,980.0,1.1,980.0,0,0,0,0,0,0,0,0,0,0,0,0,0,0,0,0,0,0,1.49,1000.0,1.01,1000.0,1.01,1000.0,1.01,1000.0,1.01,1000.0,1.01,1000.0,1.01,1000.0,1.01,1000.0,1.01,1000.0,1.01,1000.0,1.01,1000.0,1.01,1000,1.01,1000.0,1.01,1000.0,1.01,1000,1.01,1000,1.55,1000.0,1.55,1000.0,1.01,1000,0,0,1,0,[51],[]
SPAIN 4,45374,Guijuelo,Covadonga,1.73,2.28,3.0,11.0,2.8,11.5,0,0,0.0,0,0,0,0,0,1.9,3.9,1.34,2.12,0,0,0,0,0,0,0,0,1.1,980.0,1.1,980.0,0,0,0,0,0,0,0,0,0,0,0,0,0,0,0,0,0,0,1.49,1000.0,1.01,1000.0,1.01,1000.0,1.01,1000.0,1.01,1000.0,1.01,1000.0,1.01,1000.0,1.01,1000.0,1.01,1000.0,1.01,1000.0,1.01,1000.0,1.01,1000,1.01,1000.0,1.01,1000.0,1.01,1000,7.8,1000,1.55,1000.0,1.55,1000.0,1.01,1000,1,0,2,1,[27 83],[90]
SPAIN 2,45374,Espanyol,Tenerife,2.0,2.02,5.5,5.6,3.1,3.15,0,0,0.0,0,0,0,0,0,2.96,3.1,1.48,1.51,0,0,0,0,0,0,0,0,2.38,2.58,1.64,1.72,0,0,0,0,0,0,0,0,0,0,0,0,0,0,0,0,0,0,6.8,7.4,11.5,13.0,34.0,38.0,15.0,170.0,5.5,6.2,7.0,7.6,21.0,27.0,70.0,120.0,9.2,10.0,11.0,12.0,26.0,30.0,15.0,190,21.0,23.0,26.0,30.0,16.0,75,19.0,290,24.0,27.0,15.5,210.0,17.0,1000,0,0,1,1,[84],[90]
ITALY 3,45374,L.R. Vicenza,Legnago Salus,1.33,2.16,5.1,870.0,2.9,19.5,0,0,0.0,0,0,0,0,0,1.27,4.6,1.27,4.6,0,0,0,0,0,0,0,0,1.12,11.0,1.11,10.5,0,0,0,0,0,0,0,0,0,0,0,0,0,0,0,0,0,0,1.48,1000.0,1.01,1000.0,1.01,1000.0,1.01,1000.0,1.01,1000.0,1.01,1000.0,1.01,1000.0,1.01,1000.0,1.01,1000.0,1.01,1000.0,1.01,1000.0,1.01,1000,1.01,1000.0,1.01,1000.0,1.01,1000,1.01,1000,1.55,1000.0,1.55,1000.0,1.01,1000,0,0,1,1,[61],[90]
ITALY 3,45374,Trento,Mantova,4.0,480.0,1.53,2.12,3.4,10.5,0,0,0.0,0,0,0,0,0,2.4,3.65,1.38,1.71,0,0,0,0,0,0,0,0,1.11,970.0,1.11,970.0,0,0,0,0,0,0,0,0,0,0,0,0,0,0,0,0,0,0,1.49,1000.0,1.01,1000.0,1.01,1000.0,3.65,1000.0,1.01,1000.0,1.01,1000.0,1.01,1000.0,1.01,1000.0,3.3,1000.0,1.01,1000.0,1.01,1000.0,1.01,1000,3.0,1000.0,1.01,1000.0,1.01,1000,1.01,1000,1.55,1000.0,1.55,1000.0,1.01,1000,0,1,1,1,[61],[17]
ITALY 3,45374,Giana Erminio,Alessandria,1.51,2.02,4.1,1000.0,3.2,11.0,0,0,0.0,0,0,0,0,0,1.31,3.5,1.4,4.2,0,0,0,0,0,0,0,0,1.11,970.0,1.11,970.0,0,0,0,0,0,0,0,0,0,0,0,0,0,0,0,0,0,0,1.49,980.0,1.1,980.0,1.1,1000.0,1.1,1000.0,1.1,980.0,1.1,980.0,1.1,980.0,1.1,1000.0,1.1,1000.0,1.1,980.0,1.1,980.0,1.1,1000,1.1,1000.0,1.1,1000.0,1.1,1000,1.1,1000,1.55,1000.0,1.55,1000.0,1.1,1000,2,0,3,0,[30 45 61],[]
ITALY 3,45374,Fiorenzuola,Pro Patria,2.52,4.7,2.38,3.65,2.34,5.1,0,0,0.0,0,0,0,0,0,1.33,4.6,1.27,3.95,0,0,0,0,0,0,0,0,1.11,970.0,1.11,970.0,0,0,0,0,0,0,0,0,0,0,0,0,0,0,0,0,0,0,1.1,980.0,1.1,980.0,1.1,1000.0,1.1,1000.0,1.1,980.0,1.1,980.0,1.1,980.0,1.1,1000.0,1.1,1000.0,1.1,980.0,1.1,980.0,1.1,1000,1.1,1000.0,1.1,1000.0,1.1,1000,1.1,1000,1.55,1000.0,1.55,1000.0,1.1,1000,0,1,3,1,[53 66 75],[27]
ITALY 3,45374,Picerno,Latina,1.62,2.52,4.0,1000.0,2.74,7.6,0,0,0.0,0,0,0,0,0,2.04,3.8,1.36,1.96,0,0,0,0,0,0,0,0,1.11,970.0,1.11,970.0,0,0,0,0,0,0,0,0,0,0,0,0,0,0,0,0,0,0,1.49,1000.0,1.01,1000.0,1.01,1000.0,1.01,1000.0,3.0,1000.0,1.01,1000.0,1.01,1000.0,1.01,1000.0,1.01,1000.0,4.0,1000.0,8.6,1000.0,1.01,1000,3.25,1000.0,1.01,1000.0,1.01,1000,8.8,1000,1.55,1000.0,1.55,1000.0,1.01,1000,0,2,0,2,[],[42 44]
SPAIN 2,45374,FC Cartagena SAD,Andorra,2.4,2.48,3.5,3.75,3.15,3.2,0,0,0.0,0,0,0,0,0,2.46,2.9,1.53,1.69,0,0,0,0,0,0,0,0,2.02,2.38,1.72,1.98,0,0,0,0,0,0,0,0,0,0,0,0,0,0,0,0,0,0,7.8,8.8,9.2,10.0,20.0,23.0,13.5,80.0,7.2,8.0,6.8,7.2,14.5,16.0,29.0,55.0,12.5,14.0,11.0,12.5,21.0,24.0,14.0,85,30.0,34.0,29.0,34.0,34.0,70,15.0,200,18.5,36.0,13.5,80.0,16.0,1000,1,0,1,0,[41],[]
SLOVENIA 1,45374,Koper,Mura,2.08,2.16,3.8,4.3,3.5,3.8,0,0,0.0,0,0,0,0,0,1.98,2.12,1.9,2.04,0,0,0,0,0,0,0,0,1.75,2.04,1.98,2.34,0,0,0,0,0,0,0,0,0,0,0,0,0,0,0,0,0,0,11.0,980.0,11.5,980.0,3.15,980.0,3.35,1000.0,7.8,980.0,6.8,980.0,2.98,980.0,4.9,980.0,10.5,980.0,3.8,980.0,15.5,980.0,3.35,980,4.9,980.0,4.8,980.0,5.0,980,3.35,980,2.9,980.0,3.25,980.0,3.4,1000,1,0,2,1,[32 70],[90]
SPAIN 4,45375,R. Oviedo B,Rayo Cantabria,1.23,1000.0,1.84,1000.0,2.06,32.0,0,0,0.0,0,0,0,0,0,1.11,4.6,1.27,10.5,0,0,0,0,0,0,0,0,1.01,1000.0,1.01,1000.0,0,0,0,0,0,0,0,0,0,0,0,0,0,0,0,0,0,0,1.45,1000.0,1.01,1000.0,1.01,1000.0,1.01,1000.0,1.01,1000.0,1.01,1000.0,1.01,1000.0,1.01,1000.0,1.01,1000.0,5.0,1000.0,1.01,1000.0,1.01,1000,1.01,1000.0,1.01,1000.0,1.01,1000,1.01,1000,1.55,1000.0,1.55,1000.0,1.01,1000,0,2,2,2,[71 90],[22 26]
ITALY 4,45375,Casarano,Paganese,1.01,980.0,1.01,980.0,1.21,980.0,0,0,0.0,0,0,0,0,0,1.1,26.0,1.1,12.5,0,0,0,0,0,0,0,0,1.12,980.0,1.12,980.0,0,0,0,0,0,0,0,0,0,0,0,0,0,0,0,0,0,0,1.43,980.0,1.1,980.0,1.1,1000.0,1.1,1000.0,1.1,980.0,1.1,980.0,1.1,980.0,1.1,1000.0,1.1,1000.0,2.88,980.0,1.1,980.0,1.1,1000,1.1,1000.0,1.1,1000.0,1.1,1000,1.1,1000,1.1,1000.0,1.1,1000.0,1.1,1000,0,0,2,0,[49 75],[]
SPAIN 4,45375,Ursaria,Montijo,1.01,1000.0,1.01,1000.0,2.06,980.0,0,0,0.0,0,0,0,0,0,1.1,4.6,1.27,13.5,0,0,0,0,0,0,0,0,1.1,980.0,1.1,980.0,0,0,0,0,0,0,0,0,0,0,0,0,0,0,0,0,0,0,1.49,980.0,1.1,980.0,1.1,1000.0,1.1,1000.0,1.1,980.0,1.1,980.0,1.1,980.0,1.1,1000.0,1.1,1000.0,1.1,980.0,1.1,980.0,1.1,1000,1.1,1000.0,1.1,1000.0,1.1,1000,1.1,1000,1.1,1000.0,1.1,1000.0,1.1,1000,1,1,4,1,[26 58 63 90],[38]
SPAIN 4,45375,Getafe B,Villanovense,1.66,1000.0,1.68,1000.0,2.06,330.0,0,0,0.0,0,0,0,0,0,1.14,4.6,1.27,8.2,0,0,0,0,0,0,0,0,1.1,980.0,1.1,980.0,0,0,0,0,0,0,0,0,0,0,0,0,0,0,0,0,0,0,1.49,980.0,1.1,980.0,1.1,1000.0,1.1,1000.0,1.1,980.0,1.1,980.0,1.1,980.0,1.1,1000.0,1.1,1000.0,4.1,980.0,1.1,980.0,1.1,1000,1.1,1000.0,1.1,1000.0,1.1,1000,1.1,1000,1.1,1000.0,1.1,1000.0,1.1,1000,2,0,4,1,[ 4 14 51 62],[55]
SPAIN 2,45375,Valladolid,Eibar,2.26,2.36,3.7,3.95,3.2,3.25,0,0,0.0,0,0,0,0,0,2.48,2.76,1.57,1.68,0,0,0,0,0,0,0,0,2.1,2.26,1.8,1.91,0,0,0,0,0,0,0,0,0,0,0,0,0,0,0,0,0,0,8.2,9.2,9.6,11.0,22.0,25.0,14.0,85.0,7.0,7.8,6.8,7.4,15.0,17.0,25.0,65.0,11.5,13.0,10.5,12.0,21.0,23.0,14.0,100,27.0,32.0,26.0,32.0,24.0,60,15.0,980,20.0,28.0,14.0,110.0,17.0,1000,0,0,0,0,[],[]
SPAIN 2,45375,Amorebieta,Gijon,3.45,3.7,2.46,2.54,3.1,3.15,0,0,0.0,0,0,0,0,0,2.7,2.98,1.51,1.59,0,0,0,0,0,0,0,0,2.2,2.38,1.73,1.84,0,0,0,0,0,0,0,0,0,0,0,0,0,0,0,0,0,0,7.4,8.4,7.0,7.8,12.5,13.5,32.0,38.0,8.8,9.8,6.6,7.2,11.5,13.0,30.0,36.0,20.0,23.0,15.0,16.5,22.0,25.0,36.0,75,15.0,80.0,34.0,60.0,15.0,95,29.0,210,13.5,100.0,12.0,38.0,16.0,1000,2,1,3,1,[23 45 90],[43]
ITALY 3,45375,Lucchese,Cesena,4.4,17.0,1.75,2.04,3.25,3.7,0,0,0.0,0,0,0,0,0,1.1,4.6,1.27,15.5,0,0,0,0,0,0,0,0,1.11,10.0,1.11,10.0,0,0,0,0,0,0,0,0,0,0,0,0,0,0,0,0,0,0,1.49,980.0,1.1,980.0,1.1,1000.0,1.1,1000.0,1.1,980.0,1.1,980.0,1.1,980.0,1.1,1000.0,1.1,1000.0,4.8,980.0,1.1,980.0,1.1,1000,1.1,1000.0,1.1,1000.0,1.1,1000,1.1,1000,1.55,1000.0,1.55,1000.0,1.1,1000,0,0,0,1,[],[66]
ITALY 3,45375,Arezzo,Fermana,1.52,2.0,5.3,1000.0,3.1,10.0,0,0,0.0,0,0,0,0,0,1.1,4.6,1.27,970.0,0,0,0,0,0,0,0,0,1.75,10.5,1.35,2.34,0,0,0,0,0,0,0,0,0,0,0,0,0,0,0,0,0,0,1.5,1000.0,2.94,1000.0,1.03,1000.0,1.03,1000.0,2.68,1000.0,3.2,1000.0,3.75,1000.0,6.4,1000.0,2.68,1000.0,9.2,1000.0,8.0,1000.0,14.0,1000,4.2,1000.0,4.0,1000.0,7.0,1000,14.5,1000,1.55,980.0,1.55,1000.0,15.0,1000,1,0,2,0,[30 71],[]
SPAIN 4,45375,Cayon,Compostela,1.01,1000.0,1.01,1000.0,2.06,980.0,0,0,0.0,0,0,0,0,0,1.13,4.6,1.27,8.8,0,0,0,0,0,0,0,0,1.1,980.0,1.1,980.0,0,0,0,0,0,0,0,0,0,0,0,0,0,0,0,0,0,0,1.46,980.0,1.1,980.0,1.1,1000.0,1.1,1000.0,1.1,980.0,1.1,980.0,1.1,980.0,1.1,1000.0,1.1,1000.0,1.1,980.0,1.1,980.0,1.1,1000,1.1,1000.0,1.1,1000.0,1.1,1000,1.1,1000,1.1,1000.0,1.1,1000.0,1.1,1000,2,0,4,0,[25 40 62 90],[]
SPAIN 4,45375,Torrelavega,Racing Club Villalbes,1.01,1000.0,1.01,1000.0,2.06,980.0,0,0,0.0,0,0,0,0,0,1.1,4.6,1.27,11.0,0,0,0,0,0,0,0,0,1.1,980.0,1.1,980.0,0,0,0,0,0,0,0,0,0,0,0,0,0,0,0,0,0,0,1.47,1000.0,1.01,1000.0,1.01,1000.0,1.01,1000.0,1.01,1000.0,1.01,1000.0,1.01,1000.0,1.01,1000.0,1.01,1000.0,1.01,1000.0,1.01,1000.0,1.01,1000,1.01,1000.0,1.01,1000.0,1.01,1000,1.01,1000,1.01,1000.0,1.01,1000.0,1.01,1000,0,1,2,1,[68 81],[29]
SPAIN 4,45375,Pontevedra,Marino de Luanco,1.01,1000.0,1.01,1000.0,2.06,980.0,0,0,0.0,0,0,0,0,0,1.1,4.6,1.27,980.0,0,0,0,0,0,0,0,0,1.01,1000.0,1.01,1000.0,0,0,0,0,0,0,0,0,0,0,0,0,0,0,0,0,0,0,1.49,1000.0,4.2,1000.0,4.2,1000.0,4.2,1000.0,1.01,1000.0,2.72,1000.0,4.2,1000.0,4.2,1000.0,2.82,1000.0,3.45,1000.0,1.01,1000.0,4.2,1000,1.01,1000.0,1.01,1000.0,6.0,1000,7.6,1000,1.01,1000.0,1.55,1000.0,15.0,1000,2,1,2,1,[32 45],[10]
SPAIN 4,45375,Real Aviles,Zamora,1.17,1000.0,1.17,1000.0,1.21,980.0,0,0,0.0,0,0,0,0,0,1.11,4.6,1.27,10.5,0,0,0,0,0,0,0,0,1.01,1000.0,1.01,1000.0,0,0,0,0,0,0,0,0,0,0,0,0,0,0,0,0,0,0,1.49,1000.0,1.01,1000.0,1.01,1000.0,1.01,1000.0,1.01,1000.0,1.01,1000.0,1.01,1000.0,1.01,1000.0,1.01,1000.0,1.01,1000.0,1.01,1000.0,1.01,1000,1.01,1000.0,1.01,1000.0,1.01,1000,1.01,1000,1.55,1000.0,1.55,1000.0,1.01,1000,0,1,0,1,[],[10]
URUGUAY 1,45375,CA Cerro,Cerro Largo,2.76,3.2,2.88,3.3,2.82,3.15,0,0,0.0,0,0,0,0,0,2.46,3.15,1.48,1.69,0,0,0,0,0,0,0,0,1.97,2.64,1.74,1.85,0,0,0,0,0,0,0,0,0,0,0,0,0,0,0,0,0,0,3.15,9.2,3.3,980.0,3.95,980.0,4.2,980.0,3.3,10.5,2.9,980.0,5.1,980.0,4.1,980.0,3.65,980.0,4.2,980.0,5.4,980.0,10.5,980,4.2,980.0,4.7,980.0,6.6,980,8.8,1000,3.45,980.0,3.45,980.0,4.8,1000,0,1,1,1,[50],[2]
URUGUAY 1,45375,Danubio,Wanderers,2.26,2.4,3.75,4.2,3.0,3.3,0,0,0.0,0,0,0,0,0,2.6,2.92,1.52,1.62,0,0,0,0,0,0,0,0,2.12,2.36,1.73,1.88,0,0,0,0,0,0,0,0,0,0,0,0,0,0,0,0,0,0,7.4,8.6,9.0,12.5,5.5,30.0,6.2,980.0,6.4,7.8,6.4,7.4,5.5,21.0,6.0,980.0,9.2,14.5,9.2,14.5,17.5,30.0,6.2,980,6.2,36.0,6.2,38.0,6.2,980,6.4,980,5.6,36.0,6.2,980.0,6.6,1000,0,1,0,2,[],[12 50]
ITALY 4,45375,Campobasso,Vastogirardi,1.01,1000.0,1.2,980.0,1.29,980.0,0,0,0.0,0,0,0,0,0,1.1,26.0,1.1,980.0,0,0,0,0,0,0,0,0,1.12,980.0,1.12,980.0,0,0,0,0,0,0,0,0,0,0,0,0,0,0,0,0,0,0,1.45,980.0,1.1,980.0,1.1,1000.0,1.1,1000.0,1.1,980.0,1.1,980.0,1.1,980.0,1.1,1000.0,1.1,1000.0,3.7,980.0,1.1,980.0,1.1,1000,1.1,1000.0,1.1,1000.0,1.1,1000,1.1,1000,1.1,1000.0,1.1,1000.0,1.1,1000,0,0,0,0,[],[]
ITALY 4,45375,Gladiator,Anzio Calcio 1924,40.0,980.0,1.01,990.0,1.21,330.0,0,0,0.0,0,0,0,0,0,1.1,26.0,1.1,970.0,0,0,0,0,0,0,0,0,1.12,980.0,1.12,980.0,0,0,0,0,0,0,0,0,0,0,0,0,0,0,0,0,0,0,1.49,980.0,1.1,980.0,1.1,1000.0,1.1,1000.0,1.1,980.0,1.1,980.0,1.1,980.0,1.1,1000.0,1.1,1000.0,1.1,980.0,1.1,980.0,1.1,1000,1.1,1000.0,1.1,1000.0,1.1,1000,1.1,1000,1.1,1000.0,1.1,1000.0,1.1,1000,0,0,1,0,[90],[]
SPAIN 4,45375,FC Cartagena SAD B,Yeclano,2.04,1000.0,1.58,1000.0,2.26,330.0,0,0,0.0,0,0,0,0,0,1.1,4.6,1.27,12.5,0,0,0,0,0,0,0,0,1.01,1000.0,1.01,1000.0,0,0,0,0,0,0,0,0,0,0,0,0,0,0,0,0,0,0,1.46,1000.0,1.01,1000.0,1.01,1000.0,1.01,1000.0,1.01,1000.0,1.01,1000.0,1.01,1000.0,1.01,1000.0,1.01,1000.0,4.6,1000.0,1.01,1000.0,1.01,1000,1.01,1000.0,1.01,1000.0,1.01,1000,1.01,1000,1.55,1000.0,1.55,1000.0,1.01,1000,1,1,1,2,[21],[16 59]
SPAIN 4,45375,San Roque,Racing Cartagena MM,1.01,1000.0,1.01,1000.0,1.21,980.0,0,0,0.0,0,0,0,0,0,1.14,4.6,1.27,8.2,0,0,0,0,0,0,0,0,1.01,1000.0,1.01,1000.0,0,0,0,0,0,0,0,0,0,0,0,0,0,0,0,0,0,0,1.49,1000.0,1.01,1000.0,1.01,1000.0,1.01,1000.0,1.01,1000.0,1.01,1000.0,1.01,1000.0,1.01,1000.0,1.01,1000.0,1.01,1000.0,1.01,1000.0,1.01,1000,1.01,1000.0,1.01,1000.0,1.01,1000,1.01,1000,1.55,1000.0,1.55,1000.0,1.01,1000,2,0,2,1,[ 6 21],[69]
SPAIN 4,45375,UCAM Murcia,CD Estepona,2.36,1000.0,1.63,1000.0,1.57,330.0,0,0,0.0,0,0,0,0,0,1.13,4.6,1.27,8.8,0,0,0,0,0,0,0,0,1.01,1000.0,1.01,1000.0,0,0,0,0,0,0,0,0,0,0,0,0,0,0,0,0,0,0,1.49,1000.0,1.01,1000.0,1.01,1000.0,1.01,1000.0,1.01,1000.0,1.01,1000.0,1.01,1000.0,1.01,1000.0,1.01,1000.0,4.8,1000.0,1.01,1000.0,1.01,1000,1.01,1000.0,1.01,1000.0,1.01,1000,1.01,1000,1.55,1000.0,1.55,1000.0,1.01,1000,0,0,1,0,[75],[]
SPAIN 4,45375,La Union,Marbella,3.05,1000.0,1.62,1000.0,1.53,32.0,0,0,0.0,0,0,0,0,0,1.66,4.6,1.27,2.5,0,0,0,0,0,0,0,0,1.01,1000.0,1.01,1000.0,0,0,0,0,0,0,0,0,0,0,0,0,0,0,0,0,0,0,1.49,1000.0,1.01,1000.0,1.01,1000.0,1.01,1000.0,1.01,1000.0,1.01,1000.0,1.01,1000.0,1.01,1000.0,1.01,1000.0,1.01,1000.0,1.01,1000.0,1.01,1000,1.01,1000.0,1.01,1000.0,1.01,1000,1.01,1000,1.55,1000.0,1.55,1000.0,1.01,1000,0,0,1,0,[47],[]
ITALY 4,45375,Trastevere Calcio,Cassino,1.01,490.0,1.01,870.0,1.21,330.0,0,0,0.0,0,0,0,0,0,1.1,26.0,1.1,970.0,0,0,0,0,0,0,0,0,1.12,980.0,1.12,980.0,0,0,0,0,0,0,0,0,0,0,0,0,0,0,0,0,0,0,1.49,1000.0,2.34,1000.0,2.82,1000.0,3.05,1000.0,2.9,1000.0,2.94,1000.0,3.75,1000.0,7.8,1000.0,3.65,1000.0,3.8,1000.0,6.2,1000.0,13.0,1000,2.88,1000.0,8.2,1000.0,6.4,1000,9.6,1000,1.01,1000.0,1.01,1000.0,15.5,1000,1,0,1,0,[24],[]
JAPAN 2,45375,Iwaki,Montedio Yamagata,2.36,2.5,3.15,3.4,3.4,3.65,0,0,0.0,0,0,0,0,0,2.02,2.16,1.87,1.98,0,0,0,0,0,0,0,0,1.83,1.93,2.08,2.22,0,0,0,0,0,0,0,0,0,0,0,0,0,0,0,0,0,0,9.6,15.0,9.2,15.0,15.5,27.0,4.2,70.0,7.6,12.5,5.9,9.6,10.5,17.5,4.3,46.0,11.0,18.5,8.8,14.5,13.5,23.0,4.2,65,4.6,42.0,20.0,34.0,4.2,55,4.2,130,3.7,26.0,3.95,44.0,4.3,1000,0,0,0,0,[],[]
JAPAN 2,45375,Fujieda MYFC,Kumamoto,2.82,3.2,2.5,2.66,3.2,3.75,0,0,0.0,0,0,0,0,0,1.94,2.1,1.9,2.06,0,0,0,0,0,0,0,0,1.7,1.97,2.04,2.44,0,0,0,0,0,0,0,0,0,0,0,0,0,0,0,0,0,0,10.0,17.0,8.4,14.0,12.5,21.0,4.6,980.0,8.8,14.5,6.6,9.8,9.0,15.0,21.0,980.0,14.0,24.0,9.6,15.5,13.0,22.0,4.2,980,4.3,980.0,4.8,980.0,4.2,980,4.2,980,3.85,980.0,3.75,980.0,4.3,1000,1,0,2,1,[10 74],[63]
SPAIN 4,45375,Velez,Cadiz CF B,2.0,1000.0,1.43,1.95,2.08,3.65,0,0,0.0,0,0,0,0,0,1.1,4.6,1.27,970.0,0,0,0,0,0,0,0,0,1.01,1000.0,1.01,1000.0,0,0,0,0,0,0,0,0,0,0,0,0,0,0,0,0,0,0,1.49,1000.0,1.01,1000.0,1.01,1000.0,1.01,1000.0,1.01,1000.0,1.01,1000.0,1.01,1000.0,1.01,1000.0,1.01,1000.0,1.01,1000.0,1.01,1000.0,1.01,1000,1.01,1000.0,1.01,1000.0,1.01,1000,1.01,1000,1.01,1000.0,1.55,1000.0,1.01,1000,0,1,0,3,[],[28 52 79]
ITALY 3,45375,Renate,Arzignano,2.58,6.6,2.42,6.6,2.06,3.35,0,0,0.0,0,0,0,0,0,1.11,4.6,1.27,10.5,0,0,0,0,0,0,0,0,1.11,10.5,1.11,10.5,0,0,0,0,0,0,0,0,0,0,0,0,0,0,0,0,0,0,1.45,980.0,1.1,980.0,1.1,1000.0,1.1,1000.0,1.1,980.0,1.1,980.0,1.1,980.0,1.1,1000.0,1.1,1000.0,3.85,980.0,1.1,980.0,1.1,1000,1.1,1000.0,1.1,1000.0,1.1,1000,1.1,1000,1.55,1000.0,1.55,1000.0,1.1,1000,0,1,0,3,[],[38 48 80]
ITALY 3,45375,Pergolettese,Novara,2.36,3.4,2.88,4.2,2.78,3.3,0,0,0.0,0,0,0,0,0,1.1,4.6,1.27,11.0,0,0,0,0,0,0,0,0,1.02,970.0,1.02,970.0,0,0,0,0,0,0,0,0,0,0,0,0,0,0,0,0,0,0,1.49,1000.0,1.01,1000.0,1.01,1000.0,1.01,1000.0,1.01,1000.0,1.01,1000.0,1.01,1000.0,1.01,1000.0,1.01,1000.0,1.01,1000.0,1.01,1000.0,1.01,1000,1.01,1000.0,1.01,1000.0,1.01,1000,1.01,1000,1.55,1000.0,1.55,1000.0,1.01,1000,1,0,1,1,[45],[61]
JAPAN 2,45375,Vegalta Sendai,Tokushima,1.87,1.93,4.9,5.5,3.45,3.8,0,0,0.0,0,0,0,0,0,2.14,2.4,1.71,1.87,0,0,0,0,0,0,0,0,2.04,2.2,1.84,1.97,0,0,0,0,0,0,0,0,0,0,0,0,0,0,0,0,0,0,8.2,13.5,11.0,18.5,5.2,46.0,5.0,170.0,6.8,7.8,6.2,10.0,15.0,26.0,4.9,100.0,7.6,10.5,8.0,13.0,17.0,29.0,5.0,120,14.5,25.0,16.0,27.0,4.9,60,5.0,980,4.0,19.0,4.9,130.0,5.1,1000,0,0,0,0,[],[]
JAPAN 2,45375,V-Varen Nagasaki,Kofu,2.74,2.9,2.66,2.82,3.45,3.7,0,0,0.0,0,0,0,0,0,1.98,2.12,1.89,2.02,0,0,0,0,0,0,0,0,1.78,1.9,2.12,2.3,0,0,0,0,0,0,0,0,0,0,0,0,0,0,0,0,0,0,9.8,16.5,8.4,14.0,13.0,22.0,4.3,50.0,8.6,14.0,6.0,9.6,9.2,15.5,22.0,38.0,13.5,23.0,9.4,15.5,13.0,22.0,4.4,55,4.1,55.0,22.0,38.0,4.1,55,4.1,980,3.8,34.0,3.8,32.0,4.2,1000,0,1,1,1,[71],[24]
JAPAN 2,45375,Tochigi SC,Oita Trinita,3.35,3.7,2.4,2.58,3.0,3.3,0,0,0.0,0,0,0,0,0,2.52,2.74,1.57,1.66,0,0,0,0,0,0,0,0,2.08,2.24,1.81,1.93,0,0,0,0,0,0,0,0,0,0,0,0,0,0,0,0,0,0,6.6,980.0,6.0,9.8,3.8,17.5,4.4,980.0,7.6,12.5,6.4,8.8,9.2,15.5,4.9,980.0,16.5,28.0,3.85,19.5,4.1,980.0,4.5,980,4.5,980.0,4.5,980.0,4.5,980,4.7,980,4.5,980.0,4.3,980.0,4.8,1000,0,0,2,1,[55 90],[90]
JAPAN 2,45375,Shimizu S-Pulse,Blaublitz,1.59,1.64,6.4,7.2,3.95,4.3,0,0,0.0,0,0,0,0,0,2.0,2.26,1.79,1.99,0,0,0,0,0,0,0,0,2.08,2.26,1.8,1.93,0,0,0,0,0,0,0,0,0,0,0,0,0,0,0,0,0,0,10.5,14.5,15.5,22.0,7.8,980.0,8.6,980.0,6.6,7.4,7.8,9.6,21.0,29.0,8.4,980.0,7.8,8.8,9.0,10.5,21.0,29.0,8.4,980,12.5,17.0,6.8,21.0,7.6,980,8.6,980,5.1,12.0,8.6,980.0,9.0,1000,1,0,1,0,[26],[]
JAPAN 2,45375,Mito,Chiba,5.1,5.3,1.78,1.87,3.75,4.1,0,0,0.0,0,0,0,0,0,2.0,2.1,1.91,2.0,0,0,0,0,0,0,0,0,1.89,2.02,1.99,2.14,0,0,0,0,0,0,0,0,0,0,0,0,0,0,0,0,0,0,12.0,14.0,7.8,8.8,9.6,12.0,17.0,22.0,15.0,18.5,7.8,8.8,8.4,10.5,16.0,22.0,7.2,42.0,16.0,22.0,17.0,23.0,7.2,42,8.0,980.0,7.8,980.0,7.8,980,8.2,980,7.8,980.0,5.3,13.5,8.6,1000,0,0,0,0,[],[]
JAPAN 2,45375,Kusatsu,Okayama,5.4,5.8,1.8,1.83,3.6,3.7,0,0,0.0,0,0,0,0,0,2.18,2.46,1.68,1.85,0,0,0,0,0,0,0,0,2.08,2.26,1.8,1.91,0,0,0,0,0,0,0,0,0,0,0,0,0,0,0,0,0,0,10.0,10.5,6.6,7.2,8.6,9.6,17.0,19.0,14.0,15.5,7.6,8.4,9.6,10.5,20.0,22.0,36.0,40.0,19.5,22.0,22.0,25.0,42.0,55,80.0,160.0,50.0,95.0,24.0,980,100.0,980,17.0,980.0,14.0,15.0,20.0,1000,0,0,1,2,[48],[53 90]
ITALY 4,45375,Calcio Chieti,United Riccione,1.17,1000.0,1.17,980.0,1.29,330.0,0,0,0.0,0,0,0,0,0,1.1,26.0,1.1,970.0,0,0,0,0,0,0,0,0,1.12,980.0,1.12,980.0,0,0,0,0,0,0,0,0,0,0,0,0,0,0,0,0,0,0,1.49,980.0,1.1,980.0,1.1,1000.0,1.1,1000.0,1.1,980.0,1.1,980.0,1.1,980.0,1.1,1000.0,1.1,1000.0,3.5,980.0,1.1,980.0,1.1,1000,1.1,1000.0,1.1,1000.0,1.1,1000,1.1,1000,1.1,1000.0,1.1,1000.0,1.1,1000,2,0,2,0,[18 33],[]
JAPAN 2,45375,Renofa Yamaguchi,Ehime,2.42,2.5,3.25,3.45,3.4,3.55,0,0,0.0,0,0,0,0,0,2.04,2.3,1.77,1.97,0,0,0,0,0,0,0,0,1.79,2.04,1.97,2.28,0,0,0,0,0,0,0,0,0,0,0,0,0,0,0,0,0,0,10.5,12.0,11.0,12.5,19.5,22.0,11.5,60.0,8.8,10.0,7.0,7.8,13.0,14.5,10.5,980.0,13.5,15.0,10.5,12.0,16.5,19.0,44.0,60,29.0,34.0,24.0,28.0,11.0,980,12.5,980,9.2,25.0,11.0,44.0,13.5,1000,0,1,1,1,[90],[39]
SPAIN 4,45375,Naxara,Gernika,1.01,1000.0,1.01,1000.0,2.06,980.0,0,0,0.0,0,0,0,0,0,1.1,4.6,1.27,13.5,0,0,0,0,0,0,0,0,1.1,980.0,1.1,980.0,0,0,0,0,0,0,0,0,0,0,0,0,0,0,0,0,0,0,1.48,980.0,1.1,980.0,1.1,1000.0,1.1,1000.0,1.1,980.0,1.1,980.0,1.1,980.0,1.1,1000.0,1.1,1000.0,1.1,980.0,1.1,980.0,1.1,1000,1.1,1000.0,1.1,1000.0,1.1,1000,1.1,1000,1.1,1000.0,1.1,1000.0,1.1,1000,2,0,2,1,[ 8 40],[72]
SPAIN 4,45375,Tudelano,Brea,1.01,1000.0,1.01,1000.0,2.06,980.0,0,0,0.0,0,0,0,0,0,1.1,4.6,1.27,13.5,0,0,0,0,0,0,0,0,1.01,1000.0,1.01,1000.0,0,0,0,0,0,0,0,0,0,0,0,0,0,0,0,0,0,0,1.48,1000.0,1.01,1000.0,1.01,1000.0,1.01,1000.0,1.01,1000.0,1.01,1000.0,1.01,1000.0,1.01,1000.0,1.01,1000.0,2.94,1000.0,1.01,1000.0,1.01,1000,1.01,1000.0,1.01,1000.0,1.01,1000,1.01,1000,1.01,1000.0,1.01,1000.0,1.01,1000,0,0,2,0,[69 76],[]
SPAIN 4,45375,Zaragoza B,Alaves B,1.65,1000.0,1.57,1000.0,2.06,330.0,0,0,0.0,0,0,0,0,0,1.1,4.6,1.27,11.0,0,0,0,0,0,0,0,0,1.01,1000.0,1.01,1000.0,0,0,0,0,0,0,0,0,0,0,0,0,0,0,0,0,0,0,1.49,1000.0,1.01,1000.0,1.01,1000.0,1.01,1000.0,1.01,1000.0,1.01,1000.0,1.01,1000.0,1.01,1000.0,1.01,1000.0,3.65,1000.0,1.01,1000.0,1.01,1000,1.01,1000.0,1.01,1000.0,1.01,1000,1.01,1000,1.55,1000.0,1.55,1000.0,1.01,1000,1,0,2,1,[ 3 90],[56]
ITALY 3,45375,Turris,Catania,2.74,6.0,2.48,3.25,2.88,3.4,0,0,0.0,0,0,0,0,0,1.1,4.6,1.27,13.5,0,0,0,0,0,0,0,0,1.02,980.0,1.02,980.0,0,0,0,0,0,0,0,0,0,0,0,0,0,0,0,0,0,0,1.49,1000.0,1.01,1000.0,1.01,1000.0,1.01,1000.0,1.01,1000.0,1.01,1000.0,1.01,1000.0,1.01,1000.0,1.01,1000.0,4.3,1000.0,1.01,1000.0,1.01,1000,1.01,1000.0,1.01,1000.0,1.01,1000,1.01,1000,1.55,1000.0,1.55,1000.0,1.01,1000,2,0,2,1,[23 43],[73]
ECUADOR 1,45375,Tecnico U.,Macara,2.8,2.94,2.94,3.1,3.05,3.2,0,0,0.0,0,0,0,0,0,2.48,2.58,1.63,1.68,0,0,0,0,0,0,0,0,2.02,2.12,1.9,1.99,0,0,0,0,0,0,0,0,0,0,0,0,0,0,0,0,0,0,8.0,11.5,8.0,11.5,14.5,20.0,5.1,980.0,8.2,11.0,6.4,7.4,11.5,16.0,28.0,980.0,14.5,21.0,11.5,16.0,17.5,25.0,5.7,980,30.0,980.0,26.0,44.0,5.7,70,5.4,980,4.9,44.0,4.9,980.0,5.5,1000,0,1,1,1,[63],[14]
ECUADOR 1,45375,Ind. del Valle,Aucas,1.65,1.67,6.0,6.4,4.0,4.3,0,0,0.0,0,0,0,0,0,1.98,2.04,1.96,2.02,0,0,0,0,0,0,0,0,1.92,2.06,1.96,2.1,0,0,0,0,0,0,0,0,0,0,0,0,0,0,0,0,0,0,12.5,15.0,17.5,20.0,40.0,980.0,16.0,980.0,7.4,8.6,8.4,9.2,21.0,23.0,48.0,95.0,8.6,9.8,9.2,9.8,20.0,23.0,55.0,100,14.5,16.5,15.5,18.0,29.0,38,15.5,140,6.6,10.5,14.0,980.0,16.0,1000,0,0,1,1,[57],[86]
SPAIN 4,45375,San Fernando,Llerenense,1.26,1000.0,1.88,1000.0,2.06,330.0,0,0,0.0,0,0,0,0,0,1.12,4.6,1.27,9.4,0,0,0,0,0,0,0,0,1.1,980.0,1.1,980.0,0,0,0,0,0,0,0,0,0,0,0,0,0,0,0,0,0,0,1.45,7.8,1.41,980.0,1.41,1000.0,1.41,1000.0,1.17,980.0,1.41,980.0,1.41,980.0,1.41,1000.0,1.41,1000.0,4.6,980.0,1.41,980.0,1.41,1000,1.41,1000.0,1.41,1000.0,1.41,1000,1.41,1000,1.55,1000.0,1.55,1000.0,1.41,1000,0,1,0,2,[],[34 88]
SPAIN 4,45375,Cerdanyola,Saguntino,2.36,4.1,2.94,5.2,2.62,7.0,0,0,0.0,0,0,0,0,0,1.11,4.6,1.27,10.5,0,0,0,0,0,0,0,0,1.02,20.0,1.08,990.0,0,0,0,0,0,0,0,0,0,0,0,0,0,0,0,0,0,0,1.49,1000.0,1.01,1000.0,1.01,1000.0,1.01,1000.0,1.01,1000.0,1.01,1000.0,1.01,1000.0,1.01,1000.0,1.01,1000.0,1.01,1000.0,1.01,1000.0,1.01,1000,1.01,1000.0,1.01,1000.0,1.01,1000,1.01,1000,1.55,1000.0,1.55,1000.0,1.01,1000,0,0,1,0,[60],[]
SPAIN 4,45375,La Nucia,Valencia B,3.25,7.2,1.97,2.86,2.92,5.5,0,0,0.0,0,0,0,0,0,1.1,4.6,1.27,12.5,0,0,0,0,0,0,0,0,1.11,10.5,1.11,10.5,0,0,0,0,0,0,0,0,0,0,0,0,0,0,0,0,0,0,1.46,980.0,1.1,980.0,1.1,1000.0,1.1,1000.0,1.1,980.0,1.1,980.0,1.1,980.0,1.1,1000.0,1.1,1000.0,2.94,980.0,1.1,980.0,1.1,1000,1.1,1000.0,1.1,1000.0,1.1,1000,1.1,1000,1.55,1000.0,1.55,1000.0,1.1,1000,0,3,0,6,[],[18 31 43 55 75 88]
SPAIN 4,45375,Hercules,Terrassa,1.75,1.85,5.3,6.4,3.45,4.0,0,0,0.0,0,0,0,0,0,2.28,2.54,1.65,1.76,0,0,0,0,0,0,0,0,2.08,2.44,1.7,1.93,0,0,0,0,0,0,0,0,0,0,0,0,0,0,0,0,0,0,7.8,12.5,3.75,980.0,4.3,980.0,4.6,1000.0,5.7,8.2,6.8,9.2,4.0,980.0,4.5,980.0,3.85,11.5,8.8,13.0,4.1,980.0,4.6,980,3.9,980.0,4.0,980.0,4.7,980,16.5,980,3.8,980.0,4.6,980.0,4.7,1000,0,0,1,1,[87],[60]
VENEZUELA 1,45375,La Guaira,Zamora,1.93,2.1,4.5,5.4,3.1,3.65,0,0,0.0,0,0,0,0,0,2.26,2.5,1.66,1.79,0,0,0,0,0,0,0,0,2.0,2.24,1.8,2.0,0,0,0,0,0,0,0,0,0,0,0,0,0,0,0,0,0,0,3.85,12.5,4.2,980.0,4.9,980.0,5.3,1000.0,3.3,980.0,3.45,14.0,4.5,980.0,5.2,980.0,3.9,980.0,3.9,980.0,4.7,980.0,5.3,980,4.5,980.0,4.6,980.0,5.4,980,5.4,1000,4.3,980.0,5.3,980.0,5.5,1000,1,0,2,1,[16 54],[63]
VENEZUELA 1,45375,Monagas,Caracas,2.58,2.92,2.94,3.4,2.94,3.4,0,0,0.0,0,0,0,0,0,2.34,3.75,1.6,1.74,0,0,0,0,0,0,0,0,1.92,2.16,1.86,2.08,0,0,0,0,0,0,0,0,0,0,0,0,0,0,0,0,0,0,3.5,12.0,3.55,12.5,4.5,980.0,4.6,980.0,3.7,10.5,3.05,14.0,11.0,980.0,4.5,980.0,3.9,980.0,9.2,15.5,4.2,980.0,4.7,980,4.5,980.0,4.4,980.0,4.6,980,4.8,980,4.4,980.0,4.6,980.0,4.9,1000,1,1,1,1,[45],[7]
SPAIN 4,45375,Calahorra,UD Logrones,1.17,1000.0,1.17,1000.0,2.06,980.0,0,0,0.0,0,0,0,0,0,1.12,4.6,1.27,9.4,0,0,0,0,0,0,0,0,1.1,980.0,1.1,980.0,0,0,0,0,0,0,0,0,0,0,0,0,0,0,0,0,0,0,1.39,1000.0,1.01,1000.0,1.01,1000.0,1.01,1000.0,1.01,1000.0,1.01,1000.0,1.01,1000.0,1.01,1000.0,1.01,1000.0,3.85,1000.0,1.01,1000.0,1.01,1000,1.01,1000.0,1.01,1000.0,1.01,1000,1.01,1000,1.55,1000.0,1.55,1000.0,1.01,1000,0,1,0,1,[],[10]
SPAIN 4,45375,Barakaldo,Ath Bilbao B,2.34,1000.0,1.18,1000.0,1.21,980.0,0,0,0.0,0,0,0,0,0,1.1,4.6,1.27,11.0,0,0,0,0,0,0,0,0,1.1,980.0,1.1,980.0,0,0,0,0,0,0,0,0,0,0,0,0,0,0,0,0,0,0,1.49,1000.0,1.01,1000.0,1.01,1000.0,1.01,1000.0,1.01,1000.0,1.01,1000.0,1.01,1000.0,1.01,1000.0,1.01,1000.0,3.6,1000.0,1.01,1000.0,1.01,1000,1.01,1000.0,1.01,1000.0,1.01,1000,1.01,1000,1.55,1000.0,1.55,1000.0,1.01,1000,0,2,1,2,[72],[ 4 39]
COLOMBIA 1,45375,Bucaramanga,Envigado,1.74,1.75,6.2,6.4,3.65,3.8,0,0,0.0,0,0,0,0,0,2.2,2.28,1.79,1.84,0,0,0,0,0,0,0,0,2.14,2.22,1.83,1.88,0,0,0,0,0,0,0,0,0,0,0,0,0,0,0,0,0,0,10.5,12.5,15.5,980.0,7.6,980.0,8.6,980.0,6.6,7.8,7.8,8.6,21.0,980.0,8.2,980.0,8.4,9.8,9.2,11.5,21.0,980.0,8.4,980,15.5,18.5,16.0,980.0,7.6,980,8.6,980,5.4,13.5,8.4,980.0,9.0,1000,2,1,3,1,[18 30 90],[22]
SPAIN 3,45375,Recreativo Huelva,Merida AD,1.85,2.52,3.9,870.0,2.7,4.5,0,0,0.0,0,0,0,0,0,2.0,4.6,1.27,2.0,0,0,0,0,0,0,0,0,1.02,12.5,1.15,990.0,0,0,0,0,0,0,0,0,0,0,0,0,0,0,0,0,0,0,1.49,1000.0,1.01,1000.0,1.01,1000.0,1.01,1000.0,1.01,1000.0,1.01,1000.0,1.01,1000.0,1.01,1000.0,1.01,1000.0,4.6,1000.0,1.01,1000.0,1.01,1000,1.01,1000.0,1.01,1000.0,1.01,1000,1.01,1000,1.55,1000.0,1.55,1000.0,1.01,1000,3,0,3,0,[16 30 37],[]
ITALY 3,45375,Audace Cerignola,Potenza,1.41,4.3,3.3,5.6,2.9,3.55,0,0,0.0,0,0,0,0,0,1.66,4.6,1.27,2.5,0,0,0,0,0,0,0,0,1.11,10.0,1.11,10.0,0,0,0,0,0,0,0,0,0,0,0,0,0,0,0,0,0,0,1.49,1000.0,1.01,1000.0,1.01,1000.0,1.01,1000.0,1.01,1000.0,1.01,1000.0,1.01,1000.0,1.01,1000.0,1.01,1000.0,1.01,1000.0,1.01,1000.0,1.01,1000,1.01,1000.0,1.01,1000.0,1.01,1000,1.01,1000,1.55,1000.0,1.55,1000.0,1.01,1000,1,0,2,1,[45 90],[69]
SPAIN 4,45375,CE Europa,Alzira,1.28,3.0,5.6,1000.0,2.26,32.0,0,0,0.0,0,0,0,0,0,1.1,4.6,1.27,26.0,0,0,0,0,0,0,0,0,1.02,990.0,1.02,990.0,0,0,0,0,0,0,0,0,0,0,0,0,0,0,0,0,0,0,1.49,1000.0,1.01,1000.0,1.01,1000.0,1.01,1000.0,1.01,1000.0,1.01,1000.0,1.01,1000.0,1.01,1000.0,1.01,1000.0,1.01,1000.0,1.01,1000.0,1.01,1000,1.01,1000.0,1.01,1000.0,1.01,1000,1.01,1000,1.01,1000.0,1.55,1000.0,1.01,1000,0,0,0,0,[],[]
SPAIN 4,45375,Formentera,Espanyol B,2.46,4.1,2.86,4.6,2.64,4.8,0,0,0.0,0,0,0,0,0,1.12,4.6,1.27,9.4,0,0,0,0,0,0,0,0,1.02,990.0,1.02,990.0,0,0,0,0,0,0,0,0,0,0,0,0,0,0,0,0,0,0,1.49,1000.0,1.01,1000.0,1.01,1000.0,1.01,1000.0,1.01,1000.0,1.01,1000.0,1.01,1000.0,1.01,1000.0,1.01,1000.0,3.1,1000.0,1.01,1000.0,1.01,1000,1.01,1000.0,1.01,1000.0,1.01,1000,1.01,1000,1.55,1000.0,1.55,1000.0,1.01,1000,0,1,1,1,[63],[45]
SPAIN 2,45375,Levante,Elche,2.62,2.7,3.3,3.4,3.05,3.1,0,0,0.0,0,0,0,0,0,2.5,2.68,1.59,1.66,0,0,0,0,0,0,0,0,2.04,2.18,1.84,1.96,0,0,0,0,0,0,0,0,0,0,0,0,0,0,0,0,0,0,8.0,8.8,9.2,10.0,18.0,20.0,32.0,980.0,7.8,8.4,6.6,7.0,13.5,15.0,42.0,48.0,14.0,15.5,11.5,13.0,20.0,23.0,44.0,75,25.0,40.0,32.0,36.0,34.0,65,26.0,260,25.0,38.0,15.0,60.0,19.5,1000,0,0,0,0,[],[]
SPAIN 2,45375,Mirandes,Zaragoza,2.74,2.86,3.2,3.4,2.9,2.98,0,0,0.0,0,0,0,0,0,2.76,3.4,1.42,1.57,0,0,0,0,0,0,0,0,2.28,2.58,1.64,1.79,0,0,0,0,0,0,0,0,0,0,0,0,0,0,0,0,0,0,6.6,7.6,7.6,9.2,17.0,19.5,10.0,70.0,6.8,8.2,6.6,7.0,13.5,16.0,42.0,60.0,14.5,15.5,12.5,15.0,23.0,29.0,10.5,110,36.0,50.0,24.0,50.0,10.0,980,11.5,270,24.0,60.0,11.0,75.0,11.5,1000,0,0,0,0,[],[]
SPAIN 4,45375,Penya Indep.,Manresa,1.93,4.0,3.05,4.5,2.84,4.8,0,0,0.0,0,0,0,0,0,1.88,4.6,1.31,2.14,0,0,0,0,0,0,0,0,1.11,10.5,1.11,10.5,0,0,0,0,0,0,0,0,0,0,0,0,0,0,0,0,0,0,1.49,980.0,1.1,980.0,1.1,1000.0,1.1,1000.0,1.1,980.0,1.1,980.0,1.1,980.0,1.1,1000.0,1.1,1000.0,4.0,980.0,1.1,980.0,1.1,1000,1.1,1000.0,1.1,1000.0,1.1,1000,1.1,1000,1.55,1000.0,1.55,1000.0,1.1,1000,1,0,1,0,[33],[]
SPAIN 4,45375,Torrent,Lleida,2.68,6.0,2.56,6.6,2.7,5.6,0,0,0.0,0,0,0,0,0,1.15,4.6,1.27,7.8,0,0,0,0,0,0,0,0,1.11,11.0,1.11,10.5,0,0,0,0,0,0,0,0,0,0,0,0,0,0,0,0,0,0,1.49,1000.0,1.01,1000.0,1.01,1000.0,1.01,1000.0,1.01,1000.0,1.01,1000.0,1.01,1000.0,1.01,1000.0,1.01,1000.0,3.2,1000.0,1.01,1000.0,1.01,1000,1.01,1000.0,1.01,1000.0,1.01,1000,1.01,1000,1.55,1000.0,1.55,1000.0,1.01,1000,0,0,2,0,[77 83],[]
SPAIN 2,45375,Huesca,Burgos CF,2.6,2.68,3.55,3.7,2.88,2.92,0,0,0.0,0,0,0,0,0,3.2,3.45,1.4,1.46,0,0,0,0,0,0,0,0,2.44,2.64,1.61,1.7,0,0,0,0,0,0,0,0,0,0,0,0,0,0,0,0,0,0,6.0,6.6,8.0,8.8,19.5,22.0,40.0,80.0,6.4,7.0,6.4,6.8,16.0,17.5,16.0,75.0,13.0,14.5,12.5,14.5,27.0,30.0,18.0,120,36.0,44.0,40.0,48.0,17.0,95,42.0,290,16.5,60.0,13.5,980.0,18.5,1000,1,0,3,0,[11 55 86],[]
SPAIN 2,45375,Racing Santander,Eldense,2.0,2.02,4.5,4.7,3.45,3.55,0,0,0.0,0,0,0,0,0,2.28,2.34,1.74,1.78,0,0,0,0,0,0,0,0,1.98,2.1,1.92,2.04,0,0,0,0,0,0,0,0,0,0,0,0,0,0,0,0,0,0,10.0,11.0,12.5,14.5,28.0,32.0,17.5,110.0,7.2,8.0,7.2,7.8,16.5,19.5,38.0,65.0,10.0,11.0,10.0,11.0,19.5,22.0,55.0,80,20.0,23.0,20.0,23.0,13.5,46,100.0,140,16.0,17.5,14.5,80.0,19.5,1000,1,0,2,1,[26 71],[90]
SPAIN 4,45375,Sant Andreu,Badalona Futur,2.3,1000.0,3.45,4.5,2.94,3.65,0,0,0.0,0,0,0,0,0,1.1,4.6,1.27,11.0,0,0,0,0,0,0,0,0,1.1,10.5,1.11,10.5,0,0,0,0,0,0,0,0,0,0,0,0,0,0,0,0,0,0,1.49,1000.0,1.01,1000.0,1.01,1000.0,1.01,1000.0,1.01,1000.0,1.01,1000.0,1.01,1000.0,1.01,1000.0,1.01,1000.0,1.01,1000.0,1.01,1000.0,1.01,1000,1.01,1000.0,1.01,1000.0,1.01,1000,1.01,1000,1.55,1000.0,1.55,1000.0,1.01,1000,0,1,1,1,[90],[33]
SPAIN 3,45375,Barcelona B,Cornella,1.8,1000.0,1.53,7.6,3.3,3.7,0,0,0.0,0,0,0,0,0,2.0,4.6,1.27,2.0,0,0,0,0,0,0,0,0,1.02,100.0,1.08,990.0,0,0,0,0,0,0,0,0,0,0,0,0,0,0,0,0,0,0,1.48,1000.0,1.01,1000.0,1.01,1000.0,1.01,1000.0,1.01,1000.0,1.01,1000.0,1.01,1000.0,1.01,1000.0,1.01,1000.0,3.9,1000.0,1.01,1000.0,1.01,1000,1.01,1000.0,1.01,1000.0,1.01,1000,1.01,1000,1.55,1000.0,1.55,1000.0,1.01,1000,0,0,1,0,[71],[]
COLOMBIA 1,45375,Atl. Nacional,Dep. Pasto,1.68,1.72,6.4,7.0,3.65,3.95,0,0,0.0,0,0,0,0,0,2.58,2.7,1.59,1.63,0,0,0,0,0,0,0,0,2.32,2.6,1.62,1.75,0,0,0,0,0,0,0,0,0,0,0,0,0,0,0,0,0,0,8.4,11.5,14.0,19.0,6.4,60.0,6.4,980.0,5.1,6.2,7.6,9.6,22.0,34.0,6.2,980.0,7.2,9.0,9.2,13.0,25.0,38.0,6.2,980,13.5,20.0,18.5,28.0,6.4,70,26.0,980,4.7,17.0,20.0,980.0,6.4,1000,1,0,1,0,[38],[]
ITALY 4,45375,Brusaporto,Caldiero Terme,1.25,1000.0,1.2,1000.0,1.29,330.0,0,0,0.0,0,0,0,0,0,1.1,26.0,1.1,970.0,0,0,0,0,0,0,0,0,1.12,980.0,1.12,980.0,0,0,0,0,0,0,0,0,0,0,0,0,0,0,0,0,0,0,1.47,980.0,1.1,980.0,1.1,1000.0,1.1,1000.0,1.1,980.0,1.1,980.0,1.1,980.0,1.1,1000.0,1.1,1000.0,3.75,980.0,1.1,980.0,1.1,1000,1.1,1000.0,1.1,1000.0,1.1,1000,1.1,1000,1.1,1000.0,1.1,1000.0,1.1,1000,1,0,1,1,[32],[87]
COLOMBIA 1,45376,Once Caldas,Alianza,1.89,1.98,4.6,5.1,3.35,3.7,0,0,0.0,0,0,0,0,0,2.16,2.44,1.69,1.87,0,0,0,0,0,0,0,0,1.92,2.16,1.87,2.08,0,0,0,0,0,0,0,0,0,0,0,0,0,0,0,0,0,0,9.0,12.0,4.8,980.0,5.8,38.0,2.34,1000.0,7.0,980.0,7.2,8.8,16.0,980.0,2.44,1000.0,4.6,12.0,4.5,980.0,18.0,980.0,2.34,1000,17.5,24.0,18.5,25.0,6.0,50,2.34,1000,2.34,18.5,1.81,100.0,1.84,1000,1,0,1,0,[45],[]
IRELAND 2,45376,Bray,Longford,1.93,2.1,3.55,4.2,4.0,4.4,0,0,0.0,0,0,0,0,0,1.67,1.82,2.22,2.5,0,0,0,0,0,0,0,0,1.6,1.76,2.3,2.68,0,0,0,0,0,0,0,0,0,0,0,0,0,0,0,0,0,0,14.0,24.0,3.7,22.0,4.3,40.0,4.0,90.0,9.6,14.5,7.8,11.5,3.9,19.5,3.9,50.0,3.85,17.0,8.8,13.0,4.1,21.0,3.95,55,17.0,29.0,3.7,24.0,3.85,38,4.0,1000,3.2,13.5,3.7,42.0,4.0,1000,0,1,1,1,[90],[9]
FRANCE 3,45376,Versailles,Niort,2.5,3.35,2.48,3.2,3.0,4.2,0,0,0.0,0,0,0,0,0,1.93,4.5,1.75,2.08,0,0,0,0,0,0,0,0,1.54,2.5,1.67,2.86,0,0,0,0,0,0,0,0,0,0,0,0,0,0,0,0,0,0,3.25,980.0,3.2,980.0,3.55,22.0,3.15,1000.0,3.2,980.0,2.92,980.0,3.35,980.0,3.85,42.0,3.55,22.0,3.35,980.0,3.6,980.0,2.14,1000,2.36,1000.0,3.85,42.0,2.14,1000,1.89,1000,1.83,40.0,1.82,38.0,1.92,1000,0,1,1,1,[90],[45]
ITALY 3,45376,Crotone,Casertana,1.87,2.24,3.5,10.0,2.74,4.8,0,0,0.0,0,0,0,0,0,2.04,2.62,1.62,1.95,0,0,0,0,0,0,0,0,1.13,970.0,1.13,970.0,0,0,0,0,0,0,0,0,0,0,0,0,0,0,0,0,0,0,1.49,980.0,1.1,980.0,1.1,1000.0,1.1,1000.0,1.1,980.0,1.1,980.0,1.1,980.0,1.1,1000.0,1.1,1000.0,1.1,980.0,1.1,980.0,1.1,1000,1.1,1000.0,1.1,1000.0,1.1,1000,1.1,1000,1.1,1000.0,1.1,1000.0,1.1,1000,0,0,0,0,[],[]
VENEZUELA 1,45376,Angostura,Puerto Cabello,2.98,4.4,2.22,4.7,1.78,4.7,0,0,0.0,0,0,0,0,0,2.2,3.45,1.41,1.82,0,0,0,0,0,0,0,0,1.12,1000.0,1.12,1000.0,0,0,0,0,0,0,0,0,0,0,0,0,0,0,0,0,0,0,1.49,1000.0,2.44,1000.0,2.86,1000.0,4.5,1000.0,2.32,1000.0,3.1,1000.0,4.9,1000.0,7.2,1000.0,2.9,1000.0,2.92,1000.0,4.9,1000.0,12.0,1000,3.7,1000.0,5.0,1000.0,14.0,1000,13.5,1000,1.01,1000.0,1.01,1000.0,24.0,1000,1,0,1,0,[38],[]
CHILE 1,45376,U. De Chile,Cobresal,1.84,1.94,4.4,5.0,3.7,4.1,0,0,0.0,0,0,0,0,0,1.81,2.0,2.0,2.24,0,0,0,0,0,0,0,0,1.78,1.9,2.12,2.3,0,0,0,0,0,0,0,0,0,0,0,0,0,0,0,0,0,0,13.5,980.0,6.2,19.5,7.4,38.0,8.6,110.0,4.9,980.0,8.0,980.0,6.2,20.0,8.0,60.0,10.5,13.0,4.9,980.0,6.2,20.0,8.2,65,6.6,23.0,6.4,21.0,7.4,36,8.4,100,5.2,12.0,7.4,55.0,3.1,1000,1,1,2,2,[ 2 52],[ 7 58]
FRANCE 3,45377,Avranches,Villefranche,2.52,2.92,2.88,3.5,2.92,3.65,0,0,0.0,0,0,0,0,0,2.16,3.65,1.64,1.85,0,0,0,0,0,0,0,0,1.93,2.1,1.9,2.08,0,0,0,0,0,0,0,0,0,0,0,0,0,0,0,0,0,0,1.56,980.0,1.37,980.0,1.41,980.0,1.41,1000.0,1.93,980.0,1.93,980.0,5.2,980.0,1.41,1000.0,1.31,980.0,4.6,980.0,5.4,980.0,6.8,1000,3.4,1000.0,5.8,1000.0,6.2,1000,7.2,1000,1.41,1000.0,1.41,1000.0,3.75,1000,1,2,1,3,[26],[23 30 57]
FRANCE 3,45377,GOAL FC,Sochaux,2.8,2.98,2.6,2.94,3.15,4.1,0,0,0.0,0,0,0,0,0,1.89,2.16,1.86,2.12,0,0,0,0,0,0,0,0,1.76,1.91,2.1,2.32,0,0,0,0,0,0,0,0,0,0,0,0,0,0,0,0,0,0,1.44,980.0,1.42,980.0,1.55,980.0,1.55,1000.0,1.42,980.0,1.6,980.0,1.43,980.0,6.0,1000.0,2.82,980.0,1.6,980.0,1.55,980.0,1.55,1000,1.55,1000.0,1.55,1000.0,1.55,1000,7.2,1000,1.55,1000.0,1.55,980.0,1.38,1000,2,0,2,2,[ 4 28],[52 54]
ENGLAND 5,45377,Solihull Moors,Southend,2.84,3.2,2.46,2.68,3.45,3.7,0,0,0.0,0,0,0,0,0,1.86,2.08,1.93,2.16,0,0,0,0,0,0,0,0,1.72,1.86,2.16,2.38,0,0,0,0,0,0,0,0,0,0,0,0,0,0,0,0,0,0,11.5,980.0,4.6,980.0,5.8,980.0,6.0,980.0,5.0,980.0,4.3,9.0,5.1,980.0,5.8,980.0,5.5,980.0,4.8,980.0,5.9,980.0,6.8,980,6.4,980.0,6.0,980.0,6.2,980,6.6,980,5.8,980.0,5.4,980.0,4.8,1000,0,2,0,3,[],[22 37 66]
ITALY 3,45377,Triestina,Alessandria,1.42,1.5,7.8,11.0,4.3,5.0,0,0,0.0,0,0,0,0,0,2.02,2.3,1.78,1.97,0,0,0,0,0,0,0,0,2.3,2.54,1.65,1.76,0,0,0,0,0,0,0,0,0,0,0,0,0,0,0,0,0,0,3.75,15.5,4.3,980.0,4.8,110.0,4.9,1000.0,5.9,6.8,3.6,13.0,4.5,980.0,4.9,240.0,6.4,8.8,4.8,13.0,4.4,980.0,4.9,230,5.0,15.0,4.0,22.0,4.6,65,4.9,310,3.4,11.0,4.9,1000.0,5.0,1000,1,0,3,1,[42 68 79],[47]
ENGLAND 5,45377,Altrincham,Wealdstone,1.86,1.97,4.0,4.4,4.0,4.5,0,0,0.0,0,0,0,0,0,1.57,1.71,2.4,2.76,0,0,0,0,0,0,0,0,1.59,1.7,2.44,2.7,0,0,0,0,0,0,0,0,0,0,0,0,0,0,0,0,0,0,16.5,980.0,15.0,980.0,4.8,980.0,4.9,980.0,9.6,980.0,7.6,980.0,12.0,980.0,4.7,980.0,10.0,17.5,7.8,13.0,12.0,980.0,4.8,980,16.0,980.0,12.5,22.0,4.9,980,4.9,980,3.55,11.0,4.6,980.0,5.2,1000,1,1,4,1,[37 47 59 72],[33]
ENGLAND 5,45377,Gateshead,Hartlepool,1.81,1.94,3.95,4.3,3.85,4.9,0,0,0.0,0,0,0,0,0,1.5,1.64,2.56,3.0,0,0,0,0,0,0,0,0,1.53,1.67,2.5,2.88,0,0,0,0,0,0,0,0,0,0,0,0,0,0,0,0,0,0,4.0,980.0,4.0,980.0,4.0,980.0,4.1,980.0,3.65,980.0,3.45,980.0,3.75,980.0,4.0,980.0,3.6,18.5,9.0,13.5,3.75,980.0,4.0,980,3.8,980.0,3.75,980.0,3.85,980,4.1,980,2.92,9.2,3.75,980.0,4.2,1000,1,1,7,1,[28 47 53 60 70 73 90],[8]
COLOMBIA 1,45378,Atl. Nacional,Jaguares de Cordoba,1.57,1.6,8.0,8.4,4.0,4.3,0,0,0.0,0,0,0,0,0,2.3,2.36,1.73,1.77,0,0,0,0,0,0,0,0,2.3,2.5,1.66,1.76,0,0,0,0,0,0,0,0,0,0,0,0,0,0,0,0,0,0,9.8,11.0,16.5,21.0,40.0,65.0,15.5,980.0,5.9,6.6,8.4,9.4,28.0,32.0,15.0,160.0,7.0,7.8,9.6,11.0,27.0,32.0,15.0,170,12.5,14.0,17.5,19.5,34.0,55,160.0,260,10.5,12.0,16.0,290.0,16.5,1000,0,0,2,0,[65 83],[]
URUGUAY 1,45378,Progreso,Rampla Juniors,1.74,1.79,5.4,5.7,3.9,4.2,0,0,0.0,0,0,0,0,0,1.87,2.08,1.93,2.16,0,0,0,0,0,0,0,0,1.81,2.02,1.98,2.22,0,0,0,0,0,0,0,0,0,0,0,0,0,0,0,0,0,0,12.5,980.0,16.0,22.0,10.0,44.0,11.5,980.0,7.6,9.0,8.0,8.8,18.5,22.0,11.0,85.0,9.2,19.5,9.0,9.8,18.0,980.0,11.0,90,7.6,18.5,15.5,980.0,30.0,980,11.5,130,9.0,12.0,11.0,100.0,12.5,1000,2,1,4,2,[23 27 51 55],[ 7 65]
ITALY 4,45379,S. N. Notaresco,Real Monterotondo,1.01,480.0,1.01,870.0,1.21,950.0,0,0,0.0,0,0,0,0,0,1.04,6.6,1.2,1000.0,0,0,0,0,0,0,0,0,1.01,1000.0,1.01,1000.0,0,0,0,0,0,0,0,0,0,0,0,0,0,0,0,0,0,0,1.48,1000.0,1.03,1000.0,1.03,1000.0,1.03,1000.0,1.03,1000.0,1.03,1000.0,1.03,1000.0,1.03,1000.0,1.03,1000.0,1.03,1000.0,1.03,1000.0,1.03,1000,1.03,1000.0,1.03,1000.0,1.03,1000,1.03,1000,1.01,1000.0,1.01,1000.0,1.03,1000,1,1,1,2,[31],[ 9 67]
ITALY 4,45379,Alcione Milano,Vogherese,1.01,480.0,1.01,870.0,1.21,950.0,0,0,0.0,0,0,0,0,0,1.05,55.0,1.11,110.0,0,0,0,0,0,0,0,0,1.01,1000.0,1.01,1000.0,0,0,0,0,0,0,0,0,0,0,0,0,0,0,0,0,0,0,1.48,1000.0,1.03,1000.0,1.03,1000.0,1.03,1000.0,1.03,1000.0,1.03,1000.0,1.03,1000.0,1.03,1000.0,1.03,1000.0,1.03,1000.0,1.03,1000.0,1.03,1000,1.03,1000.0,1.03,1000.0,1.03,1000,1.03,1000,1.01,1000.0,1.01,1000.0,1.03,1000,2,1,3,1,[35 42 51],[43]
ITALY 4,45379,Fano,Atletico Ascoli,1.01,480.0,1.01,870.0,1.21,950.0,0,0,0.0,0,0,0,0,0,1.07,55.0,1.07,990.0,0,0,0,0,0,0,0,0,1.01,1000.0,1.01,1000.0,0,0,0,0,0,0,0,0,0,0,0,0,0,0,0,0,0,0,1.42,1000.0,1.03,1000.0,1.03,1000.0,1.03,1000.0,1.03,1000.0,1.03,1000.0,1.03,1000.0,1.03,1000.0,1.03,1000.0,1.03,1000.0,1.03,1000.0,1.03,1000,1.03,1000.0,1.03,1000.0,1.03,1000,1.03,1000,1.01,1000.0,1.01,1000.0,1.03,1000,1,0,1,1,[30],[68]
ITALY 3,45379,Padova,Pergolettese,1.48,1.55,8.6,11.0,4.0,4.6,0,0,0.0,0,0,0,0,0,2.12,2.36,1.73,1.9,0,0,0,0,0,0,0,0,2.32,2.56,1.64,1.75,0,0,0,0,0,0,0,0,0,0,0,0,0,0,0,0,0,0,10.0,12.5,6.6,980.0,3.3,980.0,2.38,1000.0,3.8,6.6,4.9,980.0,3.15,980.0,8.6,1000.0,4.3,980.0,5.2,980.0,3.1,980.0,7.0,1000,5.6,980.0,6.4,980.0,8.0,1000,2.38,1000,4.5,980.0,2.38,1000.0,9.4,1000,1,1,2,1,[20 61],[44]
ITALY 4,45379,Sambenedettese,Calcio Chieti,1.01,480.0,1.01,870.0,1.21,950.0,0,0,0.0,0,0,0,0,0,1.05,6.6,1.2,29.0,0,0,0,0,0,0,0,0,1.01,1000.0,1.01,1000.0,0,0,0,0,0,0,0,0,0,0,0,0,0,0,0,0,0,0,1.47,1000.0,1.03,1000.0,1.03,1000.0,1.03,1000.0,1.03,1000.0,1.03,1000.0,1.03,1000.0,1.03,1000.0,1.03,1000.0,1.03,1000.0,1.03,1000.0,1.03,1000,1.03,1000.0,1.03,1000.0,1.03,1000,1.03,1000,1.01,1000.0,1.01,1000.0,1.03,1000,0,0,1,1,[80],[52]
ITALY 4,45379,Tivoli Calcio,Roma City,1.24,480.0,1.23,870.0,1.29,950.0,0,0,0.0,0,0,0,0,0,1.05,6.6,1.2,29.0,0,0,0,0,0,0,0,0,1.12,1000.0,1.12,1000.0,0,0,0,0,0,0,0,0,0,0,0,0,0,0,0,0,0,0,1.47,980.0,1.1,980.0,1.1,1000.0,1.1,1000.0,1.1,980.0,1.1,980.0,1.1,980.0,1.1,1000.0,1.1,1000.0,1.1,980.0,1.1,980.0,1.1,1000,1.1,1000.0,1.1,1000.0,1.1,1000,1.1,1000,1.1,1000.0,1.1,1000.0,1.1,1000,0,0,0,2,[],[51 88]
ITALY 4,45379,United Riccione,Termoli,1.17,480.0,1.25,870.0,1.29,950.0,0,0,0.0,0,0,0,0,0,1.08,7.0,1.2,29.0,0,0,0,0,0,0,0,0,1.12,1000.0,1.12,1000.0,0,0,0,0,0,0,0,0,0,0,0,0,0,0,0,0,0,0,1.48,980.0,1.1,980.0,1.1,1000.0,1.1,1000.0,1.1,980.0,1.1,980.0,1.1,980.0,1.1,1000.0,1.1,1000.0,1.1,980.0,1.1,980.0,1.1,1000,1.1,1000.0,1.1,1000.0,1.1,1000,1.1,1000,1.1,1000.0,1.1,1000.0,1.1,1000,0,1,0,1,[],[28]
ITALY 4,45379,Vastogirardi,Matese,1.03,480.0,1.19,870.0,1.29,950.0,0,0,0.0,0,0,0,0,0,1.08,7.0,1.2,29.0,0,0,0,0,0,0,0,0,1.12,1000.0,1.12,1000.0,0,0,0,0,0,0,0,0,0,0,0,0,0,0,0,0,0,0,1.49,1000.0,1.03,1000.0,1.03,1000.0,1.03,1000.0,1.03,1000.0,1.03,1000.0,1.03,1000.0,1.03,1000.0,1.03,1000.0,1.03,1000.0,1.03,1000.0,1.03,1000,1.03,1000.0,1.03,1000.0,1.03,1000,1.03,1000,1.01,1000.0,1.01,1000.0,1.03,1000,0,0,1,0,[58],[]
ITALY 4,45379,Ligorna,Chieri,1.01,2.1,1.92,870.0,1.91,950.0,0,0,0.0,0,0,0,0,0,1.12,55.0,1.11,9.4,0,0,0,0,0,0,0,0,1.01,1000.0,1.01,1000.0,0,0,0,0,0,0,0,0,0,0,0,0,0,0,0,0,0,0,1.4,1000.0,1.03,1000.0,1.03,1000.0,1.03,1000.0,1.03,1000.0,1.03,1000.0,1.03,1000.0,1.03,1000.0,1.03,1000.0,1.03,1000.0,1.03,1000.0,1.03,1000,1.03,1000.0,1.03,1000.0,1.03,1000,1.03,1000,1.01,1000.0,1.01,1000.0,1.03,1000,1,0,2,1,[28 70],[49]
ITALY 3,45379,Fermana,Rimini,4.0,4.6,2.0,2.2,3.2,3.65,0,0,0.0,0,0,0,0,0,2.16,2.58,1.63,1.87,0,0,0,0,0,0,0,0,1.98,2.16,1.86,2.02,0,0,0,0,0,0,0,0,0,0,0,0,0,0,0,0,0,0,8.6,13.0,6.0,9.6,9.6,14.5,4.2,32.0,10.5,16.0,6.4,9.4,9.0,13.5,4.2,32.0,21.0,980.0,14.5,22.0,17.5,27.0,4.0,980,4.1,980.0,4.1,980.0,4.1,980,4.2,980,4.1,980.0,3.65,25.0,4.2,1000,2,2,3,2,[ 9 40 71],[14 27]
ITALY 3,45379,Gubbio,Torres,2.7,3.4,2.78,3.45,2.76,3.3,0,0,0.0,0,0,0,0,0,2.6,3.1,1.48,1.62,0,0,0,0,0,0,0,0,2.08,2.4,1.72,1.92,0,0,0,0,0,0,0,0,0,0,0,0,0,0,0,0,0,0,6.6,8.4,7.4,10.5,14.5,22.0,4.5,980.0,7.0,9.2,6.2,8.4,12.0,18.0,4.5,980.0,14.0,22.0,11.5,17.5,4.7,30.0,4.6,980,4.5,980.0,4.5,980.0,4.6,980,4.7,980,4.5,980.0,4.5,980.0,4.8,1000,0,0,1,0,[61],[]
ITALY 3,45379,Vis Pesaro,Lucchese,3.25,3.6,2.44,2.68,3.0,3.35,0,0,0.0,0,0,0,0,0,2.48,2.8,1.55,1.67,0,0,0,0,0,0,0,0,2.08,2.26,1.79,1.93,0,0,0,0,0,0,0,0,0,0,0,0,0,0,0,0,0,0,7.4,9.4,7.2,8.8,12.0,16.0,6.6,980.0,8.6,10.5,6.2,7.6,10.5,14.0,6.4,980.0,5.9,980.0,12.5,17.0,5.9,980.0,7.0,980,7.0,980.0,6.8,980.0,7.0,980,7.4,980,7.0,980.0,6.4,980.0,7.6,1000,1,1,1,3,[26],[34 46 85]
ITALY 3,45379,Carrarese,Perugia,1.93,2.18,3.9,5.4,3.1,4.2,0,0,0.0,0,0,0,0,0,2.24,2.66,1.6,1.81,0,0,0,0,0,0,0,0,1.96,2.3,1.76,2.06,0,0,0,0,0,0,0,0,0,0,0,0,0,0,0,0,0,0,3.2,980.0,3.45,980.0,3.9,980.0,4.2,1000.0,3.1,980.0,3.0,980.0,3.7,980.0,4.1,980.0,3.4,980.0,3.65,980.0,3.8,980.0,4.2,1000,3.85,980.0,3.85,980.0,4.1,980,4.2,1000,3.75,980.0,4.2,1000.0,4.3,1000,0,0,1,0,[90],[]
ITALY 4,45379,Pro Palazzolo,Real Calepina,1.01,480.0,1.01,870.0,1.21,950.0,0,0,0.0,0,0,0,0,0,1.08,30.0,1.11,30.0,0,0,0,0,0,0,0,0,1.01,1000.0,1.01,1000.0,0,0,0,0,0,0,0,0,0,0,0,0,0,0,0,0,0,0,1.49,1000.0,1.03,1000.0,1.03,1000.0,1.03,1000.0,1.03,1000.0,1.03,1000.0,1.03,1000.0,1.03,1000.0,1.03,1000.0,1.03,1000.0,1.03,1000.0,1.03,1000,1.03,1000.0,1.03,1000.0,1.03,1000,1.03,1000,1.01,1000.0,1.01,1000.0,1.03,1000,0,0,1,0,[89],[]
ITALY 4,45379,Tau,Trestina,1.03,480.0,1.16,870.0,1.28,950.0,0,0,0.0,0,0,0,0,0,1.05,55.0,1.11,110.0,0,0,0,0,0,0,0,0,1.01,1000.0,1.01,1000.0,0,0,0,0,0,0,0,0,0,0,0,0,0,0,0,0,0,0,1.49,1000.0,1.03,1000.0,1.03,1000.0,1.03,1000.0,1.03,1000.0,1.03,1000.0,1.03,1000.0,1.03,1000.0,1.03,1000.0,1.03,1000.0,1.03,1000.0,1.03,1000,1.03,1000.0,1.03,1000.0,1.03,1000,1.03,1000,1.01,1000.0,1.01,1000.0,1.03,1000,2,0,4,0,[14 17 51 80],[]
ITALY 4,45379,Barletta,Fidelis Andria,1.14,480.0,1.12,870.0,1.28,950.0,0,0,0.0,0,0,0,0,0,1.05,55.0,1.11,110.0,0,0,0,0,0,0,0,0,1.12,1000.0,1.12,1000.0,0,0,0,0,0,0,0,0,0,0,0,0,0,0,0,0,0,0,1.49,1000.0,1.03,1000.0,1.03,1000.0,1.03,1000.0,1.03,1000.0,1.03,1000.0,1.03,1000.0,1.03,1000.0,1.03,1000.0,1.03,1000.0,1.03,1000.0,1.03,1000,1.03,1000.0,1.03,1000.0,1.03,1000,1.03,1000,1.01,1000.0,1.01,1000.0,1.03,1000,0,1,1,2,[74],[ 6 83]
ITALY 4,45379,Gallipoli,Palmese 1914,1.01,480.0,1.01,870.0,1.21,950.0,0,0,0.0,0,0,0,0,0,1.09,55.0,1.11,30.0,0,0,0,0,0,0,0,0,1.01,1000.0,1.01,1000.0,0,0,0,0,0,0,0,0,0,0,0,0,0,0,0,0,0,0,1.49,1000.0,1.03,1000.0,1.03,1000.0,1.03,1000.0,1.03,1000.0,1.03,1000.0,1.03,1000.0,1.03,1000.0,1.03,1000.0,1.03,1000.0,1.03,1000.0,1.03,1000,1.03,1000.0,1.03,1000.0,1.03,1000,1.03,1000,1.01,1000.0,1.01,1000.0,1.03,1000,1,1,2,3,[12 57],[42 52 62]
ITALY 4,45379,Citta di Fasano,Altamura,1.01,480.0,1.01,870.0,1.21,950.0,0,0,0.0,0,0,0,0,0,1.09,21.0,1.07,110.0,0,0,0,0,0,0,0,0,1.01,1000.0,1.01,1000.0,0,0,0,0,0,0,0,0,0,0,0,0,0,0,0,0,0,0,1.49,1000.0,1.03,1000.0,1.03,1000.0,1.03,1000.0,1.03,1000.0,1.03,1000.0,1.03,1000.0,1.03,1000.0,1.03,1000.0,1.03,1000.0,1.03,1000.0,1.03,1000,1.03,1000.0,1.03,1000.0,1.03,1000,1.03,1000,1.01,1000.0,1.01,1000.0,1.03,1000,0,1,1,2,[80],[34 71]
ITALY 4,45379,Matera,Rotonda,1.03,480.0,1.15,870.0,1.28,950.0,0,0,0.0,0,0,0,0,0,1.05,55.0,1.11,110.0,0,0,0,0,0,0,0,0,1.12,1000.0,1.12,1000.0,0,0,0,0,0,0,0,0,0,0,0,0,0,0,0,0,0,0,1.48,1000.0,1.03,1000.0,1.03,1000.0,1.03,1000.0,1.03,1000.0,1.03,1000.0,1.03,1000.0,1.03,1000.0,1.03,1000.0,1.03,1000.0,1.03,1000.0,1.03,1000,1.03,1000.0,1.03,1000.0,1.03,1000,1.03,1000,1.01,1000.0,1.01,1000.0,1.03,1000,0,0,0,1,[],[65]
ITALY 4,45379,Follonica Gavorrano,Figline,1.01,480.0,1.01,870.0,1.21,950.0,0,0,0.0,0,0,0,0,0,1.05,55.0,1.11,1000.0,0,0,0,0,0,0,0,0,1.01,1000.0,1.01,1000.0,0,0,0,0,0,0,0,0,0,0,0,0,0,0,0,0,0,0,1.48,1000.0,1.03,1000.0,1.03,1000.0,1.03,1000.0,1.03,1000.0,1.03,1000.0,1.03,1000.0,1.03,1000.0,1.03,1000.0,1.03,1000.0,1.03,1000.0,1.03,1000,1.03,1000.0,1.03,1000.0,1.03,1000,1.03,1000,1.01,1000.0,1.01,1000.0,1.03,1000,0,1,1,1,[76],[13]
ITALY 4,45379,San Donato,Pianese,1.25,480.0,1.17,870.0,1.29,950.0,0,0,0.0,0,0,0,0,0,1.05,6.6,1.2,1000.0,0,0,0,0,0,0,0,0,1.01,1000.0,1.01,1000.0,0,0,0,0,0,0,0,0,0,0,0,0,0,0,0,0,0,0,1.49,1000.0,1.03,1000.0,1.03,1000.0,1.03,1000.0,1.03,1000.0,1.03,1000.0,1.03,1000.0,1.03,1000.0,1.03,1000.0,1.03,1000.0,1.03,1000.0,1.03,1000,1.03,1000.0,1.03,1000.0,1.03,1000,1.03,1000,1.01,1000.0,1.01,1000.0,1.03,1000,0,1,0,1,[],[34]
ITALY 4,45379,Grosseto,Mobilieri Ponsacco,1.01,480.0,1.01,870.0,1.21,950.0,0,0,0.0,0,0,0,0,0,1.05,26.0,1.11,110.0,0,0,0,0,0,0,0,0,1.01,1000.0,1.01,1000.0,0,0,0,0,0,0,0,0,0,0,0,0,0,0,0,0,0,0,1.47,1000.0,1.03,1000.0,1.03,1000.0,1.03,1000.0,1.03,1000.0,1.03,1000.0,1.03,1000.0,1.03,1000.0,1.03,1000.0,1.03,1000.0,1.03,1000.0,1.03,1000,1.03,1000.0,1.03,1000.0,1.03,1000,1.03,1000,1.01,1000.0,1.01,1000.0,1.03,1000,0,1,2,2,[71 75],[13 90]
PERU 1,45379,Deportivo Garcilaso,Comerciantes Unidos,1.64,2.1,4.8,1000.0,3.2,950.0,0,0,0.0,0,0,0,0,0,1.1,4.6,1.27,55.0,0,0,0,0,0,0,0,0,1.12,1000.0,1.12,1000.0,0,0,0,0,0,0,0,0,0,0,0,0,0,0,0,0,0,0,1.39,980.0,2.34,980.0,2.56,1000.0,3.15,1000.0,2.9,980.0,4.0,980.0,3.8,980.0,7.4,1000.0,2.78,1000.0,3.8,980.0,4.9,980.0,6.2,1000,4.0,1000.0,5.7,1000.0,8.6,1000,9.2,1000,1.1,1000.0,1.1,1000.0,1.1,1000,0,1,1,2,[79],[45 85]
ARGENTINA COPA,45379,Rosario Central,Barracas Central,2.08,2.14,4.3,4.6,3.3,3.35,0,0,0.0,0,0,0,0,0,2.58,2.66,1.6,1.63,0,0,0,0,0,0,0,0,2.16,2.28,1.78,1.87,0,0,0,0,0,0,0,0,0,0,0,0,0,0,0,0,0,0,8.6,9.4,10.5,12.0,26.0,30.0,14.5,110.0,6.6,7.2,7.0,7.8,17.0,18.5,42.0,75.0,10.0,11.5,10.5,12.0,22.0,25.0,14.0,95,23.0,26.0,25.0,28.0,12.5,60,28.0,190,22.0,26.0,13.0,110.0,14.5,1000,0,2,1,2,[51],[19 44]
ITALY 3,45379,Catania,Giugliano,0.0,0.0,0.0,0.0,0.0,0.0,0,0,0.0,0,0,0,0,0,1.01,6.6,1.2,1000.0,0,0,0,0,0,0,0,0,0.0,0.0,0.0,0.0,0,0,0,0,0,0,0,0,0,0,0,0,0,0,0,0,0,0,0.0,0.0,0.0,0.0,0.0,0.0,0.0,0.0,0.0,0.0,0.0,0.0,0.0,0.0,0.0,0.0,0.0,0.0,0.0,0.0,0.0,0.0,0.0,0,0.0,0.0,0.0,0.0,0.0,0,0.0,0,0.0,0.0,0.0,0.0,0.0,0,1,0,2,3,[ 2 71],[47 69 87]
ITALY 4,45379,Portici 1906,S. Agata,1.13,480.0,1.13,870.0,1.28,950.0,0,0,0.0,0,0,0,0,0,1.05,55.0,1.11,110.0,0,0,0,0,0,0,0,0,1.01,1000.0,1.01,1000.0,0,0,0,0,0,0,0,0,0,0,0,0,0,0,0,0,0,0,1.45,1000.0,1.03,1000.0,1.03,1000.0,1.03,1000.0,1.03,1000.0,1.03,1000.0,1.03,1000.0,1.03,1000.0,1.03,1000.0,1.03,1000.0,1.03,1000.0,1.03,1000,1.03,1000.0,1.03,1000.0,1.03,1000,1.03,1000,1.01,1000.0,1.01,1000.0,1.03,1000,1,0,1,1,[39],[55]
ITALY 4,45379,San Luca,Trapani,1.01,480.0,1.01,870.0,1.21,950.0,0,0,0.0,0,0,0,0,0,1.01,55.0,1.07,1000.0,0,0,0,0,0,0,0,0,1.01,1000.0,1.01,1000.0,0,0,0,0,0,0,0,0,0,0,0,0,0,0,0,0,0,0,1.46,1000.0,1.03,1000.0,1.03,1000.0,1.03,1000.0,1.03,1000.0,1.03,1000.0,1.03,1000.0,1.03,1000.0,1.03,1000.0,1.03,1000.0,1.03,1000.0,1.03,1000,1.03,1000.0,1.03,1000.0,1.03,1000,1.03,1000,1.01,1000.0,1.01,1000.0,1.03,1000,0,0,0,0,[],[]
VENEZUELA 1,45379,Dep. Tachira,Metropolitanos,1.84,1.93,5.7,6.4,3.15,3.6,0,0,0.0,0,0,0,0,0,2.48,2.86,1.55,1.67,0,0,0,0,0,0,0,0,2.14,2.56,1.64,1.87,0,0,0,0,0,0,0,0,0,0,0,0,0,0,0,0,0,0,7.4,980.0,4.2,980.0,5.1,980.0,5.5,1000.0,5.4,7.2,6.6,8.8,4.7,980.0,5.6,980.0,4.1,12.0,9.0,980.0,4.8,980.0,5.6,980,4.7,980.0,4.8,980.0,5.3,980,140.0,1000,4.6,980.0,5.5,1000.0,5.7,1000,0,0,2,0,[74 88],[]
BOLIVIA 1,45379,GV San Jose,Always Ready,1.04,1000.0,1.04,1000.0,1.01,950.0,0,0,0.0,0,0,0,0,0,1.05,6.6,1.2,55.0,0,0,0,0,0,0,0,0,1.01,1000.0,1.01,1000.0,0,0,0,0,0,0,0,0,0,0,0,0,0,0,0,0,0,0,1.48,1000.0,1.03,1000.0,1.03,1000.0,1.03,1000.0,1.03,1000.0,1.03,1000.0,1.03,1000.0,1.03,1000.0,1.03,1000.0,1.03,1000.0,1.03,1000.0,1.03,1000,1.03,1000.0,1.03,1000.0,1.03,1000,1.03,1000,1.01,1000.0,1.01,1000.0,1.03,1000,1,0,1,0,[8],[]
ITALY 4,45379,Bra,Lavagnese,1.01,480.0,1.01,870.0,1.21,950.0,0,0,0.0,0,0,0,0,0,1.09,55.0,1.11,30.0,0,0,0,0,0,0,0,0,1.01,1000.0,1.01,1000.0,0,0,0,0,0,0,0,0,0,0,0,0,0,0,0,0,0,0,1.48,1000.0,1.03,1000.0,1.03,1000.0,1.03,1000.0,1.03,1000.0,1.03,1000.0,1.03,1000.0,1.03,1000.0,1.03,1000.0,1.03,1000.0,1.03,1000.0,1.03,1000,1.03,1000.0,1.03,1000.0,1.03,1000,1.03,1000,1.01,1000.0,1.01,1000.0,1.03,1000,1,1,1,1,[38],[19]
ITALY 4,45379,SC Cenaia,Livorno,1.01,480.0,1.01,870.0,1.21,950.0,0,0,0.0,0,0,0,0,0,1.05,6.6,1.2,30.0,0,0,0,0,0,0,0,0,1.12,1000.0,1.12,1000.0,0,0,0,0,0,0,0,0,0,0,0,0,0,0,0,0,0,0,1.49,1000.0,1.03,1000.0,1.03,1000.0,1.03,1000.0,1.03,1000.0,1.03,1000.0,1.03,1000.0,1.03,1000.0,1.03,1000.0,1.03,1000.0,1.03,1000.0,1.03,1000,1.03,1000.0,1.03,1000.0,1.03,1000,1.03,1000,1.01,1000.0,1.01,1000.0,1.03,1000,0,1,1,1,[64],[17]
NETHERLANDS 2,45380,Den Bosch,Dordrecht,4.0,4.2,1.98,2.02,3.9,4.0,0,0,0.0,0,0,0,0,0,1.61,1.65,2.52,2.64,0,0,0,0,0,0,0,0,1.58,1.66,2.5,2.72,0,0,0,0,0,0,0,0,0,0,0,0,0,0,0,0,0,0,19.0,22.0,12.0,13.5,12.0,14.5,19.5,23.0,18.0,22.0,8.8,9.6,9.4,10.5,16.0,18.0,29.0,34.0,15.0,980.0,14.0,16.0,24.0,27,65.0,90.0,36.0,980.0,30.0,42,44.0,65,23.0,30.0,8.4,9.6,8.2,980,0,1,0,3,[],[45 50 58]
WALES 1,45380,Barry,Penybont,3.3,4.7,2.0,2.22,3.4,4.9,0,0,0.0,0,0,0,0,0,1.64,1.91,2.08,2.54,0,0,0,0,0,0,0,0,1.57,1.91,2.1,2.76,0,0,0,0,0,0,0,0,0,0,0,0,0,0,0,0,0,0,3.55,980.0,3.2,980.0,3.4,980.0,3.7,980.0,3.55,980.0,3.05,980.0,3.2,980.0,3.65,980.0,3.8,980.0,3.5,980.0,3.55,980.0,3.85,980,1.79,1000.0,2.66,1000.0,2.56,1000,3.15,1000,1.55,980.0,3.3,980.0,2.66,1000,0,0,0,0,[],[]
SPAIN 1,45380,Cadiz CF,Granada CF,2.06,2.08,4.4,4.5,3.4,3.45,0,0,0.0,0,0,0,0,0,2.54,2.6,1.63,1.65,0,0,0,0,0,0,0,0,2.2,2.24,1.8,1.84,0,0,0,0,0,0,0,0,0,0,0,0,0,0,0,0,0,0,9.2,9.4,11.5,12.0,27.0,29.0,95.0,110.0,6.8,7.0,7.2,7.6,18.0,18.5,65.0,70.0,10.0,11.0,11.0,11.5,22.0,24.0,65.0,95,22.0,24.0,24.0,26.0,50.0,55,100.0,180,19.5,23.0,44.0,110.0,1000.0,1000,0,0,1,0,[51],[]
ENGLAND 2,45380,Sheffield Wed,Swansea,2.6,2.62,2.98,3.0,3.5,3.55,0,0,0.0,0,0,0,0,0,1.88,1.91,2.1,2.14,0,0,0,0,0,0,0,0,1.72,1.77,2.3,2.4,0,0,0,0,0,0,0,0,0,0,0,0,0,0,0,0,0,0,13.5,15.5,12.5,13.5,18.5,21.0,40.0,46.0,11.5,12.5,7.4,8.4,12.0,13.0,28.0,32.0,15.5,17.5,11.0,12.0,15.0,16.5,36.0,40,30.0,36.0,23.0,26.0,32.0,38,48.0,85,17.5,19.5,22.0,26.0,15.5,990,1,0,1,1,[41],[76]
NETHERLANDS 2,45380,Venlo,Oss,1.69,1.74,5.4,5.7,4.1,4.4,0,0,0.0,0,0,0,0,0,1.79,1.82,2.2,2.26,0,0,0,0,0,0,0,0,1.75,1.91,2.1,2.34,0,0,0,0,0,0,0,0,0,0,0,0,0,0,0,0,0,0,16.0,18.0,18.5,23.0,32.0,44.0,13.0,140.0,9.0,10.0,8.8,9.8,18.5,21.0,46.0,70.0,9.8,11.0,9.2,10.0,17.5,20.0,46.0,70,15.5,17.5,15.0,17.0,28.0,32,65.0,110,8.0,9.0,12.0,65.0,14.5,980,0,0,2,0,[66 89],[]
ENGLAND 2,45380,Southampton,Middlesbrough,1.62,1.64,5.6,5.7,4.8,4.9,0,0,0.0,0,0,0,0,0,1.49,1.53,2.88,3.05,0,0,0,0,0,0,0,0,1.62,1.69,2.46,2.62,0,0,0,0,0,0,0,0,0,0,0,0,0,0,0,0,0,0,24.0,27.0,27.0,29.0,44.0,50.0,20.0,140.0,12.0,13.5,10.5,12.0,20.0,22.0,50.0,60.0,11.0,12.5,9.6,10.5,16.0,18.0,46.0,55,15.5,16.5,13.5,14.5,22.0,24,60.0,70,5.5,5.7,34.0,42.0,20.0,980,1,0,1,1,[12],[90]
ENGLAND 2,45380,Millwall,West Brom,3.5,3.55,2.44,2.46,3.2,3.25,0,0,0.0,0,0,0,0,0,2.62,2.86,1.54,1.62,0,0,0,0,0,0,0,0,2.14,2.3,1.78,1.88,0,0,0,0,0,0,0,0,0,0,0,0,0,0,0,0,0,0,8.0,8.6,7.0,7.8,12.0,13.5,30.0,34.0,9.2,10.5,6.8,7.0,11.5,12.5,29.0,34.0,20.0,24.0,14.5,16.0,21.0,25.0,55.0,65,48.0,80.0,48.0,65.0,48.0,85,75.0,210,50.0,80.0,27.0,36.0,17.5,980,1,0,1,1,[21],[67]
ARGENTINA COPA,45380,Tigre,Belgrano,2.88,3.0,2.96,3.05,2.98,3.1,0,0,0.0,0,0,0,0,0,2.68,2.76,1.57,1.59,0,0,0,0,0,0,0,0,2.1,2.24,1.81,1.91,0,0,0,0,0,0,0,0,0,0,0,0,0,0,0,0,0,0,7.2,8.8,7.6,9.2,13.5,18.5,9.6,980.0,8.0,8.8,6.4,7.0,11.0,14.5,9.4,980.0,15.0,19.0,11.5,14.0,19.0,25.0,10.0,75,9.6,55.0,9.4,46.0,10.0,75,11.0,980,9.6,50.0,9.6,980.0,11.5,1000,1,3,1,4,[40],[36 39 42 76]
ARGENTINA COPA,45380,Defensa y Justicia,Estudiantes L.P.,3.0,3.15,2.72,2.8,3.15,3.2,0,0,0.0,0,0,0,0,0,2.44,2.5,1.67,1.69,0,0,0,0,0,0,0,0,1.94,2.14,1.87,2.06,0,0,0,0,0,0,0,0,0,0,0,0,0,0,0,0,0,0,8.0,9.6,3.75,9.8,12.0,20.0,5.5,980.0,3.85,10.5,6.2,7.8,10.0,15.5,5.4,44.0,13.5,23.0,10.5,16.5,16.0,26.0,5.6,70,5.6,980.0,5.4,48.0,5.7,75,5.9,980,5.5,55.0,5.4,44.0,6.0,1000,1,0,1,0,[25],[]
WALES 1,45380,Connahs Q.,Newtown,1.52,1.71,4.6,7.4,4.1,7.0,0,0,0.0,0,0,0,0,0,1.5,1.69,2.44,3.25,0,0,0,0,0,0,0,0,1.61,1.83,2.2,2.64,0,0,0,0,0,0,0,0,0,0,0,0,0,0,0,0,0,0,3.8,980.0,3.8,980.0,2.84,1000.0,1.35,1000.0,3.35,980.0,3.25,980.0,3.7,980.0,2.38,1000.0,3.3,980.0,3.2,980.0,3.65,980.0,2.96,1000,3.55,980.0,3.45,980.0,3.8,980,3.0,1000,2.74,980.0,1.55,1000.0,4.2,1000,0,0,0,0,[],[]
ARGENTINA COPA,45380,Huracan,River Plate,4.2,4.3,2.1,2.16,3.35,3.5,0,0,0.0,0,0,0,0,0,2.44,2.5,1.67,1.69,0,0,0,0,0,0,0,0,2.06,2.3,1.77,1.95,0,0,0,0,0,0,0,0,0,0,0,0,0,0,0,0,0,0,7.4,11.0,5.8,8.2,8.6,14.0,20.0,32.0,10.0,14.0,6.4,8.4,8.4,12.5,21.0,32.0,5.1,38.0,15.0,20.0,18.5,25.0,5.4,65,5.6,130.0,5.5,80.0,5.6,110,5.7,200,5.6,110.0,4.8,26.0,5.9,1000,0,0,1,0,[78],[]
SAUDI ARABIA 1,45380,Al Ettifaq,Al Ahli SC,3.0,3.15,2.48,2.54,3.5,3.7,0,0,0.0,0,0,0,0,0,1.98,2.04,1.97,2.02,0,0,0,0,0,0,0,0,1.76,1.88,2.14,2.32,0,0,0,0,0,0,0,0,0,0,0,0,0,0,0,0,0,0,11.0,14.5,9.4,11.5,12.0,18.5,7.8,980.0,10.5,13.0,6.6,8.0,9.4,12.5,20.0,32.0,16.5,22.0,11.5,14.0,14.5,19.5,7.6,980,7.8,980.0,7.2,980.0,7.6,980,8.4,980,7.2,32.0,6.6,55.0,9.2,1000,1,1,2,2,[45 49],[ 8 88]
SPAIN 2,45380,Burgos CF,Espanyol,2.76,2.78,3.25,3.3,3.0,3.05,0,0,0.0,0,0,0,0,0,2.74,2.86,1.54,1.57,0,0,0,0,0,0,0,0,2.12,2.28,1.78,1.9,0,0,0,0,0,0,0,0,0,0,0,0,0,0,0,0,0,0,7.6,8.2,8.4,9.2,17.5,18.5,50.0,60.0,7.6,8.2,6.4,7.0,13.5,15.0,42.0,48.0,14.5,16.5,12.0,13.5,22.0,24.0,44.0,80,38.0,44.0,36.0,40.0,34.0,70,19.5,190,26.0,46.0,44.0,60.0,1000.0,1000,0,0,0,0,[],[]
ENGLAND 2,45380,Watford,Leeds,6.8,7.0,1.55,1.56,4.7,4.8,0,0,0.0,0,0,0,0,0,1.72,1.75,2.32,2.38,0,0,0,0,0,0,0,0,1.87,1.92,2.08,2.16,0,0,0,0,0,0,0,0,0,0,0,0,0,0,0,0,0,0,18.0,19.5,9.2,9.4,9.2,9.4,12.5,13.5,23.0,26.0,10.0,10.5,9.6,9.8,13.5,14.5,50.0,60.0,23.0,25.0,20.0,22.0,28.0,30,100.0,190.0,85.0,90.0,75.0,85,80.0,110,95.0,110.0,6.8,7.0,220.0,1000,2,1,2,2,[31 44],[37 85]
WALES 1,45380,Colwyn Bay,Aberystwyth,2.4,2.8,2.6,3.15,3.3,4.8,0,0,0.0,0,0,0,0,0,1.73,1.91,2.08,2.38,0,0,0,0,0,0,0,0,1.64,1.77,2.3,2.54,0,0,0,0,0,0,0,0,0,0,0,0,0,0,0,0,0,0,12.5,980.0,10.0,980.0,3.7,980.0,4.0,980.0,9.6,980.0,6.6,980.0,9.4,980.0,3.85,980.0,13.0,980.0,8.8,980.0,12.0,980.0,3.95,980,3.95,980.0,3.8,980.0,3.95,980,4.1,1000,2.08,980.0,1.94,980.0,2.3,1000,0,1,1,2,[88],[31 90]
NETHERLANDS 2,45380,De Graafschap,Jong AZ,1.74,1.78,4.8,5.0,4.4,4.6,0,0,0.0,0,0,0,0,0,1.56,1.6,2.68,2.8,0,0,0,0,0,0,0,0,1.61,1.69,2.46,2.64,0,0,0,0,0,0,0,0,0,0,0,0,0,0,0,0,0,0,21.0,27.0,21.0,27.0,36.0,44.0,6.8,100.0,11.5,14.5,9.6,12.0,15.5,21.0,38.0,55.0,11.5,14.5,9.2,11.5,15.0,19.0,36.0,55,17.0,21.0,14.0,17.5,18.5,29,40.0,75,3.7,7.4,6.2,40.0,7.2,980,1,0,2,1,[26 90],[75]
ENGLAND 2,45380,QPR,Birmingham,2.1,2.12,3.95,4.0,3.6,3.65,0,0,0.0,0,0,0,0,0,2.08,2.26,1.8,1.93,0,0,0,0,0,0,0,0,1.91,2.0,2.0,2.1,0,0,0,0,0,0,0,0,0,0,0,0,0,0,0,0,0,0,11.0,12.0,12.0,13.5,25.0,27.0,34.0,90.0,8.2,9.0,7.4,8.0,15.0,16.0,46.0,50.0,10.5,12.0,10.0,11.0,18.5,20.0,50.0,65,23.0,25.0,21.0,24.0,38.0,44,48.0,120,15.5,18.0,48.0,55.0,21.0,1000,0,0,2,1,[65 90],[62]
SERBIA 1,45380,TSC,Vozdovac,1.37,1.52,6.6,870.0,4.0,7.4,0,0,0.0,0,0,0,0,0,1.75,2.04,1.97,2.32,0,0,0,0,0,0,0,0,2.0,1000.0,1.72,2.0,0,0,0,0,0,0,0,0,0,0,0,0,0,0,0,0,0,0,1.03,1000.0,1.03,1000.0,1.03,1000.0,1.03,1000.0,1.03,8.8,1.03,12.5,1.03,1000.0,1.03,1000.0,1.03,8.8,1.03,11.5,1.03,1000.0,1.03,1000,1.03,13.5,1.03,1000.0,1.03,1000,1.03,1000,1.08,7.6,1.08,1000.0,1.03,1000,2,0,2,0,[42 44],[]
ENGLAND 2,45380,Blackburn,Ipswich,3.9,3.95,2.02,2.06,3.9,3.95,0,0,0.0,0,0,0,0,0,1.67,1.81,2.24,2.5,0,0,0,0,0,0,0,0,1.66,1.7,2.44,2.52,0,0,0,0,0,0,0,0,0,0,0,0,0,0,0,0,0,0,17.0,19.0,11.0,12.5,13.0,14.0,22.0,24.0,17.5,19.0,8.2,9.2,9.8,10.0,17.0,19.0,27.0,32.0,14.5,16.0,15.0,17.0,26.0,30,60.0,75.0,34.0,42.0,38.0,46,60.0,75,27.0,36.0,10.0,12.0,14.0,980,0,1,0,1,[],[9]
SAUDI ARABIA 1,45380,Damac,Al Khaleej,2.08,2.14,4.0,4.2,3.5,3.65,0,0,0.0,0,0,0,0,0,2.18,2.22,1.82,1.84,0,0,0,0,0,0,0,0,1.83,2.1,1.91,2.2,0,0,0,0,0,0,0,0,0,0,0,0,0,0,0,0,0,0,9.6,980.0,10.5,14.5,21.0,29.0,44.0,980.0,7.8,9.4,6.6,8.6,13.0,17.5,32.0,55.0,10.5,13.5,9.2,12.0,16.0,980.0,42.0,980,21.0,28.0,20.0,26.0,30.0,980,70.0,1000,5.6,19.5,3.85,980.0,4.9,1000,0,1,0,1,[],[35]
ENGLAND 2,45380,Cardiff,Sunderland,2.74,2.76,3.05,3.1,3.2,3.25,0,0,0.0,0,0,0,0,0,2.34,2.46,1.68,1.74,0,0,0,0,0,0,0,0,1.98,2.06,1.94,2.02,0,0,0,0,0,0,0,0,0,0,0,0,0,0,0,0,0,0,9.2,10.5,9.4,10.5,17.0,18.5,46.0,55.0,8.8,9.4,6.8,7.2,12.5,14.0,36.0,40.0,14.5,16.0,11.5,13.0,18.5,21.0,50.0,60,36.0,42.0,30.0,34.0,48.0,55,42.0,140,29.0,32.0,34.0,44.0,17.0,1000,0,2,0,2,[],[12 27]
ENGLAND 2,45380,Huddersfield,Coventry,3.15,3.2,2.44,2.46,3.55,3.6,0,0,0.0,0,0,0,0,0,1.94,1.97,2.02,2.06,0,0,0,0,0,0,0,0,1.75,1.84,2.2,2.34,0,0,0,0,0,0,0,0,0,0,0,0,0,0,0,0,0,0,13.0,14.0,10.5,11.5,14.5,15.5,27.0,34.0,12.0,13.5,7.4,8.2,10.5,11.5,22.0,25.0,20.0,22.0,12.5,13.5,15.5,17.5,32.0,38,46.0,55.0,30.0,34.0,40.0,44,36.0,90,25.0,30.0,16.0,19.0,20.0,980,0,2,1,3,[79],[16 22 90]
CROATIA 1,45380,Istra 1961,Lok. Zagreb,2.94,3.6,2.4,2.78,3.0,3.7,0,0,0.0,0,0,0,0,0,2.08,2.5,1.67,1.92,0,0,0,0,0,0,0,0,1.83,2.14,1.89,2.22,0,0,0,0,0,0,0,0,0,0,0,0,0,0,0,0,0,0,9.0,12.0,7.8,10.5,12.0,980.0,2.72,1000.0,9.2,12.5,6.2,980.0,9.8,980.0,3.3,980.0,5.1,980.0,11.5,980.0,5.0,980.0,2.26,1000,2.26,980.0,3.15,980.0,2.26,980,2.1,980,2.04,980.0,1.98,980.0,2.12,1000,0,0,0,0,[],[]
CROATIA 1,45380,Slaven Belupo,Osijek,3.05,3.6,2.2,2.52,3.3,3.95,0,0,0.0,0,0,0,0,0,1.87,2.12,1.9,2.14,0,0,0,0,0,0,0,0,1.69,1.9,2.12,2.44,0,0,0,0,0,0,0,0,0,0,0,0,0,0,0,0,0,0,1.64,980.0,1.95,980.0,1.65,980.0,1.84,1000.0,1.64,980.0,1.53,980.0,4.8,980.0,6.0,980.0,1.84,1000.0,11.5,1000.0,1.84,1000.0,1.84,1000,1.84,1000.0,1.84,1000.0,1.77,980,1.84,1000,1.84,1000.0,1.84,1000.0,1.84,1000,0,1,0,1,[],[6]
SAUDI ARABIA 1,45380,Al Taawon,Al Hazem,1.69,1.73,5.2,5.5,4.3,4.6,0,0,0.0,0,0,0,0,0,1.69,1.7,2.44,2.46,0,0,0,0,0,0,0,0,1.65,1.84,2.2,2.52,0,0,0,0,0,0,0,0,0,0,0,0,0,0,0,0,0,0,17.5,23.0,19.5,25.0,36.0,46.0,80.0,980.0,9.2,12.0,8.6,11.5,17.0,22.0,42.0,980.0,9.4,12.5,8.4,11.0,15.5,21.0,40.0,980,13.5,18.0,12.5,17.0,19.5,32,50.0,980,4.1,7.8,7.4,980.0,8.4,1000,0,0,4,0,[62 66 71 76],[]
VENEZUELA 1,45380,Zamora,Angostura,2.28,2.46,3.6,4.1,2.92,3.25,0,0,0.0,0,0,0,0,0,2.38,2.66,1.6,1.73,0,0,0,0,0,0,0,0,1.93,2.22,1.82,2.08,0,0,0,0,0,0,0,0,0,0,0,0,0,0,0,0,0,0,7.4,9.8,4.8,12.5,6.0,27.0,2.54,80.0,4.2,9.2,6.2,14.0,5.4,17.5,2.62,60.0,5.1,14.5,4.9,13.0,5.8,23.0,2.62,1000,6.4,34.0,6.2,32.0,3.4,60,2.84,1000,2.42,32.0,2.54,70.0,2.74,1000,1,1,1,2,[35],[ 3 76]
BELGIUM 2,45380,Club Brugge KV U23,Dender,5.8,6.6,1.55,1.61,4.5,5.1,0,0,0.0,0,0,0,0,0,1.62,1.68,2.46,2.64,0,0,0,0,0,0,0,0,1.74,1.84,2.18,2.34,0,0,0,0,0,0,0,0,0,0,0,0,0,0,0,0,0,0,19.0,25.0,9.6,12.0,9.4,12.0,13.0,16.5,23.0,29.0,10.0,12.5,9.0,980.0,13.0,980.0,7.4,1000.0,19.0,26.0,18.0,23.0,19.5,980,6.6,980.0,7.0,980.0,7.0,980,7.2,980,3.25,980.0,2.58,6.6,3.35,1000,0,1,0,1,[],[40]
BELGIUM 2,45380,Beerschot VA,Genk U23,1.52,1.56,5.6,6.4,5.0,5.8,0,0,0.0,0,0,0,0,0,1.46,1.51,2.96,3.15,0,0,0,0,0,0,0,0,1.64,1.73,2.36,2.58,0,0,0,0,0,0,0,0,0,0,0,0,0,0,0,0,0,0,21.0,980.0,7.8,980.0,8.8,980.0,8.0,980.0,10.5,16.0,10.5,13.5,19.5,25.0,8.8,980.0,9.8,13.0,8.6,11.5,16.0,21.0,8.4,980,13.0,17.0,11.5,15.5,18.5,27,28.0,980,3.35,5.5,7.2,980.0,8.4,980,1,0,1,0,[43],[]
ENGLAND 2,45380,Hull,Stoke,1.99,2.02,4.2,4.3,3.8,3.85,0,0,0.0,0,0,0,0,0,1.98,2.1,1.91,2.04,0,0,0,0,0,0,0,0,1.87,1.99,2.02,2.16,0,0,0,0,0,0,0,0,0,0,0,0,0,0,0,0,0,0,12.0,13.5,13.5,18.5,26.0,30.0,50.0,95.0,8.4,9.0,7.6,8.4,15.0,17.0,46.0,55.0,10.5,12.0,9.8,10.5,17.5,19.5,50.0,65,21.0,24.0,19.0,22.0,32.0,38,40.0,110,13.0,15.0,42.0,60.0,17.5,1000,0,0,0,2,[],[69 90]
ENGLAND 2,45380,Norwich,Plymouth,1.5,1.51,7.2,7.6,5.0,5.1,0,0,0.0,0,0,0,0,0,1.61,1.67,2.5,2.64,0,0,0,0,0,0,0,0,1.8,1.88,2.14,2.24,0,0,0,0,0,0,0,0,0,0,0,0,0,0,0,0,0,0,20.0,23.0,27.0,29.0,55.0,65.0,80.0,220.0,10.0,11.0,10.5,11.5,24.0,27.0,40.0,90.0,9.2,10.0,9.6,10.0,19.5,21.0,34.0,80,12.5,14.0,13.0,14.0,27.0,29,42.0,100,5.7,6.0,65.0,85.0,20.0,980,0,1,2,1,[67 74],[10]
ENGLAND 2,45380,Preston,Rotherham,1.56,1.57,7.8,8.0,4.3,4.4,0,0,0.0,0,0,0,0,0,2.14,2.18,1.85,1.88,0,0,0,0,0,0,0,0,2.1,2.36,1.74,1.91,0,0,0,0,0,0,0,0,0,0,0,0,0,0,0,0,0,0,11.5,12.5,19.5,21.0,55.0,60.0,50.0,270.0,6.4,6.8,9.0,9.4,28.0,30.0,42.0,140.0,7.4,8.0,9.6,10.0,26.0,29.0,44.0,140,12.5,13.5,16.5,17.5,42.0,48,48.0,210,9.4,10.0,65.0,210.0,32.0,1000,3,0,3,0,[22 37 42],[]
WALES 1,45380,Pontypridd,Haverfordwest,2.9,3.65,2.36,2.7,3.3,4.2,0,0,0.0,0,0,0,0,0,2.06,2.48,1.69,1.93,0,0,0,0,0,0,0,0,1.81,2.12,1.89,2.38,0,0,0,0,0,0,0,0,0,0,0,0,0,0,0,0,0,0,3.3,980.0,3.15,980.0,3.55,980.0,4.0,980.0,3.35,980.0,2.98,980.0,3.35,980.0,3.9,980.0,3.75,980.0,3.5,980.0,3.7,980.0,2.02,1000,1.96,1000.0,4.0,1000.0,1.96,1000,1.54,1000,1.55,980.0,1.55,980.0,2.1,1000,0,0,0,1,[],[88]
SLOVAKIA 1,45380,Ruzomberok,Dun. Streda,3.0,3.95,2.52,3.05,2.6,3.8,0,0,0.0,0,0,0,0,0,2.48,4.5,1.56,1.68,0,0,0,0,0,0,0,0,2.04,2.26,1.79,1.97,0,0,0,0,0,0,0,0,0,0,0,0,0,0,0,0,0,0,3.15,980.0,3.05,980.0,3.55,980.0,4.0,980.0,3.2,980.0,2.9,980.0,3.4,980.0,4.0,980.0,3.7,980.0,3.55,980.0,3.75,980.0,4.0,1000,4.0,1000.0,4.0,1000.0,4.1,1000,4.2,1000,4.0,1000.0,4.0,980.0,3.65,1000,0,1,1,1,[60],[38]
MEXICO 1,45380,Club America,Atl. San Luis,1.46,1.49,7.6,8.6,5.1,5.5,0,0,0.0,0,0,0,0,0,1.59,1.69,2.44,2.7,0,0,0,0,0,0,0,0,1.83,2.0,2.0,2.22,0,0,0,0,0,0,0,0,0,0,0,0,0,0,0,0,0,0,17.5,24.0,1.03,34.0,1.03,75.0,1.03,240.0,8.2,11.0,9.8,13.0,1.03,32.0,1.03,110.0,7.6,10.5,8.4,11.5,19.5,26.0,1.03,95,10.5,14.5,11.5,16.0,1.03,34,1.03,130,1.01,6.4,1.01,120.0,1.03,1000,0,0,2,1,[54 84],[90]
PORTUGAL 1,45380,Estrela,Sporting CP,15.0,16.0,1.26,1.27,6.8,7.0,0,0,0.0,0,0,0,0,0,1.61,1.64,2.56,2.64,0,0,0,0,0,0,0,0,2.14,2.2,1.83,1.87,0,0,0,0,0,0,0,0,0,0,0,0,0,0,0,0,0,0,22.0,25.0,8.8,9.4,7.2,8.0,8.6,9.8,42.0,50.0,13.5,15.0,9.8,11.0,12.5,13.5,85.0,150.0,42.0,55.0,32.0,36.0,34.0,40,60.0,650.0,60.0,260.0,60.0,200,100.0,210,34.0,350.0,4.0,4.5,17.5,1000,1,2,1,2,[16],[23 41]
ENGLAND 5,45380,Oxford City,Wealdstone,4.1,4.6,1.79,1.87,4.2,4.8,0,0,0.0,0,0,0,0,0,1.56,1.68,2.46,2.76,0,0,0,0,0,0,0,0,1.6,1.71,2.4,2.66,0,0,0,0,0,0,0,0,0,0,0,0,0,0,0,0,0,0,3.95,980.0,4.1,16.0,4.1,16.5,4.0,25.0,4.0,980.0,3.9,13.0,3.55,13.0,3.85,21.0,4.1,980.0,3.9,22.0,3.9,22.0,4.1,980,4.4,980.0,4.2,980.0,4.2,980,4.5,980,4.1,980.0,2.96,980.0,4.5,1000,1,0,1,0,[24],[]
ENGLAND 5,45380,Solihull Moors,Barnet,3.6,4.2,1.96,2.1,3.75,4.4,0,0,0.0,0,0,0,0,0,1.68,1.85,2.18,2.48,0,0,0,0,0,0,0,0,1.6,1.82,2.2,2.66,0,0,0,0,0,0,0,0,0,0,0,0,0,0,0,0,0,0,14.0,24.0,9.6,14.5,11.0,17.0,3.9,980.0,14.0,22.0,7.8,11.5,9.0,13.0,15.0,23.0,4.6,980.0,11.5,19.5,12.5,21.0,21.0,980,4.2,980.0,4.8,980.0,4.2,980,4.2,980,3.9,980.0,3.25,13.5,4.4,1000,1,2,2,2,[ 9 88],[40 45]
ENGLAND 5,45380,Woking,Eastleigh,1.77,1.9,4.4,5.1,3.8,4.3,0,0,0.0,0,0,0,0,0,1.75,1.94,2.06,2.32,0,0,0,0,0,0,0,0,1.75,1.88,2.12,2.34,0,0,0,0,0,0,0,0,0,0,0,0,0,0,0,0,0,0,13.5,980.0,5.0,980.0,5.6,980.0,6.0,980.0,4.2,11.5,8.0,10.5,15.0,980.0,5.8,980.0,9.6,13.0,8.4,11.5,5.0,980.0,5.8,980,15.5,980.0,14.5,980.0,5.6,980,6.2,980,4.1,11.5,5.7,980.0,6.2,1000,0,0,0,0,[],[]
ENGLAND 5,45380,York City,Chesterfield,2.9,3.25,2.34,2.54,3.65,3.8,0,0,0.0,0,0,0,0,0,1.73,1.93,2.08,2.38,0,0,0,0,0,0,0,0,1.59,1.82,2.22,2.68,0,0,0,0,0,0,0,0,0,0,0,0,0,0,0,0,0,0,14.0,18.0,11.0,14.0,14.5,18.5,29.0,980.0,12.5,980.0,7.6,8.8,10.0,18.5,20.0,26.0,7.0,980.0,5.8,980.0,6.4,17.0,28.0,38,8.6,55.0,7.8,34.0,18.5,42,29.0,80,17.0,980.0,13.0,30.0,9.4,1000,0,1,2,1,[53 71],[7]
ROMANIA 1,45380,Sepsi Sf. Gheorghe,CFR Cluj,3.6,4.0,2.08,2.24,3.45,3.75,0,0,0.0,0,0,0,0,0,2.0,2.24,1.81,2.0,0,0,0,0,0,0,0,0,1.84,2.0,2.0,2.18,0,0,0,0,0,0,0,0,0,0,0,0,0,0,0,0,0,0,4.0,15.5,6.8,11.0,4.0,15.5,19.0,980.0,4.1,16.5,7.2,10.0,8.0,13.5,17.0,980.0,19.5,980.0,3.6,19.5,3.7,25.0,4.1,980,4.1,980.0,4.1,980.0,4.1,980,4.2,980,4.1,980.0,3.65,22.0,4.3,1000,1,1,1,1,[9],[21]
SCOTLAND 2,45380,Ayr,Airdrieonians,2.9,3.05,2.68,2.72,3.3,3.5,0,0,0.0,0,0,0,0,0,2.12,2.22,1.83,1.9,0,0,0,0,0,0,0,0,1.86,1.99,2.02,2.18,0,0,0,0,0,0,0,0,0,0,0,0,0,0,0,0,0,0,10.0,12.0,9.0,11.0,15.0,17.0,36.0,42.0,9.8,11.5,7.0,7.6,11.0,12.5,24.0,32.0,17.0,27.0,11.5,13.0,17.0,20.0,36.0,48,38.0,980.0,30.0,36.0,40.0,50,28.0,110,11.0,36.0,11.5,32.0,14.5,1000,0,1,2,1,[47 50],[38]
ROMANIA 1,45380,FC Voluntari,FC Hermannstadt,2.94,3.5,2.6,3.0,2.72,3.35,0,0,0.0,0,0,0,0,0,2.6,3.05,1.49,1.62,0,0,0,0,0,0,0,0,2.12,2.34,1.75,1.88,0,0,0,0,0,0,0,0,0,0,0,0,0,0,0,0,0,0,2.86,980.0,1.88,980.0,1.7,980.0,3.05,980.0,2.16,980.0,4.0,980.0,5.3,980.0,7.2,1000.0,3.5,980.0,3.3,980.0,6.2,980.0,7.4,1000,3.95,1000.0,7.4,1000.0,8.0,1000,8.2,1000,1.12,1000.0,1.1,980.0,8.6,1000,0,0,1,0,[70],[]
ENGLAND 3,45380,Barnsley,Cambridge Utd,1.56,1.57,6.6,6.8,4.6,4.7,0,0,0.0,0,0,0,0,0,1.76,1.88,2.14,2.32,0,0,0,0,0,0,0,0,1.88,2.0,2.0,2.14,0,0,0,0,0,0,0,0,0,0,0,0,0,0,0,0,0,0,15.5,980.0,21.0,26.0,11.5,980.0,14.0,200.0,8.4,9.6,9.2,10.0,22.0,25.0,13.0,95.0,8.6,14.5,9.2,10.0,19.5,23.0,40.0,980,13.0,14.5,14.0,16.0,24.0,34,26.0,130,5.3,8.2,13.0,110.0,15.0,1000,0,1,0,2,[],[13 72]
SWITZERLAND 2,45380,Xamax,Schaffhausen,1.75,1.98,4.1,6.2,3.65,4.9,0,0,0.0,0,0,0,0,0,1.9,2.1,1.9,2.1,0,0,0,0,0,0,0,0,1.84,2.0,2.0,2.18,0,0,0,0,0,0,0,0,0,0,0,0,0,0,0,0,0,0,3.75,980.0,3.9,980.0,2.06,980.0,1.96,1000.0,6.6,980.0,4.0,980.0,4.0,980.0,1.94,980.0,4.6,980.0,4.3,980.0,2.92,980.0,1.94,980,2.92,980.0,4.0,980.0,2.06,980,1.96,1000,1.89,980.0,1.94,1000.0,1.98,1000,1,1,2,1,[45 56],[32]
AUSTRIA 2,45380,Ried,Grazer AK,2.26,2.28,3.35,3.5,3.65,3.85,0,0,0.0,0,0,0,0,0,1.92,1.99,2.02,2.08,0,0,0,0,0,0,0,0,1.76,1.85,2.18,2.32,0,0,0,0,0,0,0,0,0,0,0,0,0,0,0,0,0,0,12.0,16.0,12.5,15.5,20.0,27.0,6.6,980.0,9.6,11.5,7.0,9.2,12.0,16.0,6.2,42.0,12.5,15.5,9.8,12.5,15.5,19.5,6.4,55,6.4,32.0,18.5,25.0,6.2,40,6.8,980,5.1,17.0,6.2,40.0,7.2,1000,0,0,0,1,[],[75]
AUSTRIA 2,45380,Leoben,Kapfenberg,1.52,1.59,6.4,8.4,4.1,4.7,0,0,0.0,0,0,0,0,0,1.87,2.0,2.0,2.16,0,0,0,0,0,0,0,0,2.0,2.16,1.86,2.0,0,0,0,0,0,0,0,0,0,0,0,0,0,0,0,0,0,0,13.0,15.5,20.0,44.0,4.8,980.0,3.4,320.0,3.8,12.0,7.0,980.0,23.0,980.0,5.0,210.0,5.8,9.0,9.2,10.5,21.0,55.0,5.0,210,3.9,980.0,14.5,17.0,4.7,40,5.1,550,7.2,11.0,5.0,210.0,3.45,1000,0,0,0,0,[],[]
AUSTRIA 2,45380,St. Polten,Amstetten,1.55,1.61,6.4,7.4,4.2,4.7,0,0,0.0,0,0,0,0,0,1.81,1.92,2.08,2.24,0,0,0,0,0,0,0,0,1.92,2.06,1.94,2.08,0,0,0,0,0,0,0,0,0,0,0,0,0,0,0,0,0,0,3.65,21.0,16.0,28.0,4.1,980.0,4.2,980.0,6.8,11.0,9.0,12.5,18.5,32.0,4.2,980.0,7.0,11.5,3.8,12.5,17.0,29.0,4.2,980,4.2,17.5,3.55,20.0,4.1,980,4.2,980,3.0,9.6,4.2,980.0,4.3,1000,2,0,3,1,[10 45 53],[79]
ENGLAND 5,45380,Gateshead,Rochdale,1.68,1.75,4.5,5.2,4.4,5.0,0,0,0.0,0,0,0,0,0,1.52,1.62,2.62,2.92,0,0,0,0,0,0,0,0,1.58,1.7,2.42,2.7,0,0,0,0,0,0,0,0,0,0,0,0,0,0,0,0,0,0,19.0,32.0,18.0,32.0,4.6,55.0,4.1,980.0,10.0,16.5,8.4,13.5,14.0,24.0,4.7,980.0,9.8,16.0,7.8,13.0,13.0,22.0,4.7,980,13.5,23.0,11.5,19.0,18.5,32,4.2,980,2.84,8.2,3.95,46.0,4.3,980,1,0,1,0,[26],[]
ENGLAND 5,45380,Ebbsfleet,Southend,2.8,3.15,2.32,2.56,3.5,4.6,0,0,0.0,0,0,0,0,0,1.84,2.0,2.0,2.2,0,0,0,0,0,0,0,0,1.58,1.83,2.2,2.74,0,0,0,0,0,0,0,0,0,0,0,0,0,0,0,0,0,0,3.5,980.0,3.3,980.0,3.55,980.0,3.9,980.0,3.4,980.0,3.05,980.0,3.3,980.0,3.75,980.0,3.7,980.0,3.4,980.0,3.6,980.0,3.95,980,4.0,980.0,3.9,980.0,4.0,980,4.1,1000,3.85,980.0,3.6,980.0,4.3,1000,0,1,1,1,[76],[21]
ENGLAND 5,45380,Dorking,Bromley,3.35,3.8,2.06,2.26,3.7,4.2,0,0,0.0,0,0,0,0,0,1.61,1.88,2.14,2.62,0,0,0,0,0,0,0,0,1.66,1.79,2.26,2.5,0,0,0,0,0,0,0,0,0,0,0,0,0,0,0,0,0,0,13.0,980.0,8.6,14.0,10.5,980.0,19.0,980.0,11.5,980.0,6.8,980.0,8.0,980.0,15.0,980.0,19.0,980.0,11.0,18.0,12.5,980.0,4.1,980,4.2,1000.0,4.2,980.0,4.3,980,4.2,1000,3.85,980.0,3.35,980.0,4.2,1000,0,1,0,2,[],[14 73]
ENGLAND 5,45380,Boreham Wood,Dag & Red,3.05,3.25,2.46,2.52,3.5,3.6,0,0,0.0,0,0,0,0,0,2.0,2.16,1.87,1.99,0,0,0,0,0,0,0,0,1.78,1.92,2.08,2.28,0,0,0,0,0,0,0,0,0,0,0,0,0,0,0,0,0,0,6.6,980.0,9.4,11.0,14.0,980.0,30.0,38.0,10.5,13.0,7.2,8.2,10.5,980.0,24.0,29.0,18.0,980.0,11.5,13.5,16.0,18.5,34.0,75,11.0,65.0,9.6,44.0,11.0,980,11.0,980,24.0,42.0,16.5,50.0,8.8,1000,1,4,1,4,[45],[ 6 24 33 45]
AUSTRIA 1,45380,Austria Vienna,BW Linz,1.62,1.7,5.7,6.6,3.9,4.4,0,0,0.0,0,0,0,0,0,1.89,2.12,1.9,2.14,0,0,0,0,0,0,0,0,1.96,2.2,1.83,2.06,0,0,0,0,0,0,0,0,0,0,0,0,0,0,0,0,0,0,11.5,16.0,15.5,22.0,6.6,55.0,7.2,980.0,7.2,8.6,8.2,9.8,19.0,26.0,7.0,980.0,8.2,10.5,8.4,11.5,18.5,26.0,7.0,980,13.0,17.5,14.5,19.5,6.4,42,7.2,980,4.4,11.0,7.0,980.0,7.4,1000,0,0,0,0,[],[]
BULGARIA 1,45380,Pirin Blagoevgrad,Etar,2.06,2.26,3.95,5.4,2.96,3.5,0,0,0.0,0,0,0,0,0,2.48,2.98,1.51,1.68,0,0,0,0,0,0,0,0,2.06,2.44,1.69,1.94,0,0,0,0,0,0,0,0,0,0,0,0,0,0,0,0,0,0,3.15,980.0,3.45,980.0,4.0,980.0,4.3,1000.0,2.96,980.0,3.0,980.0,3.75,980.0,4.2,1000.0,3.4,980.0,3.45,980.0,3.9,980.0,4.3,1000,3.95,980.0,4.0,980.0,4.2,1000,4.4,1000,3.95,980.0,3.25,1000.0,4.4,1000,1,1,2,1,[24 88],[11]
ENGLAND 3,45380,Derby,Blackpool,1.96,1.99,4.5,4.6,3.6,3.65,0,0,0.0,0,0,0,0,0,2.18,2.22,1.82,1.84,0,0,0,0,0,0,0,0,1.93,2.06,1.96,2.08,0,0,0,0,0,0,0,0,0,0,0,0,0,0,0,0,0,0,10.5,12.0,12.5,14.5,28.0,32.0,14.0,110.0,7.6,8.6,7.4,8.0,16.5,18.0,12.5,65.0,10.0,11.5,9.8,11.0,18.5,980.0,13.0,75,20.0,23.0,19.5,23.0,36.0,42,14.5,130,13.0,980.0,13.0,75.0,15.0,1000,1,0,1,0,[40],[]
ENGLAND 3,45380,Exeter,Charlton,2.86,2.96,2.62,2.72,3.5,3.6,0,0,0.0,0,0,0,0,0,1.9,2.06,1.95,2.12,0,0,0,0,0,0,0,0,1.75,1.82,2.22,2.34,0,0,0,0,0,0,0,0,0,0,0,0,0,0,0,0,0,0,12.5,15.0,10.5,12.5,15.5,18.0,34.0,40.0,11.5,13.5,7.4,8.4,10.5,12.5,24.0,29.0,17.5,980.0,11.0,12.5,15.0,17.0,19.0,40,38.0,980.0,27.0,32.0,36.0,44,11.0,90,8.8,28.0,8.0,980.0,12.0,1000,1,0,1,1,[6],[87]
ENGLAND 3,45380,Wigan,Burton,2.06,2.08,4.1,4.2,3.55,3.6,0,0,0.0,0,0,0,0,0,2.18,2.42,1.7,1.84,0,0,0,0,0,0,0,0,1.9,2.12,1.9,2.12,0,0,0,0,0,0,0,0,0,0,0,0,0,0,0,0,0,0,9.4,11.5,12.0,14.0,26.0,32.0,13.0,95.0,7.4,8.6,7.2,7.8,16.0,17.5,12.5,65.0,10.5,12.0,10.0,11.0,18.5,21.0,13.0,80,22.0,25.0,21.0,25.0,38.0,48,14.0,150,14.0,19.0,12.5,75.0,14.5,1000,1,0,1,1,[43],[54]
ENGLAND 3,45380,Stevenage,Bolton,3.2,3.25,2.52,2.56,3.4,3.45,0,0,0.0,0,0,0,0,0,2.16,2.34,1.75,1.87,0,0,0,0,0,0,0,0,1.91,2.02,1.99,2.1,0,0,0,0,0,0,0,0,0,0,0,0,0,0,0,0,0,0,9.8,11.5,8.4,9.8,13.5,15.5,32.0,36.0,10.0,12.0,7.0,7.4,10.5,12.0,26.0,980.0,19.0,21.0,12.5,14.0,17.5,23.0,40.0,980,12.0,60.0,34.0,42.0,12.0,980,12.5,130,11.0,44.0,20.0,29.0,12.5,1000,0,0,0,0,[],[]
ENGLAND 3,45380,Shrewsbury,Oxford Utd,3.9,3.95,2.18,2.22,3.45,3.5,0,0,0.0,0,0,0,0,0,2.14,2.38,1.72,1.87,0,0,0,0,0,0,0,0,1.95,2.06,1.95,2.06,0,0,0,0,0,0,0,0,0,0,0,0,0,0,0,0,0,0,9.8,11.5,7.6,8.6,11.0,12.5,24.0,40.0,11.5,13.0,7.0,8.0,10.0,11.0,22.0,26.0,23.0,27.0,14.5,16.5,18.5,21.0,13.0,48,14.5,980.0,44.0,55.0,27.0,130,15.5,140,13.5,70.0,17.0,20.0,15.5,1000,0,0,1,1,[82],[53]
ENGLAND 3,45380,Reading,Northampton,1.75,1.77,5.2,5.5,4.0,4.2,0,0,0.0,0,0,0,0,0,1.89,2.04,1.97,2.12,0,0,0,0,0,0,0,0,1.89,1.99,2.0,2.14,0,0,0,0,0,0,0,0,0,0,0,0,0,0,0,0,0,0,11.0,18.0,13.5,23.0,4.1,980.0,4.4,980.0,6.8,11.0,7.0,11.0,15.0,25.0,4.3,980.0,7.8,12.5,9.0,12.5,15.5,26.0,4.3,980,13.0,22.0,13.5,22.0,4.1,44,4.4,980,3.3,12.5,4.3,95.0,4.5,1000,0,0,1,0,[65],[]
ENGLAND 3,45380,Port Vale,Bristol Rovers,2.54,2.56,3.05,3.15,3.45,3.55,0,0,0.0,0,0,0,0,0,1.97,2.22,1.82,2.04,0,0,0,0,0,0,0,0,1.82,1.92,2.08,2.22,0,0,0,0,0,0,0,0,0,0,0,0,0,0,0,0,0,0,11.0,13.5,10.0,16.5,17.5,22.0,42.0,55.0,9.4,11.5,7.0,7.8,12.0,13.5,30.0,38.0,14.5,16.5,10.5,12.0,16.5,18.5,40.0,55,32.0,980.0,24.0,980.0,36.0,46,14.0,110,18.5,28.0,24.0,38.0,12.0,1000,1,0,2,0,[42 52],[]
ENGLAND 5,45380,Oldham,AFC Fylde,2.28,2.42,3.05,3.45,3.6,3.95,0,0,0.0,0,0,0,0,0,1.76,1.92,2.08,2.3,0,0,0,0,0,0,0,0,1.66,1.75,2.32,2.5,0,0,0,0,0,0,0,0,0,0,0,0,0,0,0,0,0,0,3.65,21.0,3.65,18.0,3.8,980.0,4.1,980.0,3.45,14.5,3.2,10.5,3.6,17.0,3.85,980.0,3.5,19.5,3.25,14.0,3.75,21.0,4.2,980,3.8,980.0,3.8,980.0,3.9,980,4.2,980,3.45,19.0,3.8,980.0,4.2,1000,1,3,1,3,[45],[ 9 18 33]
ENGLAND 3,45380,Peterborough,Carlisle,1.31,1.33,10.0,11.0,6.4,6.8,0,0,0.0,0,0,0,0,0,1.47,1.56,2.78,3.1,0,0,0,0,0,0,0,0,1.86,1.97,2.04,2.18,0,0,0,0,0,0,0,0,0,0,0,0,0,0,0,0,0,0,21.0,32.0,36.0,980.0,12.5,980.0,13.5,520.0,10.5,12.0,13.0,15.5,32.0,38.0,12.5,190.0,8.2,9.6,9.8,10.5,23.0,27.0,12.5,140,10.0,11.5,12.0,13.5,25.0,32,13.5,130,3.7,4.4,12.5,150.0,14.0,1000,0,1,1,3,[61],[27 49 58]
URUGUAY 1,45380,Penarol,Nacional,2.26,2.42,3.75,3.9,3.1,3.4,0,0,0.0,0,0,0,0,0,2.34,2.52,1.66,1.74,0,0,0,0,0,0,0,0,1.88,2.2,1.83,2.14,0,0,0,0,0,0,0,0,0,0,0,0,0,0,0,0,0,0,8.2,11.0,5.3,12.5,20.0,980.0,7.8,980.0,6.8,8.8,6.2,8.0,13.0,17.0,7.4,980.0,10.5,14.0,9.6,12.5,16.5,980.0,7.8,980,7.6,980.0,21.0,980.0,7.4,980,8.2,980,6.6,980.0,7.6,980.0,8.6,1000,0,0,0,0,[],[]
URUGUAY 1,45380,Cerro Largo,Racing Montevideo,2.52,2.84,3.05,3.6,2.9,3.35,0,0,0.0,0,0,0,0,0,2.36,2.64,1.61,1.73,0,0,0,0,0,0,0,0,1.96,2.18,1.85,2.04,0,0,0,0,0,0,0,0,0,0,0,0,0,0,0,0,0,0,4.2,980.0,4.3,980.0,5.3,980.0,2.58,980.0,4.3,980.0,3.7,980.0,4.8,980.0,4.0,980.0,4.9,980.0,4.6,980.0,4.3,980.0,3.55,1000,2.92,980.0,5.8,980.0,3.7,1000,4.3,1000,2.68,980.0,2.58,980.0,2.04,1000,0,0,0,2,[],[71 87]
ENGLAND 3,45380,Wycombe,Portsmouth,3.55,3.65,2.24,2.28,3.55,3.65,0,0,0.0,0,0,0,0,0,2.08,2.22,1.83,1.92,0,0,0,0,0,0,0,0,1.84,1.95,2.06,2.2,0,0,0,0,0,0,0,0,0,0,0,0,0,0,0,0,0,0,11.5,13.0,8.4,9.6,12.0,14.0,10.0,29.0,11.5,14.0,7.2,8.0,10.0,11.0,21.0,25.0,21.0,25.0,13.5,15.0,17.0,19.5,34.0,980,12.5,70.0,38.0,980.0,28.0,980,26.0,980,11.0,980.0,15.0,980.0,11.0,1000,1,2,1,3,[7],[ 3 28 67]
ENGLAND 5,45380,Hartlepool,FC Halifax,2.5,2.6,3.0,3.3,3.4,3.75,0,0,0.0,0,0,0,0,0,1.9,2.1,1.91,2.1,0,0,0,0,0,0,0,0,1.74,1.89,2.12,2.34,0,0,0,0,0,0,0,0,0,0,0,0,0,0,0,0,0,0,11.5,980.0,10.0,14.0,5.4,980.0,6.0,980.0,9.0,12.0,6.8,9.0,11.0,15.0,5.8,980.0,4.9,980.0,9.6,13.0,14.5,980.0,5.9,980,5.7,980.0,5.4,980.0,5.8,980,6.2,980,5.2,980.0,5.6,980.0,6.6,1000,0,0,1,0,[72],[]
ENGLAND 5,45380,Kidderminster,Altrincham,2.38,2.5,3.05,3.3,3.35,3.65,0,0,0.0,0,0,0,0,0,1.98,2.18,1.86,2.02,0,0,0,0,0,0,0,0,1.79,1.93,2.06,2.26,0,0,0,0,0,0,0,0,0,0,0,0,0,0,0,0,0,0,4.6,14.5,10.0,13.5,5.4,980.0,6.2,980.0,8.4,11.5,6.6,8.8,11.0,980.0,5.8,980.0,12.0,980.0,9.4,13.0,5.6,980.0,6.0,980,5.7,980.0,5.5,980.0,5.9,980,6.4,980,5.2,980.0,5.8,980.0,6.8,1000,1,1,1,3,[19],[23 51 73]
ENGLAND 5,45380,Maidenhead,Aldershot,3.2,3.65,2.16,2.32,3.65,4.2,0,0,0.0,0,0,0,0,0,1.74,1.91,2.1,2.36,0,0,0,0,0,0,0,0,1.6,1.82,2.22,2.66,0,0,0,0,0,0,0,0,0,0,0,0,0,0,0,0,0,0,5.4,980.0,9.8,13.5,12.5,980.0,5.7,980.0,12.5,980.0,7.2,9.6,9.2,12.5,5.7,980.0,5.5,980.0,11.5,980.0,13.5,980.0,5.8,980,6.2,980.0,5.9,980.0,6.0,980,6.4,980,5.7,980.0,4.8,980.0,6.8,1000,2,0,4,0,[ 3  6 72 78],[]
ENGLAND 3,45380,Lincoln,Leyton Orient,2.1,2.14,4.3,4.4,3.35,3.45,0,0,0.0,0,0,0,0,0,2.38,2.58,1.63,1.73,0,0,0,0,0,0,0,0,2.1,2.22,1.82,1.91,0,0,0,0,0,0,0,0,0,0,0,0,0,0,0,0,0,0,8.8,9.8,11.5,12.5,26.0,29.0,14.5,100.0,6.6,7.6,7.0,7.6,15.5,19.5,14.0,70.0,10.0,11.5,10.0,11.5,21.0,24.0,14.5,980,21.0,26.0,23.0,27.0,44.0,55,15.5,180,18.5,22.0,13.5,980.0,16.0,1000,0,0,1,0,[90],[]
ENGLAND 3,45380,Fleetwood,Cheltenham,2.24,2.26,3.75,3.8,3.4,3.5,0,0,0.0,0,0,0,0,0,2.12,2.36,1.73,1.89,0,0,0,0,0,0,0,0,1.85,2.08,1.94,2.18,0,0,0,0,0,0,0,0,0,0,0,0,0,0,0,0,0,0,10.0,12.0,11.0,13.0,22.0,25.0,38.0,75.0,8.0,9.2,7.0,7.6,14.0,16.5,11.5,55.0,11.5,13.0,10.0,11.5,17.5,21.0,44.0,80,24.0,30.0,22.0,32.0,29.0,980,12.5,130,16.0,22.0,12.0,60.0,12.0,1000,0,1,1,2,[79],[30 82]
BULGARIA 1,45380,Arda,Krumovgrad,1.95,2.08,4.6,5.9,3.15,3.65,0,0,0.0,0,0,0,0,0,2.34,2.84,1.54,1.74,0,0,0,0,0,0,0,0,2.08,2.5,1.67,1.92,0,0,0,0,0,0,0,0,0,0,0,0,0,0,0,0,0,0,7.6,980.0,11.0,980.0,1.5,1000.0,4.1,1000.0,5.7,980.0,6.4,980.0,5.4,980.0,6.4,1000.0,8.4,980.0,9.0,980.0,5.6,980.0,6.6,980,3.7,980.0,5.6,980.0,1.5,1000,6.8,1000,1.55,980.0,1.55,1000.0,15.0,1000,1,1,1,1,[5],[29]
PORTUGAL 2,45380,Tondela,Vilaverdense,1.65,1.79,5.4,7.2,3.7,4.6,0,0,0.0,0,0,0,0,0,1.99,2.2,1.83,2.02,0,0,0,0,0,0,0,0,1.92,2.24,1.81,2.08,0,0,0,0,0,0,0,0,0,0,0,0,0,0,0,0,0,0,10.5,14.0,14.5,980.0,7.0,980.0,7.8,980.0,6.4,8.4,7.4,9.8,19.0,980.0,7.6,980.0,7.8,10.0,8.4,11.5,19.0,980.0,7.6,980,13.5,17.5,15.5,20.0,7.0,980,9.2,980,4.9,12.0,7.8,980.0,8.2,1000,0,0,0,0,[],[]
FRANCE 3,45380,Dijon,Nimes,1.85,2.06,4.1,5.4,3.4,320.0,0,0,0.0,0,0,0,0,0,2.04,3.25,1.74,1.95,0,0,0,0,0,0,0,0,1.94,2.14,1.87,2.06,0,0,0,0,0,0,0,0,0,0,0,0,0,0,0,0,0,0,1.53,980.0,1.3,980.0,1.3,1000.0,3.65,1000.0,2.96,980.0,3.85,980.0,5.1,980.0,4.8,1000.0,1.51,980.0,1.3,980.0,1.3,980.0,6.0,1000,4.1,980.0,4.2,980.0,5.8,1000,1.3,1000,1.21,980.0,1.3,1000.0,6.6,1000,1,0,1,1,[33],[47]
FRANCE 3,45380,Le Mans,Epinal,1.65,1.8,5.5,6.0,3.65,4.4,0,0,0.0,0,0,0,0,0,2.1,2.42,1.71,1.91,0,0,0,0,0,0,0,0,2.0,2.38,1.72,1.99,0,0,0,0,0,0,0,0,0,0,0,0,0,0,0,0,0,0,10.0,980.0,6.8,980.0,7.8,980.0,8.0,1000.0,6.0,7.6,7.4,9.6,6.8,980.0,8.6,980.0,7.2,8.8,8.8,12.0,7.0,980.0,8.6,980,6.2,980.0,6.6,980.0,7.2,980,8.0,1000,5.2,980.0,8.0,1000.0,8.4,1000,1,0,1,0,[24],[]
SERBIA 1,45380,Radnik,Vojvodina,4.7,6.4,1.71,1.98,2.98,7.0,0,0,0.0,0,0,0,0,0,2.08,4.6,1.33,1.92,0,0,0,0,0,0,0,0,1.12,11.0,1.12,10.5,0,0,0,0,0,0,0,0,0,0,0,0,0,0,0,0,0,0,1.01,1000.0,1.03,8.4,1.02,11.0,1.01,1000.0,1.02,1000.0,1.03,9.2,1.01,1000.0,1.01,1000.0,1.01,1000.0,1.01,1000.0,1.01,1000.0,1.01,1000,1.01,1000.0,1.01,1000.0,1.01,1000,1.01,1000,1.55,1000.0,1.55,1000.0,1.02,1000,0,3,0,4,[],[ 6 30 39 61]
FRANCE 3,45380,Marignane GCB,Versailles,2.64,3.6,2.5,3.3,2.78,3.9,0,0,0.0,0,0,0,0,0,2.16,3.75,1.6,1.86,0,0,0,0,0,0,0,0,1.83,2.42,1.71,2.22,0,0,0,0,0,0,0,0,0,0,0,0,0,0,0,0,0,0,3.15,980.0,3.1,980.0,3.5,980.0,3.9,1000.0,3.1,980.0,2.86,980.0,3.35,980.0,3.8,980.0,3.55,980.0,3.4,980.0,3.65,980.0,3.2,1000,3.95,1000.0,3.9,1000.0,4.0,1000,3.2,1000,3.0,1000.0,3.3,980.0,3.2,1000,0,0,2,0,[68 90],[]
ENGLAND 2,45380,Bristol City,Leicester,5.3,5.4,1.77,1.78,4.0,4.1,0,0,0.0,0,0,0,0,0,1.96,1.98,2.02,2.06,0,0,0,0,0,0,0,0,1.93,1.97,2.02,2.08,0,0,0,0,0,0,0,0,0,0,0,0,0,0,0,0,0,0,13.0,14.0,8.2,8.6,9.8,10.0,16.5,18.5,17.5,18.0,8.4,8.8,9.6,9.8,17.0,18.0,36.0,40.0,19.0,20.0,19.5,21.0,32.0,36,42.0,130.0,60.0,70.0,65.0,75,85.0,120,60.0,80.0,10.0,11.0,29.0,1000,0,0,1,0,[73],[]
ENGLAND 4,45380,Gillingham,Crewe,2.14,2.16,3.85,4.2,3.4,3.65,0,0,0.0,0,0,0,0,0,2.12,2.44,1.7,1.9,0,0,0,0,0,0,0,0,1.87,1.99,2.0,2.16,0,0,0,0,0,0,0,0,0,0,0,0,0,0,0,0,0,0,8.4,14.0,9.6,16.0,20.0,34.0,4.0,980.0,7.0,10.5,6.4,9.6,12.0,21.0,4.0,980.0,9.2,15.0,8.2,13.5,17.0,26.0,4.0,980,19.0,32.0,18.0,32.0,4.0,60,4.1,980,3.6,24.0,4.0,980.0,4.2,1000,0,0,0,0,[],[]
ENGLAND 4,45380,MK Dons,Walsall,2.04,2.08,3.85,3.95,3.75,3.9,0,0,0.0,0,0,0,0,0,1.79,1.91,2.1,2.28,0,0,0,0,0,0,0,0,1.73,1.84,2.2,2.38,0,0,0,0,0,0,0,0,0,0,0,0,0,0,0,0,0,0,14.0,17.0,15.0,17.0,25.0,980.0,10.0,80.0,9.8,11.0,7.8,9.0,14.5,17.0,38.0,980.0,11.5,13.5,9.6,10.5,15.5,18.5,10.0,55,21.0,25.0,18.0,22.0,28.0,36,10.0,85,11.0,13.5,9.6,42.0,11.0,1000,1,0,5,0,[28 59 62 74 78],[]
FRANCE 3,45380,Cholet,Red Star,5.7,7.6,1.58,1.77,3.45,5.3,0,0,0.0,0,0,0,0,0,2.04,3.05,1.76,1.97,0,0,0,0,0,0,0,0,2.06,2.28,1.79,1.95,0,0,0,0,0,0,0,0,0,0,0,0,0,0,0,0,0,0,2.62,980.0,2.32,980.0,2.3,980.0,1.63,980.0,1.21,980.0,2.48,980.0,2.52,980.0,1.21,980.0,1.11,1000.0,1.21,980.0,1.21,980.0,6.2,1000,1.11,1000.0,1.03,1000.0,1.03,1000,1.03,1000,1.01,1000.0,1.21,980.0,1.03,1000,0,0,1,1,[49],[82]
ENGLAND 4,45380,Salford,Sutton,2.04,2.08,3.75,4.0,3.75,3.95,0,0,0.0,0,0,0,0,0,1.68,1.88,2.12,2.48,0,0,0,0,0,0,0,0,1.67,1.77,2.3,2.48,0,0,0,0,0,0,0,0,0,0,0,0,0,0,0,0,0,0,14.5,19.5,14.0,19.0,6.0,980.0,6.6,980.0,9.6,12.5,7.4,10.0,13.0,17.5,6.2,980.0,11.0,15.0,8.8,12.0,14.0,18.5,6.2,980,19.0,26.0,15.5,22.0,6.0,980,6.6,980,4.5,12.5,6.0,980.0,7.0,1000,0,1,1,2,[50],[45 63]
ENGLAND 4,45380,Swindon,Notts Co,2.28,2.36,2.96,3.05,4.2,4.4,0,0,0.0,0,0,0,0,0,1.42,1.51,2.96,3.4,0,0,0,0,0,0,0,0,1.44,1.48,3.1,3.3,0,0,0,0,0,0,0,0,0,0,0,0,0,0,0,0,0,0,25.0,32.0,20.0,26.0,24.0,29.0,9.8,55.0,17.0,21.0,9.6,11.5,12.5,15.0,23.0,27.0,18.5,23.0,11.0,13.0,12.0,15.0,25.0,29,30.0,36.0,18.0,20.0,21.0,25,36.0,48,6.8,9.4,9.6,15.0,9.6,980,1,0,2,1,[19 73],[90]
ENGLAND 4,45380,Wrexham,Mansfield,2.56,2.64,2.76,2.84,3.8,3.85,0,0,0.0,0,0,0,0,0,1.67,1.77,2.3,2.5,0,0,0,0,0,0,0,0,1.6,1.66,2.5,2.68,0,0,0,0,0,0,0,0,0,0,0,0,0,0,0,0,0,0,16.0,20.0,13.5,25.0,18.5,21.0,36.0,980.0,13.0,23.0,8.0,9.0,11.5,12.5,24.0,34.0,17.0,19.5,10.5,12.0,14.0,15.5,29.0,55,32.0,980.0,22.0,980.0,28.0,980,32.0,70,14.0,19.5,15.5,22.0,12.5,980,1,0,2,0,[32 67],[]
NETHERLANDS 2,45380,FC Emmen,Jong Ajax,1.54,1.57,6.0,6.2,5.0,5.3,0,0,0.0,0,0,0,0,0,1.48,1.51,2.94,3.05,0,0,0,0,0,0,0,0,1.63,1.79,2.28,2.58,0,0,0,0,0,0,0,0,0,0,0,0,0,0,0,0,0,0,26.0,30.0,28.0,32.0,44.0,60.0,14.0,160.0,12.5,14.5,11.0,12.5,21.0,24.0,46.0,65.0,10.5,12.5,9.2,10.0,16.5,19.0,44.0,65,14.5,16.0,12.5,14.0,21.0,25,46.0,75,5.0,5.5,26.0,50.0,14.0,980,0,1,4,2,[55 59 70 79],[34 62]
NETHERLANDS 2,45380,Eindhoven FC,Cambuur,2.7,2.8,2.66,2.7,3.75,3.9,0,0,0.0,0,0,0,0,0,1.73,1.76,2.32,2.36,0,0,0,0,0,0,0,0,1.6,1.69,2.44,2.66,0,0,0,0,0,0,0,0,0,0,0,0,0,0,0,0,0,0,16.0,21.0,12.5,15.5,16.5,21.0,30.0,980.0,12.5,16.0,7.6,10.0,10.0,13.5,20.0,980.0,16.5,980.0,10.0,13.5,12.5,17.0,6.4,980,28.0,980.0,20.0,980.0,23.0,980,36.0,980,5.6,19.0,5.5,18.0,7.8,980,0,2,0,3,[],[26 42 72]
PORTUGAL 1,45380,Gil Vicente,Famalicao,2.48,2.56,3.25,3.45,3.2,3.3,0,0,0.0,0,0,0,0,0,2.38,2.56,1.64,1.72,0,0,0,0,0,0,0,0,2.04,2.16,1.87,1.96,0,0,0,0,0,0,0,0,0,0,0,0,0,0,0,0,0,0,8.8,10.0,9.4,10.5,18.5,22.0,8.6,75.0,7.6,8.4,6.8,7.2,13.0,15.0,8.4,60.0,12.5,14.5,10.5,15.0,19.5,23.0,8.6,80,8.4,44.0,10.0,40.0,8.4,70,9.2,190,7.6,36.0,8.2,65.0,9.6,1000,0,1,1,2,[72],[45 67]
NETHERLANDS 2,45380,Den Haag,Groningen,3.0,3.05,2.48,2.5,3.75,3.8,0,0,0.0,0,0,0,0,0,1.75,1.8,2.24,2.32,0,0,0,0,0,0,0,0,1.64,1.71,2.4,2.56,0,0,0,0,0,0,0,0,0,0,0,0,0,0,0,0,0,0,15.5,18.0,11.5,13.0,14.0,17.5,28.0,34.0,13.0,15.0,7.8,9.0,10.0,11.5,20.0,24.0,20.0,23.0,11.5,13.5,14.5,16.5,26.0,34,34.0,50.0,24.0,32.0,27.0,42,46.0,160,9.2,23.0,8.2,15.5,14.5,980,0,1,0,2,[],[18 65]
PORTUGAL 1,45380,Benfica,Chaves,1.12,1.13,28.0,32.0,11.5,12.5,0,0,0.0,0,0,0,0,0,1.36,1.45,3.2,3.8,0,0,0,0,0,0,0,0,2.3,2.46,1.68,1.77,0,0,0,0,0,0,0,0,0,0,0,0,0,0,0,0,0,0,7.6,50.0,8.2,100.0,8.8,330.0,9.0,1000.0,10.0,13.5,21.0,28.0,8.4,110.0,8.8,520.0,6.8,9.2,12.0,15.5,7.8,65.0,8.8,340,6.8,9.0,12.5,14.0,7.6,50,13.5,320,2.22,2.96,8.8,670.0,9.0,1000,0,0,1,0,[68],[]
FRANCE 1,45380,Lille,Lens,2.16,2.18,3.95,4.0,3.5,3.55,0,0,0.0,0,0,0,0,0,2.14,2.2,1.84,1.87,0,0,0,0,0,0,0,0,1.91,1.97,2.04,2.1,0,0,0,0,0,0,0,0,0,0,0,0,0,0,0,0,0,0,11.0,11.5,12.0,13.0,24.0,26.0,65.0,80.0,8.6,8.8,7.4,7.6,14.5,15.0,46.0,48.0,12.5,13.0,10.0,11.0,18.5,19.0,55.0,65,25.0,26.0,22.0,24.0,40.0,42,95.0,120,17.0,17.5,44.0,50.0,42.0,1000,1,0,2,1,[ 9 60],[78]
FRANCE 3,45380,Chateauroux,Martigues,2.82,3.2,2.6,3.15,2.94,3.35,0,0,0.0,0,0,0,0,0,2.4,2.74,1.58,1.71,0,0,0,0,0,0,0,0,1.94,2.28,1.78,2.06,0,0,0,0,0,0,0,0,0,0,0,0,0,0,0,0,0,0,7.4,10.0,7.4,10.0,5.6,980.0,6.0,980.0,7.8,10.5,6.0,8.0,5.2,980.0,5.8,980.0,5.1,980.0,5.1,980.0,5.3,980.0,6.0,980,6.0,980.0,5.9,980.0,6.2,980,6.4,1000,5.9,980.0,5.8,980.0,6.6,1000,0,0,1,0,[57],[]
CHILE 1,45380,Cobresal,Palestino,2.56,2.66,2.9,3.05,3.55,3.75,0,0,0.0,0,0,0,0,0,1.88,1.94,2.06,2.14,0,0,0,0,0,0,0,0,0.0,0.0,0.0,0.0,0,0,0,0,0,0,0,0,0,0,0,0,0,0,0,0,0,0,0.0,0.0,0.0,0.0,0.0,0.0,0.0,0.0,0.0,0.0,0.0,0.0,0.0,0.0,0.0,0.0,0.0,0.0,0.0,0.0,0.0,0.0,0.0,0,0.0,0.0,0.0,0.0,0.0,0,0.0,0,0.0,0.0,0.0,0.0,0.0,0,0,0,0,2,[],[58 61]
SWITZERLAND 2,45380,Stade Nyonnais,Sion,4.8,5.5,1.68,1.79,4.0,4.5,0,0,0.0,0,0,0,0,0,1.7,1.88,2.14,2.44,0,0,0,0,0,0,0,0,1.74,1.88,2.14,2.34,0,0,0,0,0,0,0,0,0,0,0,0,0,0,0,0,0,0,15.0,21.0,8.4,11.5,9.2,12.5,14.5,980.0,16.5,980.0,8.0,11.0,8.2,11.0,13.5,980.0,5.8,980.0,16.0,980.0,16.0,980.0,5.5,980,6.2,980.0,6.0,980.0,6.0,980,6.2,980,6.0,980.0,3.95,9.8,6.6,1000,0,1,0,4,[],[ 2 67 68 73]
SWITZERLAND 2,45380,Bellinzona,Aarau,2.98,3.2,2.46,2.62,3.35,3.65,0,0,0.0,0,0,0,0,0,1.98,2.06,1.94,2.02,0,0,0,0,0,0,0,0,1.74,1.9,2.12,2.36,0,0,0,0,0,0,0,0,0,0,0,0,0,0,0,0,0,0,11.0,15.0,9.2,12.0,13.5,18.0,6.2,38.0,10.5,13.5,6.6,8.8,9.8,13.0,22.0,30.0,17.0,22.0,11.0,14.5,15.5,19.5,6.2,980,6.4,1000.0,6.2,980.0,6.4,980,4.8,1000,4.3,980.0,4.1,24.0,5.0,1000,1,2,5,2,[ 9 50 51 54 65],[32 34]
NETHERLANDS 2,45380,Telstar,Jong Utrecht,1.75,1.78,4.9,5.3,4.0,4.2,0,0,0.0,0,0,0,0,0,1.78,1.84,2.2,2.28,0,0,0,0,0,0,0,0,1.78,1.87,2.14,2.3,0,0,0,0,0,0,0,0,0,0,0,0,0,0,0,0,0,0,16.0,17.5,18.0,20.0,34.0,40.0,13.5,130.0,9.4,10.5,8.6,9.6,17.5,19.5,48.0,70.0,10.0,11.5,9.0,10.5,17.0,19.0,48.0,65,16.5,18.5,15.5,17.0,27.0,32,65.0,95,8.4,9.6,12.0,60.0,15.0,980,2,1,5,1,[ 1 40 49 55 72],[21]
NETHERLANDS 2,45380,NAC Breda,Maastricht,1.46,1.49,6.8,7.4,5.2,5.8,0,0,0.0,0,0,0,0,0,1.47,1.49,3.0,3.15,0,0,0,0,0,0,0,0,1.65,1.8,2.26,2.54,0,0,0,0,0,0,0,0,0,0,0,0,0,0,0,0,0,0,4.9,38.0,5.0,42.0,5.3,80.0,5.5,980.0,10.5,16.0,10.0,16.0,20.0,34.0,5.3,95.0,9.4,13.5,9.2,13.0,15.5,25.0,5.3,980,10.5,16.5,10.0,16.5,18.0,30,46.0,980,2.6,4.8,10.0,980.0,5.6,980,0,0,1,2,[54],[62 82]
NETHERLANDS 2,45380,Helmond,Willem II,4.7,4.8,1.85,1.89,3.9,4.1,0,0,0.0,0,0,0,0,0,1.79,1.82,2.2,2.26,0,0,0,0,0,0,0,0,1.71,1.81,2.22,2.4,0,0,0,0,0,0,0,0,0,0,0,0,0,0,0,0,0,0,14.5,19.0,8.8,11.5,10.0,13.5,17.0,22.0,14.5,980.0,8.2,980.0,9.0,11.5,15.0,19.5,7.4,980.0,14.0,19.0,14.5,20.0,23.0,980,8.4,980.0,7.8,980.0,40.0,980,28.0,980,7.8,980.0,4.8,10.0,9.2,1000,0,2,0,2,[],[39 45]
ENGLAND 4,45380,Accrington,Morecambe,2.18,2.24,3.35,3.6,3.7,3.9,0,0,0.0,0,0,0,0,0,1.71,1.9,2.12,2.42,0,0,0,0,0,0,0,0,1.64,1.81,2.22,2.58,0,0,0,0,0,0,0,0,0,0,0,0,0,0,0,0,0,0,14.5,19.5,13.0,17.5,21.0,980.0,6.0,980.0,9.8,13.5,7.2,9.8,11.5,16.0,5.9,980.0,12.5,16.5,9.0,12.0,13.5,18.5,6.0,980,22.0,32.0,17.0,24.0,5.9,980,6.2,980,4.6,15.0,5.6,980.0,6.6,1000,0,0,1,2,[89],[55 62]
ENGLAND 4,45380,AFC Wimbledon,Harrogate,1.7,1.73,6.0,6.4,3.9,4.1,0,0,0.0,0,0,0,0,0,2.12,2.22,1.83,1.9,0,0,0,0,0,0,0,0,2.06,2.18,1.84,1.95,0,0,0,0,0,0,0,0,0,0,0,0,0,0,0,0,0,0,11.0,12.5,17.0,19.0,38.0,46.0,15.0,180.0,7.0,7.8,8.0,8.8,21.0,24.0,14.0,100.0,8.2,9.2,9.6,10.5,22.0,25.0,14.0,110,15.0,16.5,17.5,19.5,32.0,44,15.0,160,11.0,12.0,14.5,980.0,16.5,1000,0,1,1,1,[58],[8]
ENGLAND 4,45380,Barrow,Grimsby,1.94,1.96,4.5,4.8,3.6,3.7,0,0,0.0,0,0,0,0,0,2.18,2.32,1.76,1.85,0,0,0,0,0,0,0,0,1.98,2.08,1.92,2.04,0,0,0,0,0,0,0,0,0,0,0,0,0,0,0,0,0,0,10.5,12.0,13.0,16.0,29.0,34.0,12.5,120.0,7.2,8.2,7.4,8.4,8.2,19.0,12.0,70.0,9.8,11.0,9.6,10.5,19.0,980.0,12.0,85,14.0,22.0,14.0,23.0,34.0,46,13.0,150,14.5,980.0,6.8,980.0,14.0,1000,2,0,3,1,[11 22 82],[89]
ENGLAND 4,45380,Bradford City,Tranmere,2.24,2.28,3.45,3.5,3.6,3.7,0,0,0.0,0,0,0,0,0,1.96,2.14,1.9,2.06,0,0,0,0,0,0,0,0,1.79,1.89,2.12,2.28,0,0,0,0,0,0,0,0,0,0,0,0,0,0,0,0,0,0,11.5,14.0,12.0,980.0,21.0,24.0,13.5,980.0,9.2,10.5,7.4,8.2,13.0,14.5,34.0,42.0,12.5,14.5,10.0,11.0,16.0,980.0,12.5,980,25.0,29.0,21.0,25.0,12.5,40,14.5,100,15.5,18.5,11.5,980.0,15.0,1000,0,0,2,0,[64 69],[]
PORTUGAL 2,45380,Pacos Ferreira,Oliveirense,1.57,1.68,6.6,7.6,4.0,4.5,0,0,0.0,0,0,0,0,0,1.99,2.14,1.88,2.02,0,0,0,0,0,0,0,0,2.06,2.22,1.82,1.94,0,0,0,0,0,0,0,0,0,0,0,0,0,0,0,0,0,0,10.0,17.0,15.0,26.0,4.2,980.0,4.3,980.0,6.8,9.2,8.6,12.0,3.9,34.0,4.3,980.0,7.8,10.5,9.0,12.5,18.5,32.0,4.3,980,3.8,18.0,13.0,22.0,4.1,55,4.3,980,3.2,12.0,4.2,980.0,4.4,1000,2,0,2,0,[22 39],[]
ENGLAND 4,45380,Colchester,Newport,2.04,2.08,3.8,3.95,3.75,3.9,0,0,0.0,0,0,0,0,0,1.79,1.9,2.12,2.26,0,0,0,0,0,0,0,0,1.7,1.79,2.28,2.42,0,0,0,0,0,0,0,0,0,0,0,0,0,0,0,0,0,0,13.5,16.5,14.5,16.5,24.0,29.0,12.5,80.0,9.6,11.5,7.8,8.6,14.0,16.5,36.0,44.0,12.5,14.0,9.8,10.5,15.5,17.5,40.0,50,9.8,25.0,18.0,21.0,28.0,36,13.0,980,10.5,13.0,11.0,38.0,14.5,1000,0,1,2,1,[75 90],[42]
ENGLAND 4,45380,Crawley,Doncaster,2.38,2.46,3.15,3.3,3.6,3.75,0,0,0.0,0,0,0,0,0,1.79,1.89,2.12,2.26,0,0,0,0,0,0,0,0,1.67,1.75,2.32,2.48,0,0,0,0,0,0,0,0,0,0,0,0,0,0,0,0,0,0,13.0,18.0,5.4,15.5,6.2,26.0,7.0,980.0,10.5,13.0,7.4,8.6,5.4,15.0,6.6,980.0,5.7,17.5,10.0,12.5,5.7,18.0,7.0,980,6.6,980.0,6.2,26.0,6.6,980,7.4,980,5.6,17.5,6.2,980.0,8.0,1000,0,0,0,2,[],[57 90]
PORTUGAL 2,45380,Os Belenenses,Feirense,2.7,2.88,2.82,3.05,3.2,3.5,0,0,0.0,0,0,0,0,0,2.14,2.42,1.71,1.88,0,0,0,0,0,0,0,0,1.89,2.02,1.98,2.14,0,0,0,0,0,0,0,0,0,0,0,0,0,0,0,0,0,0,9.0,980.0,8.4,980.0,14.5,20.0,6.2,980.0,8.4,11.0,6.2,980.0,10.5,980.0,6.0,980.0,14.0,19.0,10.5,14.0,16.0,980.0,6.2,980,6.2,980.0,6.0,980.0,6.2,980,6.6,1000,3.35,34.0,3.4,38.0,3.8,1000,0,1,3,1,[50 72 82],[34]
BELGIUM 1,45380,Gent,St. Liege,1.66,1.68,5.3,5.7,4.3,4.6,0,0,0.0,0,0,0,0,0,1.68,1.71,2.4,2.46,0,0,0,0,0,0,0,0,1.75,1.79,2.26,2.34,0,0,0,0,0,0,0,0,0,0,0,0,0,0,0,0,0,0,16.0,23.0,16.5,26.0,7.4,48.0,8.4,980.0,8.8,11.0,8.6,10.5,16.5,23.0,7.8,70.0,9.4,11.5,9.0,11.0,15.5,21.0,7.8,70,15.0,18.0,14.0,17.0,7.0,32,44.0,95,4.2,8.2,7.8,65.0,8.8,980,1,1,5,1,[23 53 72 80 83],[28]
ENGLAND 4,45380,Forest Green,Stockport County,6.4,6.6,1.66,1.67,4.0,4.2,0,0,0.0,0,0,0,0,0,1.92,2.06,1.94,2.08,0,0,0,0,0,0,0,0,1.94,2.08,1.92,2.06,0,0,0,0,0,0,0,0,0,0,0,0,0,0,0,0,0,0,10.0,16.5,7.4,9.8,7.2,11.5,11.5,19.5,14.0,23.0,6.8,11.5,7.6,12.5,13.5,22.0,4.2,60.0,17.5,29.0,4.0,28.0,4.2,48,4.4,980.0,4.3,980.0,4.3,980,4.4,980,4.4,980.0,3.35,12.5,4.5,1000,0,2,0,3,[],[19 28 51]
AUSTRALIA 1,45380,Adelaide United,Western United,1.91,1.92,3.75,3.8,4.7,4.8,0,0,0.0,0,0,0,0,0,1.39,1.43,3.35,3.6,0,0,0,0,0,0,0,0,1.43,1.47,3.1,3.35,0,0,0,0,0,0,0,0,0,0,0,0,0,0,0,0,0,0,32.0,36.0,26.0,29.0,34.0,38.0,60.0,75.0,17.5,19.5,11.5,12.5,15.5,16.5,32.0,34.0,16.5,18.0,10.0,11.0,13.5,14.5,29.0,32,23.0,25.0,15.5,16.5,19.5,21,40.0,46,6.0,6.4,16.0,17.5,48.0,270,1,0,4,1,[19 46 48 80],[50]
SERBIA 1,45380,IMT Novi Beograd,Zeleznicar Pancevo,2.06,2.18,3.7,4.5,3.15,4.2,0,0,0.0,0,0,0,0,0,1.61,3.1,1.48,5.0,0,0,0,0,0,0,0,0,1.63,2.0,2.0,1000.0,0,0,0,0,0,0,0,0,0,0,0,0,0,0,0,0,0,0,1.03,1000.0,1.03,1000.0,1.03,1000.0,1.03,1000.0,1.04,12.0,1.03,1000.0,1.03,1000.0,1.03,1000.0,1.04,1000.0,1.04,12.0,1.03,1000.0,1.03,1000,1.03,1000.0,1.03,1000.0,1.03,1000,1.03,1000,1.03,1000.0,1.03,1000.0,1.03,1000,0,0,1,1,[88],[82]
IRELAND 2,45380,Kerry,Wexford,4.3,4.6,1.93,1.98,3.7,4.0,0,0,0.0,0,0,0,0,0,1.89,1.96,2.04,2.14,0,0,0,0,0,0,0,0,1.72,1.93,2.08,2.38,0,0,0,0,0,0,0,0,0,0,0,0,0,0,0,0,0,0,13.0,980.0,8.4,11.0,10.5,13.0,5.8,980.0,14.0,980.0,7.4,9.6,8.8,980.0,15.5,980.0,6.2,980.0,13.5,980.0,15.5,980.0,6.4,980,7.0,980.0,6.8,980.0,6.8,980,7.0,980,6.6,980.0,4.7,13.0,7.4,1000,1,0,1,1,[11],[50]
SLOVENIA 1,45380,Domzale,Mura,2.48,2.52,3.05,3.2,3.4,3.6,0,0,0.0,0,0,0,0,0,2.08,2.22,1.81,1.91,0,0,0,0,0,0,0,0,1.77,2.06,1.95,2.3,0,0,0,0,0,0,0,0,0,0,0,0,0,0,0,0,0,0,9.0,13.5,9.4,12.5,16.0,25.0,5.2,980.0,8.4,11.5,6.4,8.6,11.0,15.0,5.2,980.0,13.0,19.5,10.0,13.5,15.5,21.0,5.2,980,5.2,980.0,5.0,36.0,5.3,980,5.3,980,4.7,32.0,4.8,980.0,5.4,1000,0,2,3,5,[67 89 90],[30 39 78 80 87]
SLOVENIA 1,45380,Maribor,Radomlje,1.47,1.54,6.8,9.2,4.7,5.5,0,0,0.0,0,0,0,0,0,1.45,1.93,2.06,3.25,0,0,0,0,0,0,0,0,1.99,2.14,1.87,2.02,0,0,0,0,0,0,0,0,0,0,0,0,0,0,0,0,0,0,5.3,980.0,5.7,980.0,6.4,980.0,7.0,1000.0,4.0,9.4,8.8,980.0,6.0,980.0,6.8,980.0,7.2,9.6,8.6,980.0,5.8,980.0,6.6,980,5.0,980.0,5.2,980.0,6.0,980,6.8,980,3.75,7.8,6.8,980.0,7.0,1000,0,0,1,0,[58],[]
SLOVENIA 1,45380,Rogaska,Bravo,3.1,3.8,2.3,2.64,3.3,3.85,0,0,0.0,0,0,0,0,0,2.06,2.34,1.75,1.95,0,0,0,0,0,0,0,0,1.8,2.08,1.92,2.24,0,0,0,0,0,0,0,0,0,0,0,0,0,0,0,0,0,0,8.6,14.5,7.2,11.5,10.5,18.0,4.2,980.0,8.8,14.5,6.4,9.4,8.8,14.5,20.0,980.0,16.0,980.0,10.5,18.0,14.0,24.0,4.0,980,4.1,980.0,4.2,980.0,4.1,980,4.2,980,4.0,980.0,3.75,980.0,4.3,1000,1,0,2,0,[23 72],[]
CHINA 1,45380,Shenzhen Xinpengcheng,Cangzhou,2.54,2.72,2.9,3.1,3.3,3.6,0,0,0.0,0,0,0,0,0,2.04,2.28,1.78,1.96,0,0,0,0,0,0,0,0,1.82,1.98,2.02,2.22,0,0,0,0,0,0,0,0,0,0,0,0,0,0,0,0,0,0,10.0,13.5,9.2,12.5,15.0,21.0,6.0,980.0,8.6,11.5,6.4,8.4,11.0,15.0,5.7,980.0,13.5,18.5,10.0,14.0,15.5,21.0,6.0,980,5.9,980.0,6.0,980.0,6.0,980,6.2,980,5.4,980.0,5.6,36.0,6.6,1000,2,1,2,2,[25 45],[12 90]
IRELAND 2,45380,Treaty United,Finn Harps,2.18,2.3,3.4,3.6,3.6,3.9,0,0,0.0,0,0,0,0,0,1.94,2.04,1.96,2.06,0,0,0,0,0,0,0,0,1.74,1.87,2.14,2.34,0,0,0,0,0,0,0,0,0,0,0,0,0,0,0,0,0,0,12.0,980.0,12.0,980.0,19.5,980.0,7.8,980.0,5.2,980.0,7.4,980.0,12.5,980.0,27.0,980.0,12.5,980.0,9.8,980.0,13.5,980.0,6.4,1000,7.6,980.0,18.0,980.0,7.4,980,8.0,980,2.54,980.0,2.48,980.0,2.66,1000,0,0,0,1,[],[80]
IRELAND 2,45380,Longford,UC Dublin,2.84,3.1,2.7,2.88,3.15,3.4,0,0,0.0,0,0,0,0,0,2.3,2.44,1.7,1.76,0,0,0,0,0,0,0,0,1.9,2.22,1.83,2.12,0,0,0,0,0,0,0,0,0,0,0,0,0,0,0,0,0,0,7.6,12.0,7.0,11.5,13.5,21.0,4.7,980.0,7.4,12.0,6.2,7.8,11.0,16.5,26.0,980.0,14.5,22.0,11.5,17.0,16.0,980.0,38.0,980,4.7,980.0,26.0,980.0,36.0,980,4.8,980,4.2,980.0,4.1,980.0,4.6,1000,0,1,1,2,[87],[44 59]
IRELAND 2,45380,Cork City,Athlone,1.47,1.52,7.8,9.2,4.6,5.1,0,0,0.0,0,0,0,0,0,1.89,1.97,2.02,2.14,0,0,0,0,0,0,0,0,2.1,2.28,1.78,1.9,0,0,0,0,0,0,0,0,0,0,0,0,0,0,0,0,0,0,13.5,980.0,6.4,980.0,7.6,980.0,8.2,1000.0,6.8,8.4,9.2,980.0,6.8,980.0,8.0,980.0,7.2,8.8,8.0,11.5,6.6,980.0,8.0,980,9.8,980.0,12.5,980.0,7.0,980,8.0,980,4.1,55.0,4.3,1000.0,8.4,1000,0,0,1,0,[68],[]
IRELAND 2,45380,Bray,Cobh Ramblers,2.32,2.46,3.05,3.3,3.6,4.0,0,0,0.0,0,0,0,0,0,1.84,1.92,2.08,2.18,0,0,0,0,0,0,0,0,1.65,1.82,2.2,2.52,0,0,0,0,0,0,0,0,0,0,0,0,0,0,0,0,0,0,13.0,19.5,12.0,16.5,4.8,980.0,5.0,980.0,9.6,13.5,7.4,980.0,11.0,16.5,25.0,980.0,13.0,16.5,9.2,980.0,12.5,21.0,32.0,980,4.8,980.0,17.5,980.0,5.1,980,5.5,980,4.1,55.0,4.7,980.0,5.4,1000,1,1,2,2,[20 67],[45 90]
COLOMBIA 1,45380,Alianza,Deportes Tolima,3.25,3.35,2.5,2.6,3.2,3.35,0,0,0.0,0,0,0,0,0,2.4,2.48,1.67,1.72,0,0,0,0,0,0,0,0,1.91,2.18,1.86,2.1,0,0,0,0,0,0,0,0,0,0,0,0,0,0,0,0,0,0,8.2,10.5,7.8,9.6,13.0,16.5,28.0,980.0,8.8,11.5,6.4,7.8,10.0,13.5,25.0,980.0,16.5,23.0,11.5,16.0,17.0,22.0,7.2,980,7.4,980.0,29.0,980.0,7.4,980,8.0,980,7.2,980.0,6.6,980.0,8.4,1000,0,1,0,2,[],[21 77]
ITALY 4,45380,Campodarsego,Union Clodiense,1.01,480.0,1.01,870.0,1.21,330.0,0,0,0.0,0,0,0,0,0,1.1,4.6,1.27,11.0,0,0,0,0,0,0,0,0,1.01,1000.0,1.01,1000.0,0,0,0,0,0,0,0,0,0,0,0,0,0,0,0,0,0,0,1.46,1000.0,1.01,1000.0,1.01,1000.0,1.01,1000.0,1.01,1000.0,1.01,1000.0,1.01,1000.0,1.01,1000.0,1.01,1000.0,1.01,1000.0,1.01,1000.0,1.01,1000,1.01,1000.0,1.01,1000.0,1.01,1000,28.0,1000,1.01,1000.0,1.01,1000.0,15.0,1000,0,1,0,1,[],[45]
ESTONIA 1,45380,Kuressaare,Tallinna Kalev,2.26,980.0,1.29,1.8,2.26,980.0,0,0,0.0,0,0,0,0,0,1.05,1.95,2.04,30.0,0,0,0,0,0,0,0,0,1.12,1000.0,1.12,1000.0,0,0,0,0,0,0,0,0,0,0,0,0,0,0,0,0,0,0,1.1,980.0,1.1,980.0,1.1,1000.0,1.1,1000.0,1.1,980.0,1.1,980.0,1.1,980.0,1.1,1000.0,1.1,1000.0,1.1,980.0,1.1,980.0,1.1,1000,1.1,1000.0,1.1,1000.0,1.1,1000,1.1,1000,1.55,1000.0,1.1,1000.0,1.1,1000,1,0,3,0,[41 72 84],[]
JAPAN 1,45380,Verdy,Kyoto,2.6,2.78,2.96,3.2,3.2,3.4,0,0,0.0,0,0,0,0,0,2.28,2.46,1.68,1.78,0,0,0,0,0,0,0,0,1.94,2.04,1.96,2.06,0,0,0,0,0,0,0,0,0,0,0,0,0,0,0,0,0,0,9.0,10.5,9.0,10.5,13.5,23.0,8.0,60.0,8.6,9.6,6.6,7.2,12.0,14.0,7.8,46.0,14.0,16.5,11.0,13.0,15.0,25.0,8.2,70,7.8,50.0,8.4,42.0,8.2,70,8.8,170,7.4,40.0,7.4,42.0,9.2,1000,0,2,2,2,[80 90],[22 26]
IRELAND 1,45380,Derry City,Galway,1.81,1.83,6.0,6.4,3.4,3.5,0,0,0.0,0,0,0,0,0,2.68,2.76,1.57,1.6,0,0,0,0,0,0,0,0,2.4,2.5,1.67,1.72,0,0,0,0,0,0,0,0,0,0,0,0,0,0,0,0,0,0,8.0,980.0,13.5,16.0,40.0,980.0,8.4,230.0,5.6,6.4,7.6,980.0,8.4,29.0,10.5,130.0,7.8,9.0,10.5,11.5,27.0,980.0,11.0,160,16.5,980.0,22.0,25.0,42.0,980,11.0,270,16.0,980.0,3.6,240.0,5.3,1000,0,0,0,1,[],[85]
IRELAND 1,45380,Drogheda,St. Patricks,3.9,4.1,2.08,2.12,3.6,3.8,0,0,0.0,0,0,0,0,0,2.08,2.12,1.89,1.93,0,0,0,0,0,0,0,0,1.87,1.93,2.08,2.16,0,0,0,0,0,0,0,0,0,0,0,0,0,0,0,0,0,0,10.5,13.0,8.2,9.4,10.5,13.0,21.0,30.0,12.5,14.0,7.0,8.2,10.0,12.0,18.5,28.0,21.0,32.0,14.0,17.0,16.0,20.0,29.0,50,9.2,85.0,8.0,60.0,8.0,75,9.2,980,7.8,65.0,5.8,17.5,8.8,1000,0,0,0,0,[],[]
IRELAND 1,45380,Shamrock Rovers,Bohemians,1.53,1.56,7.2,7.8,4.4,4.7,0,0,0.0,0,0,0,0,0,1.96,1.99,2.0,2.06,0,0,0,0,0,0,0,0,2.02,2.1,1.91,1.99,0,0,0,0,0,0,0,0,0,0,0,0,0,0,0,0,0,0,12.5,15.5,21.0,25.0,42.0,60.0,14.0,280.0,7.2,8.8,9.0,10.0,24.0,36.0,13.0,130.0,8.0,9.4,9.2,9.8,21.0,25.0,13.0,130,12.5,14.0,15.0,16.5,30.0,38,13.0,150,7.4,9.0,11.5,980.0,12.5,1000,0,0,3,1,[49 53 73],[90]
IRELAND 1,45380,Shelbourne,Dundalk,1.88,1.9,5.2,5.3,3.5,3.6,0,0,0.0,0,0,0,0,0,2.42,2.48,1.68,1.7,0,0,0,0,0,0,0,0,2.02,2.32,1.76,1.99,0,0,0,0,0,0,0,0,0,0,0,0,0,0,0,0,0,0,9.2,9.8,13.0,14.5,32.0,36.0,19.5,140.0,6.6,7.4,7.4,8.0,18.5,21.0,44.0,85.0,9.2,10.0,10.0,10.5,22.0,25.0,65.0,110,19.0,21.0,21.0,24.0,36.0,50,100.0,180,16.0,18.0,17.0,130.0,18.0,1000,0,0,2,1,[51 74],[90]
ITALY 4,45380,Virtus Bolzano,Este,1.28,480.0,1.03,870.0,1.28,330.0,0,0,0.0,0,0,0,0,0,1.08,4.6,1.27,990.0,0,0,0,0,0,0,0,0,1.01,1000.0,1.01,1000.0,0,0,0,0,0,0,0,0,0,0,0,0,0,0,0,0,0,0,1.49,1000.0,1.01,1000.0,1.01,1000.0,1.01,1000.0,1.01,1000.0,1.01,1000.0,1.01,1000.0,1.01,1000.0,1.01,1000.0,1.01,1000.0,1.01,1000.0,1.01,1000,1.01,1000.0,1.01,1000.0,1.01,1000,28.0,1000,1.01,1000.0,1.01,1000.0,15.0,1000,1,0,2,1,[29 84],[66]
URUGUAY 1,45381,Rampla Juniors,Fenix,3.15,3.65,2.38,2.68,3.0,3.5,0,0,0.0,0,0,0,0,0,2.28,2.6,1.62,1.79,0,0,0,0,0,0,0,0,1.95,2.16,1.86,2.06,0,0,0,0,0,0,0,0,0,0,0,0,0,0,0,0,0,0,7.2,12.0,6.6,11.0,10.5,18.0,4.1,44.0,8.0,13.0,5.6,7.8,9.0,15.0,4.1,40.0,15.5,27.0,11.0,18.5,15.5,26.0,4.3,70,4.3,80.0,4.2,60.0,4.3,80,4.4,180,4.2,65.0,4.0,38.0,4.5,1000,1,0,1,0,[17],[]
SPAIN 1,45381,Getafe,Sevilla,2.62,2.66,3.2,3.25,3.2,3.25,0,0,0.0,0,0,0,0,0,2.34,2.4,1.72,1.74,0,0,0,0,0,0,0,0,1.97,2.02,1.98,2.04,0,0,0,0,0,0,0,0,0,0,0,0,0,0,0,0,0,0,9.4,9.8,9.8,10.5,18.0,19.5,48.0,55.0,8.8,9.2,6.8,7.2,13.0,14.5,38.0,40.0,14.0,15.0,11.5,12.0,19.0,20.0,50.0,60,34.0,38.0,28.0,32.0,44.0,50,55.0,130,28.0,29.0,38.0,44.0,30.0,980,0,1,0,1,[],[5]
URUGUAY 1,45381,Liverpool M.,River Plate,1.99,2.18,4.0,4.6,3.25,3.7,0,0,0.0,0,0,0,0,0,2.1,2.44,1.69,1.9,0,0,0,0,0,0,0,0,1.96,2.14,1.88,2.06,0,0,0,0,0,0,0,0,0,0,0,0,0,0,0,0,0,0,9.0,980.0,5.1,980.0,6.4,980.0,6.8,980.0,7.0,980.0,4.0,14.0,5.7,980.0,6.8,980.0,4.9,980.0,4.7,980.0,6.0,980.0,6.8,980,6.2,980.0,6.2,980.0,7.0,980,6.8,1000,5.6,980.0,3.2,980.0,3.35,1000,0,0,1,1,[90],[90]
URUGUAY 1,45381,Defensor Sp.,Danubio,1.8,2.1,4.3,5.6,3.2,4.1,0,0,0.0,0,0,0,0,0,2.12,2.54,1.65,1.89,0,0,0,0,0,0,0,0,1.95,2.3,1.77,2.06,0,0,0,0,0,0,0,0,0,0,0,0,0,0,0,0,0,0,8.8,12.0,11.5,16.0,2.38,40.0,4.3,1000.0,6.2,8.4,6.6,14.0,16.0,22.0,4.9,1000.0,8.6,12.0,8.8,12.0,18.5,26.0,7.8,1000,17.5,24.0,18.5,26.0,12.0,55,16.5,1000,1.55,18.5,1.55,1000.0,15.0,1000,0,0,1,0,[65],[]
SCOTLAND 3,45381,Kelty Hearts,Edinburgh City,1.21,1.54,5.0,1000.0,5.2,32.0,0,0,0.0,0,0,0,0,0,1.02,4.6,1.27,55.0,0,0,0,0,0,0,0,0,1.01,990.0,1.67,990.0,0,0,0,0,0,0,0,0,0,0,0,0,0,0,0,0,0,0,1.41,1000.0,1.03,1000.0,1.03,1000.0,1.03,1000.0,1.03,1000.0,1.03,1000.0,1.03,1000.0,1.03,1000.0,1.03,1000.0,1.03,1000.0,1.03,1000.0,1.03,1000,1.03,1000.0,1.03,1000.0,1.03,1000,1.03,1000,1.01,980.0,1.55,1000.0,1.03,1000,1,1,3,1,[29 51 69],[8]
SCOTLAND 3,45381,Hamilton,Queen of South,1.47,1.51,7.0,7.2,5.0,5.9,0,0,0.0,0,0,0,0,0,1.61,1.77,2.3,2.64,0,0,0,0,0,0,0,0,1.83,1.99,2.0,2.2,0,0,0,0,0,0,0,0,0,0,0,0,0,0,0,0,0,0,5.6,980.0,6.0,980.0,6.6,980.0,4.2,1000.0,4.4,980.0,4.9,980.0,6.0,980.0,6.8,980.0,7.8,10.5,4.4,11.5,5.8,980.0,6.8,980,4.8,980.0,5.0,980.0,6.0,980,6.8,980,3.35,15.0,4.2,980.0,7.2,1000,0,0,0,0,[],[]
SCOTLAND 3,45381,Cove Rangers,Stirling,2.14,2.42,3.2,4.2,3.35,4.8,0,0,0.0,0,0,0,0,0,1.64,1.95,2.06,2.54,0,0,0,0,0,0,0,0,1.56,1.97,2.04,2.8,0,0,0,0,0,0,0,0,0,0,0,0,0,0,0,0,0,0,12.0,20.0,11.0,18.5,3.7,32.0,3.3,1000.0,8.6,14.0,3.3,14.0,2.88,17.5,3.85,46.0,11.0,18.5,8.2,13.5,3.5,21.0,3.85,1000,3.75,36.0,3.7,27.0,3.8,42,3.35,1000,3.2,55.0,3.15,38.0,5.6,1000,2,1,4,2,[22 35 56 90],[17 58]
NETHERLANDS 1,45381,AZ Alkmaar,Vitesse,1.27,1.3,13.0,14.5,6.6,7.0,0,0,0.0,0,0,0,0,0,1.59,1.7,2.44,2.7,0,0,0,0,0,0,0,0,2.12,2.3,1.78,1.9,0,0,0,0,0,0,0,0,0,0,0,0,0,0,0,0,0,0,21.0,27.0,36.0,42.0,13.0,160.0,13.5,780.0,8.6,9.6,13.0,15.0,11.0,48.0,13.0,280.0,7.2,8.8,10.0,11.0,28.0,34.0,13.5,220,8.8,9.8,12.5,14.0,30.0,40,13.5,230,3.55,4.6,15.0,280.0,14.0,1000,0,0,2,0,[53 64],[]
NETHERLANDS 1,45381,Waalwijk,Heerenveen,2.9,2.96,2.56,2.66,3.6,3.65,0,0,0.0,0,0,0,0,0,1.76,1.97,2.04,2.32,0,0,0,0,0,0,0,0,1.66,1.82,2.22,2.52,0,0,0,0,0,0,0,0,0,0,0,0,0,0,0,0,0,0,13.5,18.0,10.0,14.0,14.5,20.0,5.8,40.0,11.0,15.0,7.0,9.4,9.8,13.5,21.0,29.0,16.5,23.0,10.5,14.0,14.0,18.5,5.8,40,5.9,48.0,5.6,32.0,5.8,42,6.2,90,5.3,25.0,5.1,21.0,6.6,980,0,0,1,1,[69],[52]
FRANCE 3,45381,Villefranche,Sochaux,2.52,2.84,2.7,3.0,3.15,3.7,0,0,0.0,0,0,0,0,0,1.98,2.28,1.79,2.04,0,0,0,0,0,0,0,0,1.75,2.04,1.97,2.34,0,0,0,0,0,0,0,0,0,0,0,0,0,0,0,0,0,0,10.0,13.5,4.7,12.5,5.2,22.0,6.0,55.0,4.5,11.5,4.0,8.6,4.7,14.5,5.8,38.0,5.0,18.5,4.9,13.5,5.1,21.0,6.0,55,5.9,42.0,5.7,34.0,6.0,50,6.4,120,5.5,28.0,5.7,36.0,6.8,1000,1,1,2,2,[39 90],[ 4 60]
FRANCE 3,45381,Avranches,Rouen,3.2,3.65,2.3,2.54,3.2,3.6,0,0,0.0,0,0,0,0,0,2.24,2.48,1.67,1.81,0,0,0,0,0,0,0,0,1.94,2.12,1.9,2.08,0,0,0,0,0,0,0,0,0,0,0,0,0,0,0,0,0,0,8.8,12.0,7.2,9.8,4.8,980.0,5.9,980.0,9.2,12.5,6.6,14.0,10.0,13.5,5.8,980.0,5.4,980.0,4.9,980.0,5.4,980.0,6.2,980,6.4,980.0,6.0,980.0,6.4,980,6.6,980,6.2,980.0,5.6,980.0,7.0,1000,1,1,1,2,[20],[12 90]
USA 1,45381,Inter Miami,New York City,2.02,2.06,4.0,4.1,3.75,3.95,0,0,0.0,0,0,0,0,0,1.82,1.88,2.14,2.22,0,0,0,0,0,0,0,0,1.72,1.79,2.28,2.4,0,0,0,0,0,0,0,0,0,0,0,0,0,0,0,0,0,0,14.5,16.5,16.0,17.5,27.0,30.0,65.0,75.0,9.6,11.0,7.8,8.6,15.0,16.0,38.0,44.0,12.0,13.0,9.8,10.5,15.5,16.5,40.0,50,23.0,24.0,18.5,19.5,29.0,32,60.0,85,11.5,12.5,34.0,40.0,22.0,980,1,1,1,1,[15],[34]
USA 1,45381,Orlando City,New York Red Bulls,2.36,2.4,3.45,3.6,3.35,3.5,0,0,0.0,0,0,0,0,0,2.18,2.26,1.8,1.85,0,0,0,0,0,0,0,0,1.72,2.22,1.83,2.4,0,0,0,0,0,0,0,0,0,0,0,0,0,0,0,0,0,0,10.5,11.5,11.0,12.5,19.0,23.0,44.0,980.0,8.6,9.2,7.2,7.4,13.5,14.5,38.0,44.0,12.5,14.0,10.5,11.5,17.5,19.5,48.0,60,28.0,32.0,25.0,27.0,38.0,44,95.0,120,20.0,22.0,38.0,46.0,21.0,1000,0,1,1,1,[89],[21]
USA 1,45381,Toronto FC,Sporting Kansas City,2.6,2.72,2.98,3.15,3.35,3.45,0,0,0.0,0,0,0,0,0,2.12,2.22,1.83,1.89,0,0,0,0,0,0,0,0,1.81,1.97,2.04,2.24,0,0,0,0,0,0,0,0,0,0,0,0,0,0,0,0,0,0,10.5,12.0,10.0,11.5,17.0,20.0,34.0,50.0,9.6,10.0,7.0,7.4,12.0,13.5,30.0,36.0,15.0,16.5,11.0,12.0,16.5,18.0,38.0,50,36.0,55.0,28.0,32.0,40.0,46,90.0,110,25.0,27.0,26.0,36.0,19.0,1000,0,0,1,3,[90],[57 64 83]
USA 1,45381,Colorado Rapids,Los Angeles FC,3.05,3.35,2.36,2.48,3.6,3.8,0,0,0.0,0,0,0,0,0,1.81,2.12,1.89,2.22,0,0,0,0,0,0,0,0,1.68,1.93,2.08,2.48,0,0,0,0,0,0,0,0,0,0,0,0,0,0,0,0,0,0,13.0,18.0,9.6,13.5,12.5,19.0,23.0,40.0,11.0,16.0,7.0,10.0,9.8,14.0,20.0,32.0,18.0,27.0,12.5,17.0,15.5,22.0,24.0,48,28.0,65.0,21.0,44.0,25.0,60,4.1,120,20.0,38.0,3.6,23.0,4.3,980,1,1,3,2,[38 83 89],[ 8 76]
USA 1,45381,Philadelphia Union,Minnesota United,1.78,1.85,4.2,4.6,4.3,4.6,0,0,0.0,0,0,0,0,0,1.58,1.65,2.54,2.72,0,0,0,0,0,0,0,0,1.61,1.68,2.48,2.64,0,0,0,0,0,0,0,0,0,0,0,0,0,0,0,0,0,0,21.0,24.0,20.0,27.0,25.0,38.0,36.0,110.0,11.5,13.5,9.4,13.0,15.5,18.0,25.0,55.0,12.0,16.5,9.2,10.5,15.0,17.5,25.0,55,18.0,21.0,14.5,17.0,21.0,27,32.0,980,7.0,8.0,22.0,42.0,7.8,980,1,0,2,0,[16 84],[]
SOUTH KOREA 1,45381,Suwon FC,Gimcheon Sangmu,2.68,2.72,2.88,2.94,3.4,3.6,0,0,0.0,0,0,0,0,0,1.98,2.06,1.95,2.02,0,0,0,0,0,0,0,0,1.77,1.85,2.18,2.3,0,0,0,0,0,0,0,0,0,0,0,0,0,0,0,0,0,0,11.0,14.5,10.5,13.0,16.0,21.0,34.0,48.0,9.6,12.5,6.6,8.6,11.0,14.0,6.2,36.0,15.0,19.5,10.5,14.0,14.5,19.5,34.0,50,29.0,44.0,23.0,34.0,6.2,48,6.8,110,5.5,27.0,5.6,29.0,7.0,960,0,3,1,4,[88],[ 7 22 31 90]
NETHERLANDS 1,45381,G.A. Eagles,Excelsior,1.6,1.63,6.0,6.2,4.6,4.7,0,0,0.0,0,0,0,0,0,1.58,1.67,2.5,2.74,0,0,0,0,0,0,0,0,1.61,1.84,2.18,2.62,0,0,0,0,0,0,0,0,0,0,0,0,0,0,0,0,0,0,20.0,23.0,25.0,28.0,30.0,55.0,15.0,150.0,10.5,12.0,10.0,11.0,20.0,22.0,38.0,65.0,10.0,11.5,9.2,10.5,16.5,18.0,48.0,65,14.5,16.0,13.5,15.5,23.0,26,48.0,80,5.6,6.4,32.0,55.0,16.5,980,1,0,3,0,[41 70 81],[]
SOUTH KOREA 1,45381,Incheon,Daejeon,2.06,2.2,3.7,4.2,3.45,3.75,0,0,0.0,0,0,0,0,0,1.84,2.18,1.85,2.2,0,0,0,0,0,0,0,0,1.85,1.99,2.02,2.18,0,0,0,0,0,0,0,0,0,0,0,0,0,0,0,0,0,0,9.4,15.5,12.0,17.0,3.9,34.0,4.1,95.0,8.2,11.5,7.2,9.8,14.0,20.0,4.1,60.0,11.0,15.5,3.5,13.5,14.0,24.0,4.1,75,4.1,32.0,4.1,29.0,4.2,50,4.1,140,3.55,21.0,4.0,65.0,4.3,1000,1,0,2,0,[37 46],[]
GERMANY 2,45381,Kaiserslautern,Dusseldorf,3.05,3.15,2.4,2.48,3.75,3.85,0,0,0.0,0,0,0,0,0,1.71,1.72,2.38,2.42,0,0,0,0,0,0,0,0,1.6,1.64,2.56,2.68,0,0,0,0,0,0,0,0,0,0,0,0,0,0,0,0,0,0,18.0,20.0,13.0,14.5,16.5,18.5,27.0,34.0,14.5,16.5,8.2,9.0,10.5,11.5,20.0,23.0,20.0,23.0,12.0,13.0,13.5,15.0,28.0,32,40.0,46.0,25.0,28.0,30.0,36,44.0,65,18.5,20.0,13.0,14.5,18.0,980,1,0,1,3,[26],[74 76 81]
GERMANY 2,45381,Holstein Kiel,Hansa Rostock,1.57,1.61,5.8,6.4,4.6,4.9,0,0,0.0,0,0,0,0,0,1.63,1.7,2.42,2.6,0,0,0,0,0,0,0,0,1.75,1.81,2.22,2.34,0,0,0,0,0,0,0,0,0,0,0,0,0,0,0,0,0,0,20.0,22.0,23.0,26.0,42.0,55.0,18.0,170.0,10.0,11.0,9.8,11.0,20.0,23.0,48.0,70.0,9.8,11.0,9.2,9.8,18.0,20.0,55.0,70,14.0,16.0,13.5,15.0,25.0,29,28.0,90,5.5,7.0,48.0,70.0,16.0,760,1,0,2,0,[ 3 57],[]
GERMANY 2,45381,Braunschweig,Elversberg,2.36,2.4,3.1,3.2,3.8,3.9,0,0,0.0,0,0,0,0,0,1.67,1.75,2.32,2.48,0,0,0,0,0,0,0,0,1.6,1.68,2.48,2.66,0,0,0,0,0,0,0,0,0,0,0,0,0,0,0,0,0,0,18.0,22.0,14.5,16.5,22.0,25.0,42.0,50.0,13.0,14.0,8.2,9.2,12.0,13.5,27.0,30.0,15.5,17.0,10.5,11.5,14.0,15.5,32.0,38,28.0,32.0,20.0,22.0,27.0,32,46.0,70,12.0,13.5,16.0,21.0,15.0,980,2,0,5,0,[ 7 45 80 90 90],[]
GERMANY 2,45381,Hertha Berlin,Nurnberg,1.77,1.8,4.5,4.6,4.5,4.6,0,0,0.0,0,0,0,0,0,1.55,1.59,2.7,2.82,0,0,0,0,0,0,0,0,1.6,1.67,2.48,2.68,0,0,0,0,0,0,0,0,0,0,0,0,0,0,0,0,0,0,22.0,25.0,21.0,23.0,32.0,38.0,14.5,100.0,11.5,13.5,9.6,10.5,16.5,18.0,40.0,46.0,12.0,13.5,9.6,10.5,15.0,17.0,24.0,44,18.0,21.0,14.5,16.5,21.0,25,32.0,70,6.8,7.6,24.0,34.0,17.0,980,1,2,3,3,[44 54 56],[14 33 47]
BOLIVIA 1,45381,Guabira,Universitario de Vinto,1.78,2.18,3.1,870.0,2.96,330.0,0,0,0.0,0,0,0,0,0,1.05,4.6,1.27,21.0,0,0,0,0,0,0,0,0,1.01,1000.0,1.01,1000.0,0,0,0,0,0,0,0,0,0,0,0,0,0,0,0,0,0,0,1.49,1000.0,1.01,1000.0,1.01,1000.0,1.01,1000.0,1.01,1000.0,1.01,1000.0,1.01,1000.0,1.01,1000.0,1.01,1000.0,1.01,1000.0,1.01,1000.0,1.01,1000,1.01,1000.0,1.01,1000.0,1.01,1000,1.01,1000,1.55,1000.0,1.55,1000.0,1.01,1000,1,1,3,1,[37 46 77],[33]
BELGIUM 2,45381,Anderlecht U23,Francs Borains,2.24,2.72,2.7,3.35,3.25,4.9,0,0,0.0,0,0,0,0,0,1.6,1.92,2.08,2.66,0,0,0,0,0,0,0,0,1.58,1.8,2.24,2.72,0,0,0,0,0,0,0,0,0,0,0,0,0,0,0,0,0,0,3.55,980.0,3.45,980.0,3.7,980.0,3.95,980.0,3.4,980.0,3.15,980.0,3.4,980.0,3.8,980.0,3.55,980.0,3.35,980.0,3.5,980.0,3.9,980,3.85,980.0,3.7,980.0,3.85,980,4.0,1000,3.5,980.0,3.65,980.0,4.2,1000,0,2,3,3,[63 65 89],[ 5  7 49]
SCOTLAND 3,45381,Alloa,Annan,1.83,1.87,4.2,4.7,4.2,4.7,0,0,0.0,0,0,0,0,0,1.46,1.64,2.58,3.15,0,0,0,0,0,0,0,0,1.51,1.7,2.42,2.96,0,0,0,0,0,0,0,0,0,0,0,0,0,0,0,0,0,0,5.4,30.0,5.4,28.0,5.8,44.0,6.2,100.0,11.5,16.0,9.0,12.5,5.1,21.0,5.9,50.0,4.9,15.5,8.8,12.0,11.0,18.5,5.8,48,5.2,22.0,5.0,17.5,5.4,28,6.0,200,3.55,7.6,5.5,34.0,6.4,600,1,1,1,1,[23],[40]
BELGIUM 2,45381,Deinze,Waregem,2.32,2.8,2.52,3.1,3.6,4.6,0,0,0.0,0,0,0,0,0,1.56,1.77,2.3,2.78,0,0,0,0,0,0,0,0,1.51,1.7,2.42,2.96,0,0,0,0,0,0,0,0,0,0,0,0,0,0,0,0,0,0,2.28,24.0,3.0,18.0,2.4,24.0,1.94,46.0,2.66,17.0,4.1,10.5,4.5,14.0,2.3,29.0,2.36,22.0,4.5,13.5,3.15,17.0,1.94,36,2.04,40.0,2.3,26.0,2.16,34,1.99,200,2.02,16.0,1.94,18.5,1.93,850,0,1,1,1,[47],[32]
BOLIVIA 1,45381,SA Bulo Bulo,Tomayapo,1.7,980.0,2.96,980.0,3.15,6.6,0,0,0.0,0,0,0,0,0,1.05,4.6,1.27,21.0,0,0,0,0,0,0,0,0,1.01,1000.0,1.01,1000.0,0,0,0,0,0,0,0,0,0,0,0,0,0,0,0,0,0,0,1.38,1000.0,2.36,1000.0,2.86,1000.0,3.7,1000.0,2.44,1000.0,2.68,1000.0,6.0,1000.0,7.6,1000.0,3.65,1000.0,3.85,1000.0,8.6,1000.0,6.4,1000,3.35,1000.0,5.8,1000.0,14.0,1000,9.4,1000,1.55,1000.0,1.55,1000.0,15.0,1000,3,0,3,0,[ 4 35 43],[]
NETHERLANDS 1,45381,Nijmegen,PSV,7.4,7.8,1.45,1.47,5.3,5.5,0,0,0.0,0,0,0,0,0,1.47,1.57,2.76,3.15,0,0,0,0,0,0,0,0,1.66,1.79,2.28,2.52,0,0,0,0,0,0,0,0,0,0,0,0,0,0,0,0,0,0,25.0,30.0,11.5,13.0,10.0,11.0,12.5,14.0,30.0,38.0,11.5,13.0,9.2,10.0,12.0,13.0,12.5,75.0,25.0,28.0,19.0,21.0,22.0,25,13.0,220.0,12.5,90.0,32.0,75,12.5,85,12.0,70.0,4.1,5.5,13.5,730,1,1,3,1,[43 49 63],[20]
NETHERLANDS 1,45381,Sparta Rotterdam,Sittard,2.26,2.32,3.5,3.65,3.45,3.6,0,0,0.0,0,0,0,0,0,2.06,2.28,1.79,1.95,0,0,0,0,0,0,0,0,1.85,1.98,2.02,2.18,0,0,0,0,0,0,0,0,0,0,0,0,0,0,0,0,0,0,10.5,12.5,11.5,12.5,21.0,24.0,13.0,65.0,8.6,9.6,7.2,8.0,13.5,15.0,38.0,44.0,12.5,14.0,10.0,11.5,17.0,19.5,12.5,60,27.0,30.0,22.0,26.0,36.0,44,14.0,120,15.0,21.0,11.5,44.0,15.0,1000,1,0,4,0,[28 58 88 90],[]
SOUTH KOREA 1,45381,Jeonbuk,Ulsan HD,2.68,2.88,2.84,3.05,3.2,3.45,0,0,0.0,0,0,0,0,0,2.16,2.46,1.69,1.87,0,0,0,0,0,0,0,0,1.87,2.12,1.9,2.16,0,0,0,0,0,0,0,0,0,0,0,0,0,0,0,0,0,0,7.8,13.0,7.8,12.5,14.5,23.0,4.3,60.0,7.8,11.5,6.2,9.0,10.0,16.5,4.3,44.0,11.5,19.5,9.2,15.5,14.5,24.0,4.4,70,4.3,48.0,4.3,40.0,4.4,65,4.5,160,4.1,38.0,4.2,44.0,4.6,1000,1,2,2,2,[45 69],[21 39]
SCOTLAND 3,45381,Montrose,Falkirk,8.4,10.0,1.38,1.44,5.1,5.9,0,0,0.0,0,0,0,0,0,1.54,1.83,2.2,2.84,0,0,0,0,0,0,0,0,1.9,2.18,1.84,2.1,0,0,0,0,0,0,0,0,0,0,0,0,0,0,0,0,0,0,15.5,26.0,7.0,11.5,6.4,10.5,8.8,14.5,4.2,40.0,9.2,15.0,7.6,12.5,10.5,18.0,4.5,100.0,4.2,42.0,4.1,34.0,4.3,44,4.7,1000.0,4.6,170.0,4.6,140,17.5,180,4.6,200.0,2.68,6.2,4.7,1000,1,3,1,7,[31],[ 4 21 33 47 49 66 76]
SLOVAKIA 1,45381,Slovan Bratislava,Podbrezova,1.35,1.41,9.6,11.0,5.3,6.2,0,0,0.0,0,0,0,0,0,1.52,1.67,2.5,2.92,0,0,0,0,0,0,0,0,1.79,2.08,1.92,2.26,0,0,0,0,0,0,0,0,0,0,0,0,0,0,0,0,0,0,20.0,28.0,4.2,40.0,4.2,95.0,4.2,1000.0,8.6,11.5,10.5,14.5,4.2,40.0,4.2,140.0,7.6,10.5,8.4,11.5,20.0,28.0,4.2,120,9.8,13.5,11.0,15.5,25.0,34,28.0,130,1.01,5.2,4.2,150.0,15.0,1000,1,1,2,1,[26 90],[43]
SWITZERLAND 1,45381,Lausanne Ouchy,Lugano,4.8,5.0,1.78,1.82,4.1,4.4,0,0,0.0,0,0,0,0,0,1.66,1.85,2.18,2.52,0,0,0,0,0,0,0,0,1.67,1.91,2.1,2.5,0,0,0,0,0,0,0,0,0,0,0,0,0,0,0,0,0,0,13.5,23.0,7.8,13.0,8.8,14.5,14.0,24.0,14.5,24.0,7.2,12.0,7.6,12.5,12.5,22.0,27.0,48.0,13.5,23.0,13.5,23.0,22.0,38,70.0,130.0,38.0,70.0,40.0,70,26.0,110,1.55,65.0,1.55,10.5,15.0,860,0,0,1,3,[90],[76 79 86]
JAPAN 2,45381,Kofu,Renofa Yamaguchi,1.77,1.83,5.1,5.4,3.85,4.2,0,0,0.0,0,0,0,0,0,1.92,2.06,1.95,2.1,0,0,0,0,0,0,0,0,1.89,2.0,2.0,2.12,0,0,0,0,0,0,0,0,0,0,0,0,0,0,0,0,0,0,11.5,16.0,14.5,19.5,5.9,44.0,6.4,140.0,7.2,9.6,8.0,9.8,16.5,23.0,6.2,75.0,8.6,11.5,9.0,11.5,17.0,23.0,6.2,80,15.0,21.0,15.0,21.0,5.9,42,6.4,130,4.4,12.5,6.2,85.0,6.8,1000,0,0,0,2,[],[50 79]
SERBIA 1,45381,Partizan,Sp. Subotica,1.22,1.27,13.5,21.0,6.2,8.6,0,0,0.0,0,0,0,0,0,1.58,1.75,2.34,2.72,0,0,0,0,0,0,0,0,2.24,2.7,1.59,1.81,0,0,0,0,0,0,0,0,0,0,0,0,0,0,0,0,0,0,3.1,26.0,3.3,55.0,3.45,1000.0,3.5,1000.0,4.3,9.6,2.96,18.0,3.35,1000.0,3.5,1000.0,2.44,8.0,2.78,13.0,3.3,48.0,3.5,1000,2.6,9.8,2.92,16.5,3.3,55,3.5,1000,2.86,15.0,7.8,1000.0,3.55,1000,1,0,1,0,[22],[]
SERBIA 1,45381,Javor,Crvena zvezda,24.0,36.0,1.18,1.2,7.6,9.2,0,0,0.0,0,0,0,0,0,1.54,1.75,2.34,2.84,0,0,0,0,0,0,0,0,2.38,2.88,1.53,1.73,0,0,0,0,0,0,0,0,0,0,0,0,0,0,0,0,0,0,6.0,30.0,4.1,9.2,3.7,7.4,4.1,9.0,4.2,75.0,5.6,22.0,4.7,13.0,5.1,16.0,4.2,1000.0,7.0,1000.0,6.8,65.0,6.6,60,4.2,1000.0,4.2,1000.0,4.2,1000,4.1,1000,7.4,1000.0,2.74,4.3,7.4,1000,0,2,0,3,[],[39 44 82]
SERBIA 1,45381,Radnicki 1923,Napredak,1.98,2.24,3.95,4.8,3.15,3.65,0,0,0.0,0,0,0,0,0,2.2,2.64,1.61,1.83,0,0,0,0,0,0,0,0,1.93,2.28,1.79,2.08,0,0,0,0,0,0,0,0,0,0,0,0,0,0,0,0,0,0,4.2,11.5,4.5,14.0,5.6,32.0,6.2,1000.0,3.95,8.8,6.4,14.0,5.0,19.5,6.2,70.0,4.4,13.0,4.4,12.5,5.3,25.0,6.2,1000,5.5,29.0,5.5,29.0,6.0,55,6.4,1000,5.3,24.0,5.3,1000.0,6.8,1000,2,0,3,1,[28 36 90],[73]
SERBIA 1,45381,Radnicki Nis,Mladost,2.06,2.26,3.65,4.7,3.05,3.8,0,0,0.0,0,0,0,0,0,2.16,2.6,1.63,1.86,0,0,0,0,0,0,0,0,1.91,2.18,1.85,2.1,0,0,0,0,0,0,0,0,0,0,0,0,0,0,0,0,0,0,4.2,12.0,4.5,14.0,4.0,32.0,2.1,1000.0,3.8,9.2,3.8,14.0,4.9,19.0,2.12,1000.0,4.4,13.5,4.3,12.5,5.3,25.0,1.88,1000,5.3,29.0,5.3,29.0,2.14,55,2.12,1000,2.8,23.0,1.98,1000.0,2.14,1000,1,0,3,0,[19 77 78],[]
BELGIUM 1,45381,Leuven,KV Mechelen,2.76,2.9,2.56,2.74,3.5,3.75,0,0,0.0,0,0,0,0,0,1.94,2.04,1.97,2.06,0,0,0,0,0,0,0,0,1.67,1.89,2.12,2.5,0,0,0,0,0,0,0,0,0,0,0,0,0,0,0,0,0,0,12.0,16.5,10.0,13.5,14.5,19.5,30.0,42.0,10.0,14.0,6.8,9.2,10.0,13.5,22.0,30.0,15.5,21.0,10.5,14.0,14.0,19.0,30.0,44,34.0,46.0,24.0,34.0,32.0,46,26.0,95,1.55,26.0,1.55,24.0,15.0,1000,0,1,2,3,[74 90],[ 5 52 90]
BELGIUM 1,45381,Anderlecht,Antwerp,2.34,2.48,2.96,3.25,3.55,3.85,0,0,0.0,0,0,0,0,0,1.85,2.02,1.99,2.18,0,0,0,0,0,0,0,0,1.65,1.84,2.2,2.54,0,0,0,0,0,0,0,0,0,0,0,0,0,0,0,0,0,0,13.0,15.5,11.5,15.5,18.0,25.0,6.4,980.0,9.8,13.0,7.0,9.4,11.0,15.0,6.0,36.0,13.0,18.0,9.4,13.0,13.5,18.5,6.2,46,6.0,36.0,19.5,27.0,6.2,40,6.8,980,5.2,18.5,5.8,29.0,7.2,1000,0,0,0,0,[],[]
PORTUGAL 1,45381,Boavista,Rio Ave,2.72,2.8,3.0,3.15,3.15,3.25,0,0,0.0,0,0,0,0,0,2.48,2.7,1.59,1.68,0,0,0,0,0,0,0,0,1.96,2.14,1.87,2.06,0,0,0,0,0,0,0,0,0,0,0,0,0,0,0,0,0,0,7.6,10.5,8.0,10.5,15.0,23.0,5.2,65.0,7.4,9.8,6.2,8.0,11.0,15.5,5.2,50.0,12.0,21.0,9.8,14.5,15.5,27.0,5.3,80,5.2,55.0,5.1,46.0,5.3,75,5.5,980,5.0,48.0,5.1,55.0,5.6,1000,0,0,0,0,[],[]
SWEDEN 2,45381,Orgryte,Utsikten,2.22,2.36,3.25,3.45,3.65,3.9,0,0,0.0,0,0,0,0,0,1.8,1.95,2.06,2.26,0,0,0,0,0,0,0,0,1.67,1.87,2.16,2.5,0,0,0,0,0,0,0,0,0,0,0,0,0,0,0,0,0,0,11.5,19.5,11.5,17.5,19.5,30.0,4.2,70.0,9.2,14.0,7.0,10.5,11.5,17.5,4.3,44.0,12.0,18.5,9.2,14.0,14.0,21.0,4.1,55,4.3,36.0,18.5,28.0,4.4,44,4.2,110,3.5,17.5,3.95,38.0,4.3,980,0,1,1,2,[88],[23 51]
JAPAN 1,45381,Sanfrecce Hiroshima,Gamba Osaka,1.5,1.54,7.2,8.2,4.7,4.8,0,0,0.0,0,0,0,0,0,1.92,2.08,1.94,2.1,0,0,0,0,0,0,0,0,2.08,2.24,1.81,1.93,0,0,0,0,0,0,0,0,0,0,0,0,0,0,0,0,0,0,13.0,18.5,20.0,28.0,4.1,80.0,4.3,290.0,5.8,9.4,7.6,12.5,4.2,36.0,4.2,150.0,7.6,10.5,7.6,12.5,4.2,34.0,4.2,150,12.0,16.5,15.0,21.0,4.1,50,4.2,210,3.1,10.5,4.2,210.0,4.3,1000,0,0,1,1,[78],[76]
JAPAN 1,45381,Vissel Kobe,Hokkaido Consadole Sapporo,1.67,1.72,5.3,5.8,4.2,4.5,0,0,0.0,0,0,0,0,0,1.77,1.95,2.04,2.3,0,0,0,0,0,0,0,0,1.83,1.97,2.04,2.22,0,0,0,0,0,0,0,0,0,0,0,0,0,0,0,0,0,0,14.5,18.0,16.0,22.0,6.4,48.0,7.0,150.0,8.0,10.0,8.6,10.5,19.0,24.0,6.6,80.0,9.0,11.5,9.0,11.0,17.5,23.0,6.6,80,14.5,18.5,14.0,19.0,6.2,38,7.0,130,4.2,10.0,6.8,85.0,7.2,1000,3,0,6,1,[ 8 24 43 49 72 90],[73]
JAPAN 1,45381,Albirex Niigata,Kashiwa Reysol,2.66,2.76,3.15,3.25,3.1,3.25,0,0,0.0,0,0,0,0,0,2.52,2.76,1.57,1.65,0,0,0,0,0,0,0,0,2.06,2.22,1.82,1.94,0,0,0,0,0,0,0,0,0,0,0,0,0,0,0,0,0,0,6.6,10.5,7.2,12.0,14.5,25.0,4.1,75.0,6.4,10.5,5.4,8.6,11.0,18.0,4.0,60.0,11.0,19.0,9.6,16.0,16.5,28.0,4.1,90,4.1,50.0,4.3,46.0,4.1,80,4.2,220,4.0,48.0,4.1,70.0,4.3,1000,0,1,1,1,[57],[15]
JAPAN 1,45381,Urawa Reds,Avispa Fukuoka,2.02,2.06,4.8,5.1,3.15,3.35,0,0,0.0,0,0,0,0,0,2.5,2.9,1.53,1.67,0,0,0,0,0,0,0,0,2.2,2.5,1.67,1.84,0,0,0,0,0,0,0,0,0,0,0,0,0,0,0,0,0,0,7.2,9.2,10.0,15.5,25.0,42.0,90.0,160.0,5.8,7.4,6.6,8.4,17.0,26.0,60.0,110.0,8.8,13.0,9.4,14.0,19.5,34.0,80.0,150,20.0,30.0,20.0,36.0,44.0,80,160.0,280,1.01,30.0,1.01,180.0,38.0,1000,0,1,2,1,[65 73],[28]
JAPAN 1,45381,Machida,Sagan Tosu,1.72,1.8,5.3,5.8,3.8,4.1,0,0,0.0,0,0,0,0,0,2.02,2.16,1.87,1.99,0,0,0,0,0,0,0,0,1.98,2.1,1.91,2.04,0,0,0,0,0,0,0,0,0,0,0,0,0,0,0,0,0,0,11.5,16.0,15.0,21.0,30.0,55.0,100.0,170.0,7.2,9.6,8.0,11.0,15.5,27.0,55.0,95.0,9.0,12.0,7.6,12.5,16.5,28.0,60.0,110,16.0,22.0,14.0,24.0,29.0,50,100.0,170,1.01,14.5,1.01,120.0,19.0,1000,1,1,3,1,[ 5 54 57],[34]
JAPAN 1,45381,Kawasaki Frontale,FC Tokyo,1.91,1.99,4.0,4.4,3.85,4.2,0,0,0.0,0,0,0,0,0,1.79,1.9,2.12,2.28,0,0,0,0,0,0,0,0,1.68,1.88,2.14,2.48,0,0,0,0,0,0,0,0,0,0,0,0,0,0,0,0,0,0,13.5,18.5,15.5,19.0,25.0,36.0,65.0,90.0,9.2,12.0,8.2,10.0,15.0,18.5,38.0,55.0,11.5,14.0,9.4,11.5,16.5,20.0,42.0,60,18.0,25.0,15.5,21.0,26.0,36,70.0,100,1.01,12.5,1.01,48.0,15.0,780,1,0,3,0,[34 83 90],[]
JAPAN 1,45381,Kashima Antlers,Iwata,1.76,1.81,5.1,5.5,4.0,4.1,0,0,0.0,0,0,0,0,0,1.94,2.18,1.85,2.08,0,0,0,0,0,0,0,0,1.93,2.06,1.94,2.08,0,0,0,0,0,0,0,0,0,0,0,0,0,0,0,0,0,0,12.0,16.5,15.5,21.0,29.0,50.0,90.0,160.0,7.4,10.5,6.6,11.0,18.5,26.0,50.0,90.0,9.2,12.5,7.6,12.5,16.0,27.0,55.0,100,16.0,23.0,14.0,24.0,28.0,48,90.0,160,1.01,14.5,1.01,110.0,23.0,1000,1,0,1,0,[33],[]
JAPAN 1,45381,Nagoya Grampus,Yokohama F. Marinos,3.25,3.5,2.28,2.4,3.45,3.7,0,0,0.0,0,0,0,0,0,2.0,2.14,1.87,2.0,0,0,0,0,0,0,0,0,1.81,2.02,2.08,2.36,0,0,0,0,0,0,0,0,0,0,0,0,0,0,0,0,0,0,11.5,14.5,9.0,11.0,13.0,16.0,25.0,34.0,11.0,14.0,7.2,8.8,10.0,12.5,21.0,28.0,18.5,26.0,12.5,16.0,16.5,21.0,32.0,46,48.0,65.0,32.0,44.0,40.0,60,80.0,120,1.01,42.0,1.01,22.0,1.01,1000,0,0,2,1,[77 90],[54]
SWEDEN 2,45381,Sundsvall,Ostersund,2.6,2.66,2.86,3.0,3.45,3.75,0,0,0.0,0,0,0,0,0,1.93,2.12,1.9,2.08,0,0,0,0,0,0,0,0,1.76,1.87,2.16,2.3,0,0,0,0,0,0,0,0,0,0,0,0,0,0,0,0,0,0,12.0,16.5,10.5,14.5,14.0,19.5,5.3,55.0,10.0,13.5,7.2,8.2,11.5,13.0,6.2,40.0,12.5,22.0,10.5,12.5,15.5,22.0,5.3,55,5.2,48.0,20.0,36.0,5.3,55,5.6,120,4.8,27.0,4.9,32.0,5.8,1000,0,0,1,0,[90],[]
SWITZERLAND 1,45381,Basel,Zurich,2.6,2.82,2.78,2.98,3.45,3.55,0,0,0.0,0,0,0,0,0,1.94,2.18,1.85,2.08,0,0,0,0,0,0,0,0,1.72,1.88,2.14,2.4,0,0,0,0,0,0,0,0,0,0,0,0,0,0,0,0,0,0,10.5,14.5,9.6,13.0,15.0,21.0,5.9,50.0,9.2,12.5,6.4,8.6,10.5,14.0,5.6,36.0,15.0,21.0,10.0,13.5,14.5,20.0,5.9,50,5.8,46.0,5.6,34.0,5.8,48,6.2,980,5.3,27.0,5.5,32.0,6.6,1000,2,1,2,2,[27 39],[ 6 54]
JAPAN 2,45381,Tokushima,Kusatsu,2.32,2.48,3.55,3.9,3.1,3.4,0,0,0.0,0,0,0,0,0,2.36,2.7,1.59,1.73,0,0,0,0,0,0,0,0,2.04,2.18,1.85,1.97,0,0,0,0,0,0,0,0,0,0,0,0,0,0,0,0,0,0,8.2,9.4,8.2,13.5,17.5,29.0,5.0,90.0,6.0,9.8,5.6,7.6,11.5,19.5,5.0,65.0,10.0,16.5,8.8,14.5,16.0,27.0,5.0,90,4.9,40.0,4.9,38.0,5.0,70,5.2,200,4.6,36.0,5.0,80.0,5.4,1000,0,0,0,1,[],[76]
JAPAN 2,45381,Montedio Yamagata,Shimizu S-Pulse,4.3,4.8,1.81,1.89,3.95,4.3,0,0,0.0,0,0,0,0,0,1.73,1.91,2.08,2.38,0,0,0,0,0,0,0,0,1.75,1.87,2.16,2.32,0,0,0,0,0,0,0,0,0,0,0,0,0,0,0,0,0,0,12.5,22.0,7.8,13.0,8.8,14.5,14.5,25.0,16.0,23.0,7.0,11.5,7.6,12.5,13.0,23.0,4.3,44.0,13.5,22.0,13.5,23.0,4.3,40,4.1,120.0,4.1,65.0,4.0,70,4.1,110,4.0,60.0,3.2,12.5,4.2,890,1,0,2,0,[34 88],[]
SWITZERLAND 1,45381,Winterthur,Servette,3.85,3.9,2.04,2.08,3.8,3.9,0,0,0.0,0,0,0,0,0,1.78,1.9,2.12,2.3,0,0,0,0,0,0,0,0,1.64,1.79,2.28,2.56,0,0,0,0,0,0,0,0,0,0,0,0,0,0,0,0,0,0,14.5,16.5,10.0,11.0,12.0,13.5,22.0,25.0,14.5,17.5,8.0,8.6,9.8,11.0,18.0,20.0,25.0,29.0,14.5,16.5,15.5,17.0,28.0,34,12.5,75.0,36.0,44.0,42.0,48,13.0,85,17.5,38.0,7.6,13.5,14.5,730,0,0,1,0,[73],[]
SLOVAKIA 1,45381,Z. Moravce-Vrable,Kosice,2.36,2.86,2.76,3.4,3.2,3.75,0,0,0.0,0,0,0,0,0,1.96,2.32,1.76,2.06,0,0,0,0,0,0,0,0,1.74,2.04,1.96,2.34,0,0,0,0,0,0,0,0,0,0,0,0,0,0,0,0,0,0,3.65,15.0,3.8,14.0,3.9,25.0,4.2,1000.0,3.4,13.0,6.2,14.0,3.65,16.5,4.1,44.0,3.8,20.0,3.65,15.0,3.85,23.0,4.2,1000,4.1,46.0,3.45,36.0,3.55,55,4.4,1000,3.35,30.0,3.45,40.0,3.8,1000,0,1,1,2,[65],[23 87]
SLOVAKIA 1,45381,Skalica,Michalovce,2.24,2.46,3.4,3.85,3.15,3.55,0,0,0.0,0,0,0,0,0,2.22,2.52,1.66,1.82,0,0,0,0,0,0,0,0,1.94,2.12,1.89,2.06,0,0,0,0,0,0,0,0,0,0,0,0,0,0,0,0,0,0,8.4,11.5,9.6,13.0,6.0,980.0,6.4,980.0,7.0,9.4,6.6,14.0,5.3,980.0,6.2,980.0,11.0,15.0,9.6,13.0,16.5,980.0,6.4,980,5.8,980.0,5.7,980.0,6.2,980,6.6,980,5.5,980.0,6.2,980.0,6.8,1000,0,0,0,0,[],[]
SLOVAKIA 1,45381,Banska Bystrica,Trencin,2.8,3.15,2.48,2.7,3.45,3.9,0,0,0.0,0,0,0,0,0,1.79,2.08,1.92,2.26,0,0,0,0,0,0,0,0,1.65,1.9,2.12,2.52,0,0,0,0,0,0,0,0,0,0,0,0,0,0,0,0,0,0,12.0,980.0,9.6,13.0,13.5,980.0,5.8,980.0,10.5,14.5,6.8,9.2,9.8,13.5,19.0,980.0,5.3,980.0,10.5,980.0,14.0,980.0,5.9,980,5.9,980.0,5.7,980.0,5.9,980,6.2,980,5.4,980.0,5.1,980.0,6.6,1000,2,1,4,2,[39 45 66 85],[16 82]
CZECH 1,45381,Slovacko,Slavia Prague,5.8,6.6,1.66,1.75,3.75,4.1,0,0,0.0,0,0,0,0,0,2.02,2.4,1.71,1.97,0,0,0,0,0,0,0,0,2.0,2.34,1.73,2.0,0,0,0,0,0,0,0,0,0,0,0,0,0,0,0,0,0,0,10.5,12.5,6.2,7.8,5.2,9.4,7.0,17.5,15.5,19.0,8.0,8.8,9.4,11.5,17.0,21.0,8.4,50.0,20.0,34.0,7.4,36.0,36.0,65,9.2,290.0,9.2,160.0,9.4,190,9.6,290,9.4,280.0,8.8,13.5,9.6,1000,1,2,1,3,[40],[29 44 56]
CZECH 1,45381,Plzen,Liberec,1.33,1.38,10.0,12.0,5.5,6.2,0,0,0.0,0,0,0,0,0,1.62,1.79,2.28,2.62,0,0,0,0,0,0,0,0,1.94,2.26,1.79,2.08,0,0,0,0,0,0,0,0,0,0,0,0,0,0,0,0,0,0,17.5,24.0,6.2,38.0,6.6,100.0,6.8,1000.0,7.6,10.5,10.5,14.5,6.0,42.0,6.8,170.0,7.0,9.2,9.0,11.5,6.2,32.0,6.6,140,9.2,12.5,11.5,16.0,6.0,40,6.8,170,3.2,5.8,6.8,210.0,7.0,1000,0,0,0,0,[],[]
CZECH 1,45381,Sigma Olomouc,FK Pardubice,1.68,1.89,4.8,5.9,3.6,4.2,0,0,0.0,0,0,0,0,0,1.91,2.1,1.92,2.1,0,0,0,0,0,0,0,0,1.84,2.1,1.91,2.2,0,0,0,0,0,0,0,0,0,0,0,0,0,0,0,0,0,0,11.5,16.0,14.5,20.0,5.8,46.0,6.4,150.0,7.2,9.6,7.4,10.0,17.0,23.0,6.2,80.0,8.4,11.5,8.4,11.5,17.5,24.0,6.2,85,14.5,19.5,15.0,21.0,5.8,42,6.4,140,4.3,12.0,6.2,95.0,6.6,1000,0,1,0,2,[],[32 90]
JAPAN 2,45381,Oita Trinita,Okayama,3.3,3.6,2.38,2.48,3.15,3.4,0,0,0.0,0,0,0,0,0,2.3,2.62,1.62,1.76,0,0,0,0,0,0,0,0,2.0,2.14,1.88,2.0,0,0,0,0,0,0,0,0,0,0,0,0,0,0,0,0,0,0,8.6,9.8,7.4,9.2,12.5,14.5,8.2,40.0,9.8,11.0,6.6,7.6,10.5,12.0,8.0,34.0,20.0,25.0,14.0,15.5,17.5,24.0,8.8,60,9.0,70.0,8.8,55.0,9.2,75,9.6,170,8.6,60.0,7.6,32.0,10.0,1000,0,0,0,0,[],[]
ITALY 3,45381,Pineto,Recanatese,1.85,480.0,3.15,1000.0,2.06,990.0,0,0,0.0,0,0,0,0,0,1.07,4.6,1.27,18.0,0,0,0,0,0,0,0,0,1.01,1000.0,1.01,1000.0,0,0,0,0,0,0,0,0,0,0,0,0,0,0,0,0,0,0,1.3,980.0,1.3,980.0,1.25,980.0,1.3,1000.0,1.13,980.0,1.19,980.0,1.3,1000.0,1.3,1000.0,1.3,980.0,1.3,980.0,1.3,1000.0,1.3,1000,1.3,1000.0,1.3,1000.0,1.3,1000,1.3,1000,1.55,1000.0,1.55,1000.0,1.3,1000,0,0,0,0,[],[]
ITALY 3,45381,Cesena,Pescara,1.35,1.42,10.5,14.0,4.9,5.7,0,0,0.0,0,0,0,0,0,1.7,2.0,2.0,2.44,0,0,0,0,0,0,0,0,2.2,2.44,1.69,1.82,0,0,0,0,0,0,0,0,0,0,0,0,0,0,0,0,0,0,12.0,20.0,4.3,980.0,4.6,980.0,4.8,1000.0,5.7,9.2,9.0,15.0,4.4,980.0,4.7,980.0,5.7,9.0,7.8,13.0,4.7,980.0,4.7,980,8.2,13.5,11.5,19.5,4.5,980,4.7,980,2.88,7.0,4.7,980.0,4.8,1000,0,0,1,0,[87],[]
ITALY 3,45381,Entella,Pontedera,1.66,2.2,3.0,1000.0,2.88,10.0,0,0,0.0,0,0,0,0,0,2.0,4.6,1.27,2.0,0,0,0,0,0,0,0,0,1.01,1000.0,1.02,1000.0,0,0,0,0,0,0,0,0,0,0,0,0,0,0,0,0,0,0,1.27,980.0,1.19,980.0,1.19,1000.0,1.19,1000.0,1.27,980.0,1.17,980.0,1.14,980.0,1.19,1000.0,1.27,980.0,1.27,980.0,1.19,1000.0,1.19,1000,1.14,980.0,1.19,1000.0,1.19,1000,1.19,1000,1.55,1000.0,1.55,1000.0,1.27,1000,1,1,3,1,[33 60 80],[35]
ITALY 3,45381,Arezzo,Juventus U23,2.08,2.28,3.95,4.5,3.1,3.55,0,0,0.0,0,0,0,0,0,2.36,2.62,1.61,1.74,0,0,0,0,0,0,0,0,2.04,2.24,1.81,1.96,0,0,0,0,0,0,0,0,0,0,0,0,0,0,0,0,0,0,8.4,12.0,10.5,15.0,4.1,36.0,4.5,120.0,6.8,9.4,6.6,7.8,3.85,22.0,4.4,80.0,3.5,14.5,3.5,14.0,4.3,28.0,4.5,110,4.1,34.0,4.1,34.0,4.3,65,4.6,210,4.0,29.0,4.4,110.0,4.6,1000,0,1,0,1,[],[28]
ITALY 3,45381,Olbia,Sestri Levante,2.5,2.86,3.0,3.6,2.88,3.45,0,0,0.0,0,0,0,0,0,2.26,2.72,1.58,1.79,0,0,0,0,0,0,0,0,1.91,2.24,1.8,2.1,0,0,0,0,0,0,0,0,0,0,0,0,0,0,0,0,0,0,4.1,10.5,4.2,11.5,5.2,23.0,4.1,1000.0,4.1,9.8,6.0,14.0,4.7,16.0,4.3,1000.0,4.8,17.0,4.7,14.0,5.2,24.0,4.1,1000,3.95,44.0,3.9,38.0,3.2,1000,4.2,1000,2.06,38.0,1.66,1000.0,2.06,1000,0,0,1,2,[54],[75 84]
SWITZERLAND 2,45381,Baden,Wil,4.0,4.5,1.86,1.99,3.85,4.3,0,0,0.0,0,0,0,0,0,1.71,1.88,2.12,2.42,0,0,0,0,0,0,0,0,1.7,1.81,2.24,2.42,0,0,0,0,0,0,0,0,0,0,0,0,0,0,0,0,0,0,13.0,22.0,8.2,13.5,9.4,15.5,15.5,27.0,13.0,22.0,7.0,11.5,7.8,13.0,13.5,23.0,4.0,40.0,12.5,21.0,13.0,22.0,4.0,38,4.3,110.0,4.2,60.0,4.2,65,4.3,110,4.1,55.0,3.2,55.0,4.4,1000,1,1,2,1,[ 1 86],[37]
JAPAN 2,45381,Tochigi SC,V-Varen Nagasaki,4.0,4.4,2.12,2.2,3.25,3.55,0,0,0.0,0,0,0,0,0,2.14,2.56,1.64,1.88,0,0,0,0,0,0,0,0,1.95,2.14,1.88,2.06,0,0,0,0,0,0,0,0,0,0,0,0,0,0,0,0,0,0,9.4,13.0,7.4,9.8,10.0,15.0,21.0,32.0,10.5,16.0,6.4,8.4,9.4,13.5,20.0,32.0,19.5,36.0,14.0,22.0,17.0,26.0,36.0,60,4.7,110.0,38.0,75.0,4.7,95,4.5,180,4.3,90.0,3.85,25.0,4.5,1000,0,1,1,1,[90],[43]
JAPAN 2,45381,Ehime,Fujieda MYFC,2.5,2.64,2.96,3.15,3.35,3.8,0,0,0.0,0,0,0,0,0,1.95,2.12,1.9,2.06,0,0,0,0,0,0,0,0,1.72,1.95,2.06,2.4,0,0,0,0,0,0,0,0,0,0,0,0,0,0,0,0,0,0,10.0,16.5,10.0,14.5,14.5,24.0,32.0,55.0,9.2,12.5,7.0,8.8,9.6,16.0,23.0,40.0,12.5,20.0,10.0,14.5,13.0,22.0,32.0,55,27.0,42.0,20.0,34.0,29.0,50,65.0,120,1.01,26.0,1.01,34.0,16.5,1000,0,0,3,0,[47 72 88],[]
JAPAN 2,45381,Kumamoto,Chiba,3.8,3.95,2.08,2.12,3.6,3.75,0,0,0.0,0,0,0,0,0,2.02,2.16,1.86,1.98,0,0,0,0,0,0,0,0,1.84,1.97,2.04,2.2,0,0,0,0,0,0,0,0,0,0,0,0,0,0,0,0,0,0,11.5,16.0,8.4,11.5,11.5,16.0,4.0,32.0,12.0,16.5,7.2,9.8,8.2,13.5,17.0,29.0,4.0,34.0,14.0,19.5,17.0,24.0,4.1,50,4.1,90.0,4.0,60.0,4.1,75,4.2,140,4.0,60.0,3.55,21.0,4.3,1000,0,0,1,0,[86],[]
JAPAN 2,45381,Blaublitz,Iwaki,2.52,3.0,2.88,3.5,2.9,3.35,0,0,0.0,0,0,0,0,0,2.46,2.94,1.51,1.69,0,0,0,0,0,0,0,0,1.99,2.36,1.74,2.02,0,0,0,0,0,0,0,0,0,0,0,0,0,0,0,0,0,0,7.0,9.4,7.8,10.5,5.2,21.0,6.2,65.0,7.0,9.4,5.9,7.8,4.8,16.0,6.0,50.0,5.0,18.0,4.7,15.0,5.4,25.0,6.2,80,6.0,50.0,5.9,44.0,6.2,75,6.6,1000,6.0,46.0,6.2,60.0,6.8,1000,1,0,1,0,[16],[]
JAPAN 2,45381,Mito,Kagoshima Utd,2.44,2.68,3.1,3.45,3.2,3.5,0,0,0.0,0,0,0,0,0,2.2,2.4,1.72,1.84,0,0,0,0,0,0,0,0,1.91,2.06,1.96,2.1,0,0,0,0,0,0,0,0,0,0,0,0,0,0,0,0,0,0,9.6,12.0,9.8,12.0,16.5,23.0,7.2,65.0,8.4,9.6,6.8,7.6,12.5,16.0,7.0,46.0,13.5,17.0,10.5,12.5,17.5,22.0,7.2,65,6.8,40.0,6.8,34.0,7.0,55,7.8,140,6.4,30.0,7.0,48.0,8.2,1000,0,0,0,0,[],[]
ITALY 3,45381,Ancona,Spal,2.52,3.1,2.88,3.55,2.8,3.25,0,0,0.0,0,0,0,0,0,2.3,2.98,1.5,1.77,0,0,0,0,0,0,0,0,1.98,2.34,1.74,2.02,0,0,0,0,0,0,0,0,0,0,0,0,0,0,0,0,0,0,6.4,10.5,7.0,11.5,14.0,24.0,4.3,75.0,6.4,10.5,6.2,7.6,10.5,18.0,4.2,60.0,12.0,20.0,9.8,16.5,16.5,28.0,4.3,90,4.2,55.0,4.1,48.0,4.3,85,4.4,220,4.2,55.0,4.2,70.0,4.5,1000,0,0,0,0,[],[]
FRANCE 2,45381,Grenoble,Guingamp,2.96,3.15,2.82,2.94,2.98,3.1,0,0,0.0,0,0,0,0,0,2.54,2.8,1.56,1.65,0,0,0,0,0,0,0,0,1.96,2.32,1.76,2.04,0,0,0,0,0,0,0,0,0,0,0,0,0,0,0,0,0,0,7.8,8.6,8.0,9.2,14.5,17.0,38.0,50.0,8.4,9.6,6.4,7.0,12.5,14.0,9.8,42.0,16.0,18.5,12.5,14.0,20.0,24.0,11.0,75,44.0,60.0,36.0,48.0,11.0,75,12.0,180,10.5,55.0,10.0,48.0,13.0,1000,0,0,0,0,[],[]
FRANCE 2,45381,Dunkerque,Annecy,2.5,2.6,3.25,3.5,3.1,3.25,0,0,0.0,0,0,0,0,0,2.38,2.62,1.62,1.73,0,0,0,0,0,0,0,0,1.89,2.16,1.87,2.12,0,0,0,0,0,0,0,0,0,0,0,0,0,0,0,0,0,0,8.0,12.0,8.8,13.0,17.5,27.0,4.3,75.0,7.6,11.0,6.6,8.2,12.0,18.0,4.2,55.0,12.0,18.0,10.0,15.0,17.0,26.0,4.3,80,4.4,44.0,4.6,40.0,4.3,70,4.4,180,4.0,36.0,4.2,65.0,4.5,1000,0,0,0,2,[],[80 83]
FRANCE 2,45381,Concarneau,Angers,3.55,3.8,2.32,2.38,3.3,3.45,0,0,0.0,0,0,0,0,0,2.14,2.44,1.7,1.88,0,0,0,0,0,0,0,0,1.76,2.06,1.94,2.32,0,0,0,0,0,0,0,0,0,0,0,0,0,0,0,0,0,0,9.2,11.0,7.8,10.5,12.0,13.5,26.0,980.0,10.5,12.5,7.0,7.6,10.0,11.5,23.0,980.0,21.0,25.0,14.0,19.5,18.5,21.0,8.6,50,9.0,980.0,40.0,50.0,10.0,980,9.6,140,8.8,60.0,19.0,25.0,10.0,1000,2,0,2,4,[ 9 41],[50 59 78 90]
FRANCE 2,45381,Bordeaux,Paris FC,2.4,2.54,3.25,3.5,3.2,3.35,0,0,0.0,0,0,0,0,0,2.16,2.38,1.73,1.87,0,0,0,0,0,0,0,0,1.87,2.1,1.91,2.14,0,0,0,0,0,0,0,0,0,0,0,0,0,0,0,0,0,0,9.0,13.5,8.6,14.5,16.0,27.0,4.3,75.0,7.8,11.5,6.2,8.2,10.5,18.0,4.6,55.0,11.0,18.5,8.8,14.5,14.0,24.0,4.3,75,4.5,42.0,21.0,36.0,4.6,60,4.4,980,3.95,30.0,4.2,55.0,4.5,1000,1,2,3,3,[42 48 90],[34 38 52]
FRANCE 2,45381,Amiens,Pau FC,2.24,2.36,3.75,4.1,3.1,3.3,0,0,0.0,0,0,0,0,0,2.22,2.68,1.59,1.81,0,0,0,0,0,0,0,0,2.0,2.12,1.89,1.99,0,0,0,0,0,0,0,0,0,0,0,0,0,0,0,0,0,0,8.8,10.5,10.5,13.5,21.0,29.0,6.4,90.0,7.2,9.0,6.6,8.0,14.5,18.5,6.2,65.0,11.0,14.5,9.8,13.0,18.0,23.0,6.4,85,6.0,34.0,6.0,32.0,6.2,60,6.6,160,5.5,27.0,6.2,75.0,6.8,1000,1,0,2,3,[18 53],[56 60 75]
CROATIA 1,45381,Hajduk Split,D. Zagreb,2.46,2.76,3.05,3.4,3.1,3.45,0,0,0.0,0,0,0,0,0,2.12,2.3,1.76,1.89,0,0,0,0,0,0,0,0,1.73,2.0,2.0,2.38,0,0,0,0,0,0,0,0,0,0,0,0,0,0,0,0,0,0,3.6,13.5,9.2,14.0,16.5,26.0,4.3,980.0,7.8,12.0,6.2,8.2,11.5,17.5,4.3,980.0,12.5,19.5,10.0,15.0,15.5,24.0,4.3,980,4.4,980.0,4.5,980.0,4.3,980,4.3,980,3.95,980.0,4.1,980.0,4.5,1000,0,1,0,1,[],[38]
BOSNIA 1,45381,Borac Banja Luka,Zrinjski,2.44,3.55,2.68,4.8,2.7,3.65,0,0,0.0,0,0,0,0,0,1.08,4.6,1.27,29.0,0,0,0,0,0,0,0,0,1.12,9.4,1.13,1000.0,0,0,0,0,0,0,0,0,0,0,0,0,0,0,0,0,0,0,1.17,980.0,2.7,980.0,2.68,1000.0,2.92,1000.0,2.3,980.0,3.75,980.0,5.5,980.0,8.8,1000.0,4.0,1000.0,2.94,980.0,8.4,980.0,6.2,1000,3.9,1000.0,7.8,1000.0,8.6,1000,20.0,1000,1.55,1000.0,1.55,1000.0,1.1,1000,0,1,1,2,[90],[38 51]
CROATIA 1,45381,Rudes,Rijeka,17.5,24.0,1.2,1.21,7.8,8.0,0,0,0.0,0,0,0,0,0,1.61,1.83,2.2,2.64,0,0,0,0,0,0,0,0,2.36,2.88,1.53,1.73,0,0,0,0,0,0,0,0,0,0,0,0,0,0,0,0,0,0,5.5,980.0,6.8,9.2,5.7,7.6,7.0,9.4,6.2,980.0,13.5,980.0,9.8,13.5,12.5,980.0,6.8,1000.0,6.4,980.0,6.2,980.0,6.2,980,7.0,1000.0,6.8,1000.0,6.8,1000,6.8,1000,7.0,1000.0,2.86,4.8,7.0,1000,0,1,0,3,[],[10 53 56]
CROATIA 1,45381,Varazdin,Gorica,2.28,2.38,3.55,3.9,3.2,3.55,0,0,0.0,0,0,0,0,0,2.06,2.28,1.78,1.95,0,0,0,0,0,0,0,0,1.85,1.97,2.02,2.18,0,0,0,0,0,0,0,0,0,0,0,0,0,0,0,0,0,0,4.9,12.5,10.0,14.0,6.2,29.0,5.0,75.0,4.4,10.0,3.9,14.0,13.0,17.5,7.0,55.0,11.0,15.0,4.9,12.5,5.8,21.0,5.0,70,6.4,34.0,6.2,28.0,6.8,48,7.4,120,4.3,55.0,4.9,55.0,5.4,1000,1,2,2,4,[42 90],[25 27 78 80]
SCOTLAND 4,45381,Dumbarton,Stenhousemuir,2.58,2.86,2.6,2.88,3.55,4.0,0,0,0.0,0,0,0,0,0,1.78,1.94,2.06,2.3,0,0,0,0,0,0,0,0,1.66,1.79,2.26,2.5,0,0,0,0,0,0,0,0,0,0,0,0,0,0,0,0,0,0,4.8,18.0,4.5,14.5,5.0,21.0,5.7,44.0,4.5,14.0,7.0,9.4,10.0,14.0,5.5,32.0,5.0,21.0,10.0,14.0,11.0,18.5,5.7,42,5.7,44.0,5.5,32.0,5.7,42,6.0,90,5.1,23.0,5.1,23.0,6.4,1000,0,0,0,0,[],[]
SCOTLAND 4,45381,East Fife,Elgin City,1.92,2.04,4.0,4.7,3.45,3.95,0,0,0.0,0,0,0,0,0,1.93,2.16,1.86,2.08,0,0,0,0,0,0,0,0,1.86,2.02,1.98,2.16,0,0,0,0,0,0,0,0,0,0,0,0,0,0,0,0,0,0,4.9,14.5,5.1,16.5,6.0,34.0,5.1,100.0,7.4,9.8,6.8,14.0,5.4,19.5,6.6,65.0,9.6,13.0,8.8,12.0,5.5,22.0,6.6,75,5.6,25.0,5.6,24.0,6.2,44,5.2,130,4.9,55.0,5.0,70.0,5.4,1000,1,0,2,0,[21 76],[]
SCOTLAND 4,45381,Peterhead,Clyde,2.1,2.16,3.5,3.65,3.75,4.1,0,0,0.0,0,0,0,0,0,1.76,1.94,2.06,2.32,0,0,0,0,0,0,0,0,1.69,1.82,2.22,2.44,0,0,0,0,0,0,0,0,0,0,0,0,0,0,0,0,0,0,12.0,980.0,11.5,980.0,4.2,980.0,4.6,980.0,8.2,13.5,6.6,980.0,11.0,980.0,4.4,980.0,10.0,17.0,8.0,13.0,3.95,980.0,4.5,980,4.2,980.0,15.0,980.0,4.3,980,4.6,980,3.55,980.0,4.3,980.0,4.8,1000,2,0,4,1,[11 25 53 90],[61]
SCOTLAND 4,45381,Spartans,Forfar Athletic,2.38,2.66,3.0,3.45,3.15,3.55,0,0,0.0,0,0,0,0,0,1.94,2.46,1.69,2.04,0,0,0,0,0,0,0,0,1.81,2.26,1.8,2.38,0,0,0,0,0,0,0,0,0,0,0,0,0,0,0,0,0,0,8.4,14.0,8.8,14.5,3.85,29.0,3.5,1000.0,6.8,11.5,5.8,14.0,11.0,18.5,3.4,1000.0,10.5,17.5,8.6,14.5,11.0,25.0,3.45,1000,3.35,40.0,3.9,34.0,3.45,1000,3.55,1000,3.2,28.0,2.52,1000.0,3.65,1000,0,0,1,0,[65],[]
ECUADOR 1,45381,Mushuc Runa,Aucas,2.72,3.0,2.6,2.8,3.35,3.7,0,0,0.0,0,0,0,0,0,1.94,2.18,1.86,2.08,0,0,0,0,0,0,0,0,1.76,1.91,2.1,2.32,0,0,0,0,0,0,0,0,0,0,0,0,0,0,0,0,0,0,9.8,15.0,3.8,13.5,4.1,22.0,4.6,50.0,3.8,13.5,6.8,14.0,3.85,15.5,4.7,38.0,4.1,23.0,4.0,15.5,4.1,22.0,4.5,55,4.6,55.0,4.8,40.0,6.8,55,19.0,130,4.3,34.0,4.2,32.0,5.4,1000,0,1,0,2,[],[21 81]
ECUADOR 1,45381,Cumbaya,EL Nacional,5.1,5.6,1.82,1.88,3.65,3.9,0,0,0.0,0,0,0,0,0,2.04,2.28,1.79,1.97,0,0,0,0,0,0,0,0,1.98,2.3,1.78,2.04,0,0,0,0,0,0,0,0,0,0,0,0,0,0,0,0,0,0,10.0,13.0,6.8,12.5,8.6,10.5,17.0,24.0,14.0,1000.0,7.4,8.8,9.2,10.5,17.0,21.0,2.3,42.0,17.5,1000.0,18.0,1000.0,29.0,44,3.15,1000.0,44.0,85.0,55.0,1000,3.6,220,3.55,110.0,7.8,55.0,2.42,1000,0,0,1,0,[90],[]
FRANCE 2,45381,Laval,Bastia,2.14,2.24,4.3,4.7,3.15,3.25,0,0,0.0,0,0,0,0,0,2.56,3.05,1.49,1.65,0,0,0,0,0,0,0,0,2.22,2.54,1.71,1.89,0,0,0,0,0,0,0,0,0,0,0,0,0,0,0,0,0,0,7.2,8.8,10.0,12.5,6.4,34.0,6.8,130.0,6.2,7.6,6.6,7.4,17.5,22.0,6.8,90.0,10.0,13.0,9.8,13.5,7.4,29.0,6.8,120,6.0,32.0,6.0,34.0,6.6,75,7.0,250,6.0,32.0,6.8,130.0,7.2,1000,0,0,1,2,[57],[52 85]
PORTUGAL 1,45381,Arouca,SC Farense,1.83,1.86,4.8,5.1,3.85,4.0,0,0,0.0,0,0,0,0,0,1.91,2.0,2.0,2.1,0,0,0,0,0,0,0,0,1.74,1.92,2.08,2.34,0,0,0,0,0,0,0,0,0,0,0,0,0,0,0,0,0,0,11.0,18.0,14.0,21.0,4.5,46.0,4.6,140.0,7.6,11.5,7.2,9.6,15.0,23.0,4.5,75.0,8.4,14.0,8.0,11.0,14.5,25.0,4.5,85,14.5,25.0,15.5,24.0,5.0,44,4.7,980,3.55,13.5,4.5,85.0,4.7,1000,1,0,2,1,[45 68],[87]
PORTUGAL 1,45381,Vitoria Guimaraes,Moreirense,1.93,1.97,4.8,5.1,3.4,3.55,0,0,0.0,0,0,0,0,0,2.22,2.54,1.65,1.81,0,0,0,0,0,0,0,0,2.04,2.2,1.83,1.95,0,0,0,0,0,0,0,0,0,0,0,0,0,0,0,0,0,0,9.2,10.0,13.0,14.0,30.0,34.0,17.5,150.0,6.8,7.4,7.2,7.8,18.0,20.0,16.0,85.0,9.6,10.5,9.8,11.0,20.0,24.0,16.5,120,20.0,22.0,21.0,24.0,42.0,50,18.5,180,15.5,18.5,18.0,140.0,19.0,1000,0,0,1,0,[68],[]
ITALY 3,45381,Novara,Lumezzane,2.02,2.3,3.75,5.6,2.88,3.7,0,0,0.0,0,0,0,0,0,2.26,2.86,1.54,1.68,0,0,0,0,0,0,0,0,1.95,2.62,1.69,2.06,0,0,0,0,0,0,0,0,0,0,0,0,0,0,0,0,0,0,2.78,10.5,2.98,14.5,3.4,38.0,3.65,1000.0,2.62,8.6,2.98,14.0,3.25,24.0,3.6,1000.0,2.96,14.0,3.6,14.0,3.35,30.0,3.65,1000,3.4,34.0,3.4,36.0,3.6,75,3.7,1000,3.35,32.0,3.65,1000.0,3.75,1000,1,0,1,1,[6],[85]
ITALY 3,45381,AlbinoLeffe,Trento,2.48,2.68,3.55,4.0,2.78,2.9,0,0,0.0,0,0,0,0,0,2.84,3.3,1.43,1.54,0,0,0,0,0,0,0,0,2.26,2.48,1.67,1.8,0,0,0,0,0,0,0,0,0,0,0,0,0,0,0,0,0,0,6.0,7.8,7.8,10.5,6.0,980.0,7.0,980.0,6.4,8.0,6.2,7.2,5.5,980.0,6.8,980.0,10.0,15.5,9.8,15.0,6.0,980.0,7.0,980,6.4,980.0,6.4,980.0,6.8,980,7.2,1000,6.4,980.0,7.0,980.0,7.4,1000,0,1,2,2,[66 78],[10 90]
SCOTLAND 2,45381,Partick Thistle,Inverness,1.89,1.98,4.2,4.4,3.7,4.1,0,0,0.0,0,0,0,0,0,1.82,2.12,1.89,2.22,0,0,0,0,0,0,0,0,1.75,1.95,2.04,2.34,0,0,0,0,0,0,0,0,0,0,0,0,0,0,0,0,0,0,12.0,16.5,4.9,18.5,5.7,38.0,6.2,110.0,7.8,10.5,7.2,9.6,5.0,20.0,6.0,65.0,9.6,13.0,8.6,11.5,5.1,22.0,6.0,70,5.2,23.0,5.1,22.0,5.7,40,6.2,120,4.4,55.0,6.0,65.0,6.6,1000,1,0,1,0,[41],[]
ITALY 3,45381,Arzignano,Triestina,2.04,5.5,1.91,5.2,2.7,5.1,0,0,0.0,0,0,0,0,0,2.0,4.6,1.27,2.0,0,0,0,0,0,0,0,0,1.02,1000.0,1.02,1000.0,0,0,0,0,0,0,0,0,0,0,0,0,0,0,0,0,0,0,1.26,11.0,1.26,11.0,1.18,20.0,1.26,1000.0,1.26,11.0,1.15,14.0,1.26,16.0,1.26,1000.0,1.19,22.0,1.26,16.5,1.2,26.0,1.18,1000,1.18,1000.0,1.26,1000.0,1.26,1000,1.26,1000,1.55,1000.0,1.55,1000.0,1.26,1000,1,1,1,2,[11],[36 70]
ITALY 3,45381,Pro Patria,Legnago Salus,2.38,2.76,3.45,3.9,2.88,3.25,0,0,0.0,0,0,0,0,0,2.54,3.05,1.49,1.65,0,0,0,0,0,0,0,0,2.14,2.36,1.73,1.87,0,0,0,0,0,0,0,0,0,0,0,0,0,0,0,0,0,0,6.6,8.8,4.6,11.0,5.7,26.0,6.6,85.0,6.6,8.4,6.2,7.4,13.5,18.5,6.6,65.0,5.2,15.5,10.5,14.0,6.4,27.0,6.8,100,6.2,40.0,6.2,40.0,6.6,75,7.0,230,6.2,42.0,6.6,90.0,7.2,1000,0,0,1,1,[89],[61]
ITALY 3,45381,Mantova,Atalanta U23,1.58,1.66,7.2,9.0,3.65,4.2,0,0,0.0,0,0,0,0,0,2.08,2.42,1.7,1.92,0,0,0,0,0,0,0,0,2.16,2.38,1.72,1.87,0,0,0,0,0,0,0,0,0,0,0,0,0,0,0,0,0,0,9.2,12.5,5.6,22.0,6.6,70.0,7.2,1000.0,5.7,7.2,7.6,9.6,6.0,32.0,7.0,160.0,7.4,9.2,4.5,11.5,6.0,32.0,7.0,160,5.5,17.0,5.6,22.0,6.6,60,7.2,250,4.6,55.0,7.2,1000.0,7.4,1000,0,1,1,1,[55],[19]
ITALY 3,45381,Giana Erminio,Fiorenzuola,1.89,2.18,4.0,5.2,3.15,4.1,0,0,0.0,0,0,0,0,0,2.08,2.5,1.67,1.92,0,0,0,0,0,0,0,0,1.9,2.24,1.81,2.12,0,0,0,0,0,0,0,0,0,0,0,0,0,0,0,0,0,0,4.3,12.5,3.6,15.5,1.85,36.0,1.78,1000.0,3.8,8.8,3.8,14.0,2.72,21.0,1.8,1000.0,4.3,12.5,4.2,12.0,2.8,24.0,1.81,1000,2.8,26.0,2.6,26.0,1.85,1000,1.85,1000,1.85,19.5,1.81,1000.0,1.85,1000,2,0,2,0,[23 36],[]
BULGARIA 1,45381,Botev Vratsa,Hebar,2.48,2.74,3.15,3.55,3.0,3.35,0,0,0.0,0,0,0,0,0,2.44,2.78,1.56,1.7,0,0,0,0,0,0,0,0,2.04,2.24,1.81,1.96,0,0,0,0,0,0,0,0,0,0,0,0,0,0,0,0,0,0,7.4,9.6,8.2,11.0,17.0,980.0,7.8,980.0,6.8,9.0,6.0,7.6,12.0,980.0,7.6,980.0,12.0,16.5,10.5,980.0,18.0,980.0,8.0,980,7.2,980.0,7.2,980.0,7.8,980,8.4,980,7.2,980.0,7.6,980.0,8.8,1000,1,0,3,2,[16 52 90],[69 90]
SCOTLAND 2,45381,Morton,Queen's Park,2.2,2.28,3.5,3.7,3.5,3.75,0,0,0.0,0,0,0,0,0,1.98,2.16,1.87,2.04,0,0,0,0,0,0,0,0,1.79,1.95,2.04,2.26,0,0,0,0,0,0,0,0,0,0,0,0,0,0,0,0,0,0,11.5,13.5,12.0,15.0,19.0,25.0,11.5,70.0,8.8,12.0,7.2,8.2,13.5,15.5,36.0,46.0,12.0,14.0,10.0,11.0,16.5,19.0,46.0,80,24.0,34.0,20.0,25.0,10.5,46,13.5,110,8.4,23.0,11.5,48.0,9.0,1000,0,0,2,0,[68 72],[]
SCOTLAND 2,45381,Dundee Utd,Raith,1.95,1.99,4.4,4.6,3.6,3.85,0,0,0.0,0,0,0,0,0,1.97,2.18,1.85,2.04,0,0,0,0,0,0,0,0,1.88,2.02,1.98,2.14,0,0,0,0,0,0,0,0,0,0,0,0,0,0,0,0,0,0,11.0,14.0,13.5,19.5,26.0,32.0,11.5,100.0,8.0,9.4,6.4,8.6,15.5,17.5,10.5,100.0,7.4,12.0,8.6,11.0,15.0,21.0,11.0,65,19.5,22.0,18.5,22.0,27.0,42,11.5,130,10.5,23.0,11.0,70.0,7.4,1000,1,0,2,0,[ 7 75],[]
SCOTLAND 2,45381,Arbroath,Dunfermline,4.5,4.8,1.87,1.9,3.8,4.1,0,0,0.0,0,0,0,0,0,1.91,2.08,1.93,2.1,0,0,0,0,0,0,0,0,1.86,1.97,2.04,2.16,0,0,0,0,0,0,0,0,0,0,0,0,0,0,0,0,0,0,11.5,14.5,8.0,9.0,9.8,11.5,17.5,21.0,14.5,18.5,7.8,9.0,9.0,10.5,17.0,20.0,9.0,38.0,17.0,19.0,18.0,21.0,9.8,980,10.0,160.0,10.0,65.0,10.0,980,10.5,120,9.8,70.0,10.5,16.0,11.5,1000,0,3,2,3,[54 64],[24 32 45]
FRANCE 2,45381,Valenciennes,St Etienne,6.2,6.6,1.69,1.7,3.8,3.95,0,0,0.0,0,0,0,0,0,2.16,2.44,1.69,1.86,0,0,0,0,0,0,0,0,2.14,2.32,1.75,1.87,0,0,0,0,0,0,0,0,0,0,0,0,0,0,0,0,0,0,9.2,12.5,6.2,7.8,7.8,9.8,14.5,18.5,15.5,19.5,7.8,9.0,9.4,11.5,18.0,23.0,6.2,55.0,20.0,28.0,21.0,29.0,6.2,55,7.0,980.0,6.8,980.0,6.8,980,7.0,980,6.8,980.0,4.8,14.5,7.2,1000,0,2,0,2,[],[23 30]
FRANCE 2,45381,Troyes,Rodez,2.82,2.98,2.68,2.78,3.25,3.5,0,0,0.0,0,0,0,0,0,2.0,2.14,1.88,2.0,0,0,0,0,0,0,0,0,1.7,1.96,2.04,2.42,0,0,0,0,0,0,0,0,0,0,0,0,0,0,0,0,0,0,10.5,14.5,9.2,12.5,15.5,19.5,5.9,44.0,9.8,13.0,6.4,8.6,11.0,13.5,6.6,32.0,16.0,22.0,11.5,14.5,15.5,19.5,6.0,48,6.0,50.0,6.4,36.0,6.0,50,6.4,110,5.6,32.0,5.4,27.0,6.8,1000,0,1,2,3,[72 81],[45 46 57]
FRANCE 2,45381,Quevilly Rouen,Caen,2.54,2.74,3.15,3.45,3.0,3.2,0,0,0.0,0,0,0,0,0,2.28,2.74,1.58,1.78,0,0,0,0,0,0,0,0,1.94,2.22,1.81,2.06,0,0,0,0,0,0,0,0,0,0,0,0,0,0,0,0,0,0,7.8,10.0,8.6,11.0,17.0,21.0,8.0,65.0,7.6,9.8,6.4,7.2,12.0,15.5,29.0,50.0,13.0,16.0,11.0,13.0,18.5,23.0,8.2,95,32.0,42.0,27.0,38.0,36.0,65,8.6,170,22.0,36.0,7.8,60.0,9.2,1000,0,2,1,2,[66],[10 43]
SCOTLAND 4,45381,Stranraer,Bonnyrigg Rose,2.2,2.32,3.35,3.8,3.35,3.75,0,0,0.0,0,0,0,0,0,2.02,2.28,1.78,1.99,0,0,0,0,0,0,0,0,1.84,1.99,2.0,2.18,0,0,0,0,0,0,0,0,0,0,0,0,0,0,0,0,0,0,8.4,15.0,11.0,16.5,21.0,980.0,10.0,90.0,8.2,12.0,7.0,8.2,13.0,15.5,9.2,55.0,12.0,14.0,10.0,12.0,16.5,20.0,9.8,75,8.4,32.0,18.0,27.0,30.0,50,8.6,980,13.5,28.0,9.2,65.0,6.0,1000,0,0,1,1,[84],[77]
SPAIN 2,45381,Albacete,Huesca,2.24,2.28,4.3,4.6,2.94,3.05,0,0,0.0,0,0,0,0,0,2.84,3.1,1.48,1.55,0,0,0,0,0,0,0,0,2.16,2.58,1.63,1.87,0,0,0,0,0,0,0,0,0,0,0,0,0,0,0,0,0,0,6.8,8.2,9.8,11.0,24.0,28.0,13.0,110.0,6.0,6.8,6.6,7.2,17.0,19.5,12.5,95.0,10.5,12.0,11.0,12.5,23.0,27.0,13.0,120,24.0,30.0,24.0,34.0,44.0,75,29.0,290,21.0,34.0,13.0,160.0,15.0,1000,0,0,1,1,[58],[71]
SPAIN 2,45381,Gijon,Racing Santander,2.24,2.36,3.65,3.8,3.3,3.4,0,0,0.0,0,0,0,0,0,2.02,2.3,1.78,1.99,0,0,0,0,0,0,0,0,1.77,1.97,2.04,2.3,0,0,0,0,0,0,0,0,0,0,0,0,0,0,0,0,0,0,9.8,15.0,10.5,16.0,19.5,30.0,4.2,80.0,8.2,12.0,7.0,8.6,12.0,18.5,4.3,55.0,11.5,17.5,9.4,14.0,15.0,23.0,4.2,70,4.7,38.0,21.0,32.0,4.3,55,4.3,140,3.8,25.0,4.1,55.0,4.4,1000,1,0,2,3,[24 76],[63 88 90]
SPAIN 2,45381,Andorra,Mirandes,1.97,2.06,4.9,5.3,3.2,3.35,0,0,0.0,0,0,0,0,0,2.28,2.94,1.52,1.77,0,0,0,0,0,0,0,0,2.16,2.52,1.66,1.87,0,0,0,0,0,0,0,0,0,0,0,0,0,0,0,0,0,0,7.6,10.5,10.5,15.5,4.5,42.0,4.6,160.0,5.6,8.2,6.8,8.4,17.0,26.0,4.5,110.0,8.6,13.0,9.4,14.0,21.0,32.0,4.6,140,19.5,29.0,20.0,34.0,4.4,75,4.6,980,4.0,28.0,4.6,170.0,4.7,1000,0,0,1,0,[78],[]
SPAIN 2,45381,Eibar,Eldense,1.79,1.87,5.5,6.2,3.4,3.7,0,0,0.0,0,0,0,0,0,2.22,2.6,1.63,1.82,0,0,0,0,0,0,0,0,2.14,2.42,1.71,1.87,0,0,0,0,0,0,0,0,0,0,0,0,0,0,0,0,0,0,8.2,11.0,12.5,19.0,4.9,55.0,5.3,980.0,5.8,7.6,6.8,9.0,19.0,26.0,5.2,120.0,7.8,12.0,9.0,12.0,20.0,28.0,5.2,140,15.5,24.0,18.5,28.0,5.0,65,5.3,980,4.6,20.0,5.3,190.0,5.4,1000,1,0,5,1,[ 8 72 79 85 86],[90]
SPAIN 2,45381,Leganes,FC Cartagena SAD,1.64,1.7,7.4,8.4,3.55,3.8,0,0,0.0,0,0,0,0,0,2.5,2.96,1.51,1.67,0,0,0,0,0,0,0,0,2.54,2.92,1.52,1.65,0,0,0,0,0,0,0,0,0,0,0,0,0,0,0,0,0,0,7.8,8.6,15.5,17.5,14.5,65.0,18.5,450.0,5.2,5.7,8.2,9.0,29.0,34.0,16.0,250.0,7.0,7.8,10.0,11.5,32.0,36.0,32.0,300,14.0,16.0,22.0,24.0,29.0,75,30.0,480,9.6,16.5,23.0,510.0,17.5,1000,0,0,0,0,[],[]
SPAIN 2,45381,Valladolid,Levante,1.91,1.93,5.1,5.5,3.45,3.6,0,0,0.0,0,0,0,0,0,2.36,2.42,1.71,1.73,0,0,0,0,0,0,0,0,2.08,2.22,1.81,1.92,0,0,0,0,0,0,0,0,0,0,0,0,0,0,0,0,0,0,9.0,10.5,13.0,15.0,8.4,42.0,9.8,980.0,6.4,7.4,7.0,8.0,19.0,24.0,9.4,95.0,9.0,10.5,9.6,11.0,21.0,27.0,9.6,110,18.5,24.0,20.0,26.0,8.8,55,9.8,980,6.4,17.5,9.8,140.0,10.5,1000,0,0,0,0,[],[]
SLOVENIA 1,45381,Celje,Aluminij,1.19,1.27,15.0,21.0,6.8,8.8,0,0,0.0,0,0,0,0,0,1.55,1.72,2.38,2.82,0,0,0,0,0,0,0,0,2.16,2.58,1.64,1.86,0,0,0,0,0,0,0,0,0,0,0,0,0,0,0,0,0,0,22.0,32.0,4.2,60.0,4.2,190.0,4.2,1000.0,7.6,10.5,14.0,19.0,4.2,70.0,4.2,1000.0,6.0,8.2,9.2,12.5,34.0,50.0,4.2,1000,7.4,9.8,11.5,16.0,34.0,48,28.0,1000,1.01,4.5,4.2,1000.0,15.0,1000,1,2,2,2,[36 83],[13 38]
SLOVENIA 1,45381,O. Ljubljana,Koper,1.52,1.63,6.2,8.0,4.3,4.9,0,0,0.0,0,0,0,0,0,1.72,1.93,2.08,2.4,0,0,0,0,0,0,0,0,1.8,2.1,1.91,2.24,0,0,0,0,0,0,0,0,0,0,0,0,0,0,0,0,0,0,13.0,22.0,17.0,980.0,4.1,980.0,4.3,980.0,6.8,11.5,8.6,13.0,18.0,980.0,4.2,980.0,7.8,12.0,8.2,12.5,16.5,980.0,4.2,980,10.5,18.0,13.0,19.5,4.6,980,4.3,980,2.92,8.6,4.2,980.0,4.3,1000,2,0,3,2,[31 37 65],[70 89]
GREECE 1,45381,OFI Crete,Atromitos,2.02,2.04,4.2,4.5,3.45,3.65,0,0,0.0,0,0,0,0,0,1.95,2.22,1.82,2.06,0,0,0,0,0,0,0,0,1.78,2.04,1.98,2.3,0,0,0,0,0,0,0,0,0,0,0,0,0,0,0,0,0,0,11.0,12.5,13.5,15.5,15.0,30.0,11.5,95.0,8.0,9.2,7.4,8.0,15.5,17.5,30.0,60.0,11.0,15.0,9.6,10.5,17.0,20.0,13.0,70,21.0,24.0,19.5,22.0,34.0,40,12.0,120,13.0,16.0,11.0,70.0,13.0,1000,0,0,0,0,[],[]
GREECE 1,45381,Giannina,Panetolikos,2.22,2.32,3.75,4.1,3.2,3.4,0,0,0.0,0,0,0,0,0,2.24,2.48,1.68,1.81,0,0,0,0,0,0,0,0,1.94,2.1,1.92,2.08,0,0,0,0,0,0,0,0,0,0,0,0,0,0,0,0,0,0,8.4,12.5,9.2,15.0,19.5,34.0,4.3,980.0,7.0,10.5,6.2,8.4,12.0,20.0,4.2,65.0,9.8,16.0,8.4,14.0,15.0,25.0,4.3,980,20.0,36.0,19.5,34.0,4.2,60,4.4,980,3.9,28.0,4.3,980.0,4.5,1000,1,0,1,1,[25],[70]
GREECE 1,45381,Volos,Kifisia,2.5,2.72,3.1,3.5,3.2,3.35,0,0,0.0,0,0,0,0,0,2.02,2.56,1.64,1.98,0,0,0,0,0,0,0,0,1.83,2.06,1.94,2.2,0,0,0,0,0,0,0,0,0,0,0,0,0,0,0,0,0,0,9.2,11.5,10.0,12.5,6.2,23.0,7.6,65.0,8.2,10.0,6.4,7.6,12.5,15.0,29.0,48.0,13.0,16.5,10.5,12.5,16.5,19.5,38.0,70,7.0,38.0,24.0,36.0,32.0,60,8.2,130,16.0,38.0,7.4,48.0,8.8,1000,3,1,4,1,[ 3 11 45 85],[33]
GREECE 1,45381,Panserraikos,Asteras Tripolis,2.22,2.32,3.8,4.2,3.15,3.3,0,0,0.0,0,0,0,0,0,2.22,2.54,1.65,1.82,0,0,0,0,0,0,0,0,1.91,2.24,1.8,2.1,0,0,0,0,0,0,0,0,0,0,0,0,0,0,0,0,0,0,8.8,11.0,10.5,12.5,22.0,27.0,9.8,90.0,7.2,8.6,6.8,7.6,15.0,17.0,44.0,60.0,11.5,13.0,10.0,11.5,18.5,22.0,46.0,85,25.0,30.0,23.0,29.0,40.0,55,10.0,160,16.0,26.0,9.6,80.0,11.0,1000,0,0,2,0,[59 74],[]
USA 1,45381,Charlotte,FC Cincinnati,2.52,2.56,3.2,3.3,3.35,3.4,0,0,0.0,0,0,0,0,0,2.14,2.22,1.83,1.88,0,0,0,0,0,0,0,0,1.86,1.93,2.08,2.18,0,0,0,0,0,0,0,0,0,0,0,0,0,0,0,0,0,0,10.5,12.0,11.0,12.5,18.5,21.0,46.0,55.0,9.0,10.0,7.0,7.4,12.5,14.0,32.0,38.0,14.0,17.0,10.5,11.5,17.0,19.0,46.0,55,32.0,36.0,27.0,29.0,36.0,44,80.0,110,21.0,26.0,30.0,38.0,15.5,1000,0,0,1,1,[60],[90]
USA 1,45381,DC United,CF Montreal,1.84,1.87,4.3,4.6,4.1,4.4,0,0,0.0,0,0,0,0,0,1.72,1.75,2.32,2.4,0,0,0,0,0,0,0,0,1.66,1.76,2.3,2.52,0,0,0,0,0,0,0,0,0,0,0,0,0,0,0,0,0,0,17.5,20.0,18.5,21.0,32.0,36.0,70.0,95.0,10.0,11.5,8.6,9.8,16.0,17.5,42.0,48.0,11.0,13.0,9.2,10.5,15.5,17.5,27.0,50,17.5,980.0,15.5,17.5,26.0,28,48.0,70,8.2,9.4,10.0,44.0,12.5,980,0,0,1,0,[85],[]
CHILE 1,45381,Huachipato,U. Catolica,2.16,2.3,3.5,3.8,3.45,3.75,0,0,0.0,0,0,0,0,0,1.92,2.22,1.83,2.1,0,0,0,0,0,0,0,0,1.73,2.02,1.98,2.36,0,0,0,0,0,0,0,0,0,0,0,0,0,0,0,0,0,0,9.8,16.5,10.0,16.5,18.5,32.0,4.3,85.0,8.0,12.0,6.6,9.0,11.0,18.5,4.6,55.0,10.0,17.0,8.2,13.5,13.5,23.0,4.3,70,20.0,34.0,17.5,29.0,4.7,48,4.4,130,3.75,22.0,4.1,55.0,4.4,1000,0,0,0,0,[11],[]
CHILE 1,45381,Colo Colo,Everton,1.68,1.76,5.5,6.0,3.75,4.2,0,0,0.0,0,0,0,0,0,1.99,2.24,1.81,2.02,0,0,0,0,0,0,0,0,1.92,2.26,1.79,2.08,0,0,0,0,0,0,0,0,0,0,0,0,0,0,0,0,0,0,10.5,14.5,14.5,20.0,36.0,50.0,130.0,180.0,6.4,8.6,7.4,9.8,19.0,26.0,70.0,100.0,7.6,10.5,8.6,11.5,19.0,26.0,75.0,110,14.0,19.0,15.5,21.0,32.0,46,110.0,170,1.01,12.5,1.01,130.0,1.01,1000,1,1,4,1,[ 3 67 69 90],[8]
CHILE 1,45381,Copiapo,Union La Calera,2.94,3.35,2.44,2.64,3.3,3.65,0,0,0.0,0,0,0,0,0,1.93,2.06,1.94,2.08,0,0,0,0,0,0,0,0,1.66,1.95,2.06,3.15,0,0,0,0,0,0,0,0,0,0,0,0,0,0,0,0,0,0,11.0,16.5,9.6,11.5,1.74,19.5,1.51,1000.0,1.69,14.5,6.6,8.4,9.6,14.0,1.51,1000.0,1.77,24.0,1.7,15.5,1.75,21.0,1.91,1000,1.12,1000.0,1.12,1000.0,1.12,1000,1.51,1000,1.15,32.0,1.13,24.0,1.27,1000,1,0,2,0,[28 80],[]
PORTUGAL 2,45381,AVS,Santa Clara,3.0,3.25,2.72,2.98,2.96,3.2,0,0,0.0,0,0,0,0,0,2.28,2.96,1.51,1.78,0,0,0,0,0,0,0,0,1.98,2.36,1.74,2.02,0,0,0,0,0,0,0,0,0,0,0,0,0,0,0,0,0,0,6.4,9.0,7.2,10.5,12.0,21.0,4.5,60.0,7.0,11.5,5.9,7.8,10.0,16.5,4.6,50.0,14.0,23.0,10.5,17.5,16.5,28.0,4.6,85,4.6,70.0,4.7,55.0,4.6,90,4.8,220,4.5,65.0,4.5,55.0,4.9,1000,0,1,1,2,[51],[33 60]
PORTUGAL 2,45381,FC Porto B,Penafiel,1.85,1.93,4.5,5.0,3.7,4.1,0,0,0.0,0,0,0,0,0,1.85,2.12,1.9,2.18,0,0,0,0,0,0,0,0,1.78,1.98,1.93,2.18,0,0,0,0,0,0,0,0,0,0,0,0,0,0,0,0,0,0,11.5,15.5,5.5,18.5,6.2,40.0,7.0,120.0,7.4,9.8,7.8,14.0,15.0,21.0,6.6,70.0,9.2,12.5,8.4,11.5,16.5,23.0,6.8,75,16.5,23.0,16.0,22.0,6.2,42,7.0,130,4.6,55.0,6.8,75.0,7.4,1000,1,0,3,1,[36 65 76],[56]
PORTUGAL 2,45381,Maritimo,Leixoes,1.71,1.81,5.7,6.4,3.6,3.9,0,0,0.0,0,0,0,0,0,2.22,2.4,1.71,1.82,0,0,0,0,0,0,0,0,2.12,2.28,1.78,1.89,0,0,0,0,0,0,0,0,0,0,0,0,0,0,0,0,0,0,9.0,12.0,13.5,18.0,6.6,50.0,7.4,190.0,5.9,7.8,7.0,8.8,19.5,27.0,7.2,110.0,7.6,10.5,8.6,11.5,20.0,28.0,7.2,120,14.5,20.0,17.0,24.0,6.6,55,7.4,210,5.0,55.0,7.2,160.0,7.6,1000,0,0,0,0,[],[]
PORTUGAL 2,45381,Leiria,Nacional,2.72,2.9,2.54,2.8,3.65,4.0,0,0,0.0,0,0,0,0,0,1.73,1.91,2.08,2.38,0,0,0,0,0,0,0,0,1.62,1.82,2.22,2.62,0,0,0,0,0,0,0,0,0,0,0,0,0,0,0,0,0,0,14.5,19.0,11.5,14.5,15.0,21.0,29.0,980.0,11.0,15.0,7.2,9.6,10.0,13.5,21.0,980.0,16.5,22.0,10.0,14.0,13.5,18.0,27.0,980,32.0,980.0,21.0,980.0,29.0,980,6.2,980,5.1,23.0,5.0,21.0,6.6,1000,1,0,1,1,[45],[83]
SCOTLAND 1,45381,St Johnstone,Dundee FC,2.94,3.1,2.68,2.76,3.3,3.4,0,0,0.0,0,0,0,0,0,2.28,2.52,1.66,1.79,0,0,0,0,0,0,0,0,1.85,2.06,1.94,2.18,0,0,0,0,0,0,0,0,0,0,0,0,0,0,0,0,0,0,9.4,10.5,8.6,9.4,14.5,16.5,36.0,44.0,9.2,10.0,6.8,7.2,11.5,13.0,30.0,34.0,17.0,18.5,12.0,13.5,18.5,21.0,46.0,60,44.0,55.0,34.0,980.0,34.0,60,16.5,140,20.0,42.0,25.0,36.0,15.0,1000,0,1,1,2,[60],[ 6 80]
SCOTLAND 1,45381,Rangers,Hibernian,1.28,1.29,12.0,13.0,6.8,7.2,0,0,0.0,0,0,0,0,0,1.54,1.61,2.64,2.86,0,0,0,0,0,0,0,0,1.94,2.16,1.86,2.06,0,0,0,0,0,0,0,0,0,0,0,0,0,0,0,0,0,0,23.0,32.0,38.0,48.0,13.5,980.0,21.0,670.0,9.4,11.0,14.0,16.0,40.0,46.0,14.0,980.0,7.6,8.4,9.8,10.5,27.0,34.0,14.0,160,9.2,10.5,12.0,13.5,29.0,36,14.0,980,4.0,4.3,15.0,220.0,15.5,1000,2,1,3,1,[26 45 85],[45]
SCOTLAND 1,45381,Motherwell,St. Mirren,2.6,2.72,2.96,3.1,3.35,3.5,0,0,0.0,0,0,0,0,0,2.24,2.4,1.72,1.81,0,0,0,0,0,0,0,0,1.84,2.16,1.87,2.2,0,0,0,0,0,0,0,0,0,0,0,0,0,0,0,0,0,0,9.4,12.0,9.6,10.5,17.5,19.0,34.0,55.0,8.6,9.8,6.8,7.4,12.0,13.5,22.0,40.0,14.5,16.0,11.0,12.5,18.0,21.0,29.0,60,34.0,40.0,28.0,34.0,28.0,55,12.5,130,9.6,32.0,11.0,42.0,13.5,1000,0,1,1,1,[74],[18]
SCOTLAND 1,45381,Hearts,Kilmarnock,2.1,2.14,3.85,4.1,3.5,3.65,0,0,0.0,0,0,0,0,0,2.0,2.28,1.78,2.0,0,0,0,0,0,0,0,0,1.78,1.97,2.02,2.28,0,0,0,0,0,0,0,0,0,0,0,0,0,0,0,0,0,0,10.5,14.0,11.0,15.5,6.2,30.0,6.2,85.0,7.6,10.5,6.8,9.0,13.0,18.0,6.0,55.0,10.5,14.0,9.0,12.0,16.5,22.0,6.0,70,20.0,29.0,18.5,26.0,5.8,46,6.2,120,4.9,18.5,6.0,60.0,6.6,1000,1,0,1,1,[10],[67]
SCOTLAND 1,45381,Aberdeen,Ross County,1.78,1.82,5.0,5.4,3.95,4.1,0,0,0.0,0,0,0,0,0,1.9,2.02,1.98,2.12,0,0,0,0,0,0,0,0,1.86,1.96,2.04,2.16,0,0,0,0,0,0,0,0,0,0,0,0,0,0,0,0,0,0,13.5,15.0,16.0,18.5,30.0,40.0,15.0,130.0,8.0,9.0,8.2,8.8,18.0,20.0,50.0,70.0,9.6,11.0,9.2,10.0,18.5,21.0,14.0,120,17.0,18.5,16.5,18.5,30.0,36,15.0,120,6.8,11.5,14.0,80.0,17.5,1000,1,1,2,1,[ 5 78],[26]
SPAIN 1,45381,Barcelona,Las Palmas,1.27,1.28,12.5,13.0,7.0,7.4,0,0,0.0,0,0,0,0,0,1.49,1.52,2.92,3.05,0,0,0,0,0,0,0,0,1.96,2.04,1.98,2.04,0,0,0,0,0,0,0,0,0,0,0,0,0,0,0,0,0,0,29.0,32.0,42.0,48.0,42.0,120.0,75.0,520.0,10.5,11.5,14.5,16.0,38.0,44.0,55.0,210.0,8.2,8.8,10.0,10.5,28.0,29.0,50.0,140,9.6,10.5,12.0,13.0,28.0,30,42.0,140,3.8,4.0,46.0,170.0,30.0,1000,0,0,1,0,[59],[]
SPAIN 1,45381,Valencia,Mallorca,2.18,2.2,4.5,4.6,3.05,3.1,0,0,0.0,0,0,0,0,0,3.15,3.2,1.45,1.47,0,0,0,0,0,0,0,0,2.52,2.64,1.61,1.66,0,0,0,0,0,0,0,0,0,0,0,0,0,0,0,0,0,0,6.6,6.8,10.0,10.5,27.0,30.0,42.0,130.0,5.8,6.0,7.0,7.2,19.5,21.0,60.0,95.0,10.0,10.5,12.0,12.5,28.0,30.0,44.0,140,25.0,28.0,30.0,34.0,42.0,80,100.0,290,29.0,34.0,65.0,160.0,1000.0,1000,0,0,0,0,[],[]
SPAIN 1,45381,Almeria,Osasuna,2.7,2.74,2.94,2.96,3.4,3.45,0,0,0.0,0,0,0,0,0,2.18,2.26,1.8,1.84,0,0,0,0,0,0,0,0,1.9,1.97,2.04,2.12,0,0,0,0,0,0,0,0,0,0,0,0,0,0,0,0,0,0,10.5,11.5,10.0,11.0,17.0,18.0,42.0,46.0,9.4,9.6,7.0,7.4,12.0,13.0,32.0,36.0,15.5,16.5,12.0,12.5,17.5,18.5,46.0,55,36.0,40.0,29.0,32.0,44.0,48,70.0,110,26.0,30.0,30.0,34.0,25.0,1000,0,2,0,3,[],[ 2  9 61]
ESTONIA 1,45381,Narva,Nomme Utd,1.81,980.0,2.22,980.0,2.42,330.0,0,0,0.0,0,0,0,0,0,1.05,4.6,1.27,55.0,0,0,0,0,0,0,0,0,1.71,1000.0,1.01,2.4,0,0,0,0,0,0,0,0,0,0,0,0,0,0,0,0,0,0,1.49,1000.0,1.03,1000.0,1.03,1000.0,1.03,1000.0,1.03,1000.0,1.03,1000.0,1.03,1000.0,1.03,1000.0,1.03,1000.0,1.03,1000.0,1.03,1000.0,1.03,1000,1.03,1000.0,1.03,1000.0,1.03,1000,1.03,1000,1.01,1000.0,1.01,1000.0,1.03,1000,1,0,2,0,[35 70],[]
SPAIN 4,45381,Arandina,Pontevedra,2.54,1000.0,1.45,4.0,2.42,330.0,0,0,0.0,0,0,0,0,0,1.06,4.6,1.27,990.0,0,0,0,0,0,0,0,0,1.01,1000.0,1.01,1000.0,0,0,0,0,0,0,0,0,0,0,0,0,0,0,0,0,0,0,1.49,1000.0,2.76,1000.0,2.78,1000.0,3.15,1000.0,2.78,1000.0,3.8,1000.0,6.0,1000.0,8.0,1000.0,3.25,1000.0,2.96,1000.0,5.8,1000.0,9.2,1000,3.6,1000.0,4.2,1000.0,12.5,1000,7.4,1000,1.55,1000.0,1.55,1000.0,15.0,1000,0,1,1,1,[81],[30]
SPAIN 4,45381,Racing Club Villalbes,Valladolid Promesas,2.22,1000.0,2.06,1000.0,2.44,32.0,0,0,0.0,0,0,0,0,0,1.09,4.6,1.27,21.0,0,0,0,0,0,0,0,0,1.01,1000.0,1.01,1000.0,0,0,0,0,0,0,0,0,0,0,0,0,0,0,0,0,0,0,1.48,1000.0,2.76,1000.0,2.72,1000.0,4.9,1000.0,2.68,1000.0,3.25,1000.0,5.4,1000.0,4.7,1000.0,2.98,1000.0,3.55,1000.0,4.1,1000.0,14.0,1000,5.1,1000.0,5.3,1000.0,7.2,1000,7.6,1000,1.55,1000.0,1.55,1000.0,13.0,1000,0,0,0,0,[],[]
SPAIN 4,45381,Ourense CF,Cayon,1.33,2.06,4.0,980.0,2.38,980.0,0,0,0.0,0,0,0,0,0,1.05,4.6,1.27,990.0,0,0,0,0,0,0,0,0,1.01,1000.0,1.01,1000.0,0,0,0,0,0,0,0,0,0,0,0,0,0,0,0,0,0,0,1.44,1000.0,1.01,1000.0,1.01,1000.0,1.01,1000.0,1.01,1000.0,1.01,1000.0,1.01,1000.0,1.01,1000.0,1.01,1000.0,1.01,1000.0,1.01,1000.0,1.01,1000,1.01,1000.0,1.01,1000.0,1.01,1000,1.01,1000,1.01,55.0,1.55,1000.0,14.0,1000,0,0,1,0,[48],[]
ARGENTINA COPA,45381,Boca Juniors,San Lorenzo,2.04,2.2,4.5,5.1,3.0,3.25,0,0,0.0,0,0,0,0,0,2.96,3.45,1.4,1.51,0,0,0,0,0,0,0,0,2.48,2.7,1.58,1.67,0,0,0,0,0,0,0,0,0,0,0,0,0,0,0,0,0,0,6.0,7.8,8.8,12.0,6.0,36.0,7.0,980.0,5.0,6.6,6.4,7.8,18.0,25.0,7.0,980.0,8.8,12.0,10.0,14.0,6.0,36.0,7.0,980,6.0,32.0,6.2,38.0,6.8,980,7.2,980,6.0,38.0,7.0,980.0,7.4,1000,1,1,2,1,[42 84],[9]
ARGENTINA COPA,45381,Central Cordoba,Racing Club,4.1,5.0,1.91,2.06,3.3,3.75,0,0,0.0,0,0,0,0,0,2.2,2.58,1.64,1.84,0,0,0,0,0,0,0,0,2.02,2.22,1.83,1.99,0,0,0,0,0,0,0,0,0,0,0,0,0,0,0,0,0,0,8.4,11.5,6.2,8.2,9.0,12.0,18.5,26.0,11.0,15.0,6.4,8.6,9.0,12.0,20.0,27.0,5.8,36.0,15.5,22.0,18.5,26.0,6.2,55,6.6,980.0,6.4,980.0,6.4,980,6.6,980,6.4,980.0,5.2,21.0,6.8,1000,0,1,1,3,[64],[24 53 90]
ESTONIA 1,45381,Parnu JK Vaprus,Kalju,1.04,980.0,1.54,980.0,1.25,950.0,0,0,0.0,0,0,0,0,0,1.05,4.6,1.27,26.0,0,0,0,0,0,0,0,0,1.01,1000.0,1.01,1000.0,0,0,0,0,0,0,0,0,0,0,0,0,0,0,0,0,0,0,1.34,1000.0,1.01,1000.0,1.01,1000.0,1.01,1000.0,1.01,1000.0,1.01,1000.0,1.01,1000.0,1.01,1000.0,1.01,1000.0,1.01,1000.0,1.01,1000.0,1.01,1000,1.01,1000.0,1.01,1000.0,1.01,1000,1.01,1000,1.01,1000.0,1.55,1000.0,1.03,1000,1,1,1,2,[19],[25 79]
SOUTH AFRICA 1,45381,Sekhukhune,Orlando Pirates,4.8,5.5,1.99,2.14,3.0,3.35,0,0,0.0,0,0,0,0,0,2.62,3.15,1.47,1.62,0,0,0,0,0,0,0,0,2.2,2.66,1.6,1.83,0,0,0,0,0,0,0,0,0,0,0,0,0,0,0,0,0,0,6.8,9.4,5.4,7.8,3.6,13.0,4.0,980.0,9.0,15.0,6.6,8.4,8.8,14.5,21.0,980.0,4.3,980.0,4.0,980.0,20.0,980.0,4.4,980,4.5,980.0,4.5,980.0,4.5,980,4.5,980,4.5,980.0,4.0,980.0,4.6,1000,1,0,2,1,[32 51],[56]
SOUTH AFRICA 1,45381,Cape Town City,Kaizer Chiefs,2.68,2.98,3.0,3.35,2.86,3.1,0,0,0.0,0,0,0,0,0,2.62,3.05,1.49,1.62,0,0,0,0,0,0,0,0,2.12,2.32,1.76,1.89,0,0,0,0,0,0,0,0,0,0,0,0,0,0,0,0,0,0,7.0,8.2,8.0,9.4,5.1,23.0,5.9,75.0,7.2,8.6,6.2,7.2,4.8,18.0,5.8,60.0,5.0,20.0,4.8,17.0,5.2,30.0,6.0,100,5.8,60.0,5.7,55.0,6.0,90,6.2,250,5.8,60.0,5.9,75.0,6.4,1000,0,0,0,0,[],[]
SOUTH AFRICA 1,45381,Golden Arrows,Richards Bay,2.62,2.94,3.05,3.45,2.86,3.15,0,0,0.0,0,0,0,0,0,2.64,2.96,1.51,1.61,0,0,0,0,0,0,0,0,2.12,2.34,1.75,1.89,0,0,0,0,0,0,0,0,0,0,0,0,0,0,0,0,0,0,6.0,9.8,6.8,11.0,4.1,24.0,4.6,980.0,6.2,10.0,6.2,7.4,4.7,18.5,4.5,980.0,3.95,19.5,10.0,16.5,17.5,980.0,4.6,980,4.5,980.0,5.6,980.0,4.6,980,4.8,980,4.5,980.0,4.6,980.0,4.8,1000,1,1,2,1,[28 74],[44]
SOUTH AFRICA 1,45381,Polokwane,Chippa Utd.,2.3,2.54,3.7,4.2,2.86,3.15,0,0,0.0,0,0,0,0,0,2.74,3.1,1.48,1.58,0,0,0,0,0,0,0,0,2.2,2.42,1.7,1.83,0,0,0,0,0,0,0,0,0,0,0,0,0,0,0,0,0,0,6.6,8.2,4.7,11.5,6.2,28.0,7.4,100.0,6.0,8.0,6.2,7.4,5.6,980.0,7.2,75.0,9.8,14.5,5.6,980.0,6.2,980.0,7.4,110,6.6,38.0,6.6,40.0,7.2,80,7.8,1000,6.6,40.0,7.2,110.0,8.0,1000,1,0,1,0,[5],[]
CHINA 1,45381,Wuhan Three Towns,Beijing Guoan,3.1,3.35,2.34,2.5,3.5,3.85,0,0,0.0,0,0,0,0,0,1.9,1.99,2.02,2.12,0,0,0,0,0,0,0,0,1.76,1.85,2.18,2.32,0,0,0,0,0,0,0,0,0,0,0,0,0,0,0,0,0,0,10.5,17.0,9.4,13.5,13.0,19.0,21.0,40.0,11.0,16.0,6.8,10.0,9.4,14.0,20.0,32.0,17.5,27.0,12.0,17.0,14.0,22.0,4.7,46,4.3,65.0,23.0,42.0,4.6,55,4.3,980,3.95,36.0,3.75,23.0,4.4,1000,0,0,0,1,[],[74]
CHINA 1,45381,Chengdu Rongcheng,Nantong Zhiyun,1.4,1.44,9.0,10.5,4.7,5.5,0,0,0.0,0,0,0,0,0,1.77,1.95,2.06,2.3,0,0,0,0,0,0,0,0,2.06,2.26,1.79,1.94,0,0,0,0,0,0,0,0,0,0,0,0,0,0,0,0,0,0,12.5,22.0,5.3,34.0,4.7,100.0,4.8,390.0,6.2,10.0,8.6,14.0,4.4,42.0,4.8,180.0,7.2,9.8,7.6,12.5,21.0,36.0,4.8,170,8.8,14.5,13.5,19.0,4.5,50,4.8,220,2.88,7.0,4.8,250.0,4.9,1000,1,0,1,0,[39],[]
CHINA 1,45381,Qingdao West Coast,Qingdao Hainiu,2.76,3.0,2.52,2.78,3.35,3.7,0,0,0.0,0,0,0,0,0,1.9,2.14,1.88,2.12,0,0,0,0,0,0,0,0,1.71,1.87,2.16,2.42,0,0,0,0,0,0,0,0,0,0,0,0,0,0,0,0,0,0,11.0,15.5,9.2,12.5,14.0,19.0,5.9,42.0,9.8,13.0,6.6,8.8,10.0,13.5,6.0,32.0,15.5,21.0,10.5,14.5,14.5,20.0,6.0,46,6.0,50.0,6.2,36.0,6.0,50,6.4,110,5.6,30.0,5.4,25.0,6.8,1000,1,0,1,0,[27],[]
CHINA 1,45381,Shanghai Port,Henan Songshan Longmen,1.37,1.42,8.4,9.8,5.8,6.0,0,0,0.0,0,0,0,0,0,1.59,1.74,2.34,2.68,0,0,0,0,0,0,0,0,1.89,2.08,1.92,2.12,0,0,0,0,0,0,0,0,0,0,0,0,0,0,0,0,0,0,16.5,28.0,5.1,38.0,4.6,980.0,4.7,980.0,7.4,12.5,9.4,15.5,4.5,40.0,4.7,980.0,6.8,11.0,7.8,13.0,19.0,32.0,4.6,980,9.0,15.0,10.5,17.5,5.1,42,4.7,980,2.64,5.7,4.7,980.0,4.8,1000,0,0,3,1,[56 89 90],[84]
ENGLAND 1,45381,Brentford,Manchester Utd,3.0,3.05,2.38,2.4,3.95,4.0,0,0,0.0,0,0,0,0,0,1.54,1.58,2.74,2.86,0,0,0,0,0,0,0,0,1.5,1.52,2.9,2.98,0,0,0,0,0,0,0,0,0,0,0,0,0,0,0,0,0,0,23.0,24.0,16.0,17.0,18.0,19.0,30.0,34.0,18.5,19.5,9.2,9.6,10.5,11.0,19.5,20.0,23.0,25.0,13.0,13.5,13.0,13.5,24.0,26,46.0,48.0,25.0,27.0,28.0,30,44.0,46,15.5,16.0,10.5,11.0,190.0,290,0,0,1,1,[90],[90]
ENGLAND 1,45381,Aston Villa,Wolves,1.64,1.65,5.9,6.0,4.5,4.6,0,0,0.0,0,0,0,0,0,1.65,1.67,2.5,2.54,0,0,0,0,0,0,0,0,1.73,1.74,2.34,2.36,0,0,0,0,0,0,0,0,0,0,0,0,0,0,0,0,0,0,21.0,22.0,25.0,26.0,46.0,48.0,100.0,140.0,11.0,11.5,9.8,10.5,20.0,22.0,60.0,65.0,10.5,11.0,9.6,9.8,17.5,18.0,55.0,65,15.5,16.0,14.0,14.5,25.0,26,65.0,80,6.6,7.0,50.0,55.0,220.0,1000,1,0,2,0,[36 65],[]
SOUTH AFRICA 1,45381,TS Galaxy,AmaZulu,2.34,3.0,3.15,4.7,2.6,3.15,0,0,0.0,0,0,0,0,0,2.92,3.75,1.37,1.52,0,0,0,0,0,0,0,0,2.26,2.74,1.58,1.79,0,0,0,0,0,0,0,0,0,0,0,0,0,0,0,0,0,0,3.1,980.0,3.7,980.0,4.5,980.0,1.92,1000.0,3.15,980.0,3.2,980.0,4.3,980.0,2.14,1000.0,4.1,980.0,4.0,980.0,4.7,980.0,3.05,1000,4.8,980.0,2.94,980.0,3.05,1000,15.0,1000,1.9,980.0,1.93,1000.0,3.1,1000,0,0,2,0,[54 74],[]
PERU 1,45381,Grau,Carlos Mannucci,1.64,1.83,5.2,6.2,3.8,4.3,0,0,0.0,0,0,0,0,0,1.84,2.16,1.87,2.2,0,0,0,0,0,0,0,0,1.83,2.14,1.88,2.2,0,0,0,0,0,0,0,0,0,0,0,0,0,0,0,0,0,0,11.5,980.0,5.1,980.0,6.0,50.0,6.6,1000.0,6.8,9.2,7.6,14.0,5.4,980.0,6.4,90.0,8.4,11.5,8.2,11.0,5.3,980.0,6.4,90,5.0,19.0,5.1,21.0,5.8,40,6.4,1000,4.3,55.0,6.4,110.0,6.8,1000,0,0,3,0,[63 75 83],[]
PERU 1,45381,FBC Melgar,Cienciano,1.58,1.71,5.5,7.6,3.8,5.3,0,0,0.0,0,0,0,0,0,1.82,2.12,1.89,2.22,0,0,0,0,0,0,0,0,1.76,2.3,1.77,2.32,0,0,0,0,0,0,0,0,0,0,0,0,0,0,0,0,0,0,11.0,18.5,15.0,25.0,36.0,65.0,3.4,210.0,6.4,10.5,7.0,11.5,17.0,29.0,60.0,110.0,7.2,11.5,7.4,12.5,16.5,28.0,60.0,110,11.5,19.5,12.5,22.0,27.0,46,21.0,170,1.55,10.5,1.55,140.0,15.0,1000,2,0,2,0,[35 41],[]
GERMANY 1,45381,Bayern Munich,Dortmund,1.45,1.46,6.8,7.0,6.0,6.2,0,0,0.0,0,0,0,0,0,1.27,1.3,4.4,4.8,0,0,0,0,0,0,0,0,1.44,1.47,3.15,3.3,0,0,0,0,0,0,0,0,0,0,0,0,0,0,0,0,0,0,50.0,65.0,50.0,60.0,75.0,85.0,46.0,210.0,21.0,24.0,16.0,17.0,27.0,28.0,55.0,65.0,15.5,16.5,11.0,12.0,17.0,18.0,44.0,48,16.5,17.0,12.0,12.5,18.0,19,42.0,48,3.3,3.45,27.0,32.0,85.0,220,0,1,0,2,[],[10 83]
GERMANY 1,45381,B. Monchengladbach,Freiburg,2.28,2.3,3.3,3.35,3.8,3.85,0,0,0.0,0,0,0,0,0,1.7,1.73,2.36,2.44,0,0,0,0,0,0,0,0,1.6,1.65,2.52,2.66,0,0,0,0,0,0,0,0,0,0,0,0,0,0,0,0,0,0,18.0,19.5,16.5,17.0,23.0,26.0,50.0,55.0,12.0,13.5,8.4,8.6,13.0,14.5,29.0,32.0,15.0,16.0,10.0,11.0,14.0,15.0,34.0,38,26.0,29.0,19.0,21.0,27.0,30,55.0,65,11.5,12.5,21.0,23.0,24.0,850,0,1,0,3,[],[ 7 47 57]
GERMANY 1,45381,Bayer Leverkusen,Hoffenheim,1.24,1.25,13.5,14.5,8.0,8.2,0,0,0.0,0,0,0,0,0,1.33,1.36,3.8,4.0,0,0,0,0,0,0,0,0,1.79,1.8,2.24,2.28,0,0,0,0,0,0,0,0,0,0,0,0,0,0,0,0,0,0,42.0,50.0,42.0,70.0,44.0,160.0,40.0,520.0,14.5,16.0,17.5,19.5,44.0,48.0,44.0,170.0,10.0,11.0,11.0,11.5,26.0,28.0,44.0,120,10.0,11.0,12.0,12.5,25.0,32,42.0,110,2.9,2.94,42.0,120.0,30.0,980,0,1,2,1,[88 90],[33]
GERMANY 1,45381,Eintracht Frankfurt,Union Berlin,2.06,2.08,4.2,4.3,3.55,3.6,0,0,0.0,0,0,0,0,0,2.16,2.22,1.82,1.86,0,0,0,0,0,0,0,0,1.95,2.04,1.96,2.06,0,0,0,0,0,0,0,0,0,0,0,0,0,0,0,0,0,0,10.5,12.0,13.0,14.0,27.0,28.0,50.0,90.0,8.0,8.6,7.4,7.8,15.5,17.0,48.0,55.0,10.5,12.0,10.0,11.0,18.5,20.0,60.0,70,22.0,24.0,21.0,23.0,38.0,44,44.0,130,16.0,17.5,46.0,65.0,19.5,1000,0,0,0,0,[],[]
GERMANY 1,45381,RB Leipzig,Mainz,1.38,1.39,9.2,9.4,5.8,5.9,0,0,0.0,0,0,0,0,0,1.55,1.6,2.68,2.82,0,0,0,0,0,0,0,0,1.85,1.91,2.1,2.18,0,0,0,0,0,0,0,0,0,0,0,0,0,0,0,0,0,0,24.0,27.0,32.0,38.0,70.0,85.0,40.0,360.0,10.0,11.0,12.0,13.0,30.0,34.0,42.0,120.0,8.8,9.4,9.4,9.8,22.0,24.0,80.0,100,11.0,12.0,12.0,13.0,26.0,29,70.0,120,4.6,4.9,40.0,110.0,27.0,1000,0,0,0,0,[],[]
COLOMBIA 1,45381,Chico,Jaguares de Cordoba,1.69,1.76,5.8,9.0,3.5,3.9,0,0,0.0,0,0,0,0,0,2.38,2.76,1.57,1.73,0,0,0,0,0,0,0,0,2.26,3.45,1.59,1.8,0,0,0,0,0,0,0,0,0,0,0,0,0,0,0,0,0,0,8.2,10.5,13.5,1000.0,1.34,1000.0,1.34,1000.0,5.4,6.6,7.2,14.0,1.34,1000.0,1.34,1000.0,1.07,1000.0,1.07,11.0,1.34,1000.0,1.34,1000,13.5,1000.0,1.4,1000.0,1.34,1000,1.4,1000,1.55,1000.0,1.55,1000.0,1.07,1000,1,0,1,0,[36],[]
COLOMBIA 1,45381,Dep. Pasto,Once Caldas,2.52,2.84,3.15,3.6,2.8,3.15,0,0,0.0,0,0,0,0,0,2.8,3.3,1.44,1.55,0,0,0,0,0,0,0,0,2.12,2.54,1.65,1.9,0,0,0,0,0,0,0,0,0,0,0,0,0,0,0,0,0,0,5.6,9.0,7.4,11.0,17.0,26.0,4.4,980.0,6.4,9.2,6.0,7.6,13.0,20.0,4.3,980.0,12.0,18.5,11.0,17.0,5.0,32.0,4.5,980,4.3,980.0,4.4,980.0,4.4,980,4.6,980,4.3,980.0,4.4,980.0,4.6,1000,0,0,0,0,[],[]
COLOMBIA 1,45381,Envigado,Atl. Nacional,3.55,3.8,2.24,2.3,3.3,3.5,0,0,0.0,0,0,0,0,0,2.2,2.6,1.63,1.84,0,0,0,0,0,0,0,0,1.93,2.24,1.81,2.08,0,0,0,0,0,0,0,0,0,0,0,0,0,0,0,0,0,0,8.8,12.5,7.2,10.5,10.5,16.0,4.6,980.0,9.4,14.0,6.6,8.4,9.6,14.5,4.6,36.0,19.5,30.0,13.0,19.5,17.5,27.0,4.3,980,4.2,980.0,4.3,980.0,4.2,980,4.3,980,4.2,980.0,3.9,32.0,4.4,1000,0,1,0,1,[],[7]
MEXICO 1,45381,Monterrey,Guadalajara Chivas,1.86,1.9,4.7,5.3,3.65,3.9,0,0,0.0,0,0,0,0,0,1.92,4.6,1.55,2.1,0,0,0,0,0,0,0,0,1.01,1000.0,1.01,1000.0,0,0,0,0,0,0,0,0,0,0,0,0,0,0,0,0,0,0,11.5,14.5,10.5,17.5,27.0,42.0,3.05,150.0,8.0,9.4,7.2,8.8,16.5,25.0,4.4,110.0,9.4,11.5,9.4,10.5,17.0,29.0,4.5,150,17.0,26.0,17.0,32.0,29.0,75,3.1,270,2.84,27.0,3.1,190.0,3.15,1000,0,0,0,2,[],[72 90]
MEXICO 1,45381,Pachuca,Toluca,2.3,2.42,3.0,3.2,3.85,4.2,0,0,0.0,0,0,0,0,0,1.59,1.67,2.48,2.7,0,0,0,0,0,0,0,0,1.53,1000.0,1.12,2.9,0,0,0,0,0,0,0,0,0,0,0,0,0,0,0,0,0,0,16.5,26.0,13.0,20.0,17.5,29.0,1.19,1000.0,11.0,17.5,7.2,11.5,10.0,16.0,20.0,1000.0,13.5,21.0,8.6,13.5,11.0,18.5,1.19,1000,1.16,40.0,15.5,26.0,3.2,36,1.73,1000,1.19,14.5,1.19,20.0,1.19,1000,1,3,2,3,[ 3 82],[13 34 44]
MEXICO 1,45381,Mazatlan FC,Club Tijuana,2.26,2.36,3.15,3.4,3.7,4.1,0,0,0.0,0,0,0,0,0,1.74,1.86,2.16,2.36,0,0,0,0,0,0,0,0,1.64,1.74,2.34,2.54,0,0,0,0,0,0,0,0,0,0,0,0,0,0,0,0,0,0,14.5,19.5,12.0,16.5,18.5,26.0,6.4,60.0,10.0,13.5,7.2,9.8,11.0,15.0,6.2,36.0,13.5,17.5,9.4,12.5,13.5,18.5,6.2,44,6.2,34.0,19.0,25.0,6.2,36,6.6,85,4.9,16.0,5.7,27.0,4.8,1000,1,0,2,0,[41 90],[]
SAUDI ARABIA 1,45381,Al Shabab,Al Hilal,7.4,9.0,1.43,1.49,5.0,5.6,0,0,0.0,0,0,0,0,0,1.58,1.68,2.48,2.72,0,0,0,0,0,0,0,0,1.81,1.93,2.08,2.24,0,0,0,0,0,0,0,0,0,0,0,0,0,0,0,0,0,0,7.8,25.0,9.4,11.0,8.8,10.5,11.5,14.0,27.0,36.0,10.5,12.0,9.0,10.5,12.5,15.0,9.8,980.0,25.0,30.0,7.6,24.0,15.5,30,6.6,980.0,10.0,120.0,10.0,100,10.0,120,10.0,150.0,4.2,5.8,7.8,1000,1,3,3,4,[ 3 64 78],[20 27 42 57]
SAUDI ARABIA 1,45381,Al Riyadh,Abha,2.32,2.78,2.74,3.35,3.2,4.5,0,0,0.0,0,0,0,0,0,1.74,2.06,1.96,2.34,0,0,0,0,0,0,0,0,1.74,1.87,2.16,2.36,0,0,0,0,0,0,0,0,0,0,0,0,0,0,0,0,0,0,10.5,17.5,9.4,15.5,15.0,25.0,34.0,60.0,8.4,14.0,6.2,14.0,9.8,16.5,23.0,40.0,12.0,21.0,8.8,14.5,13.0,22.0,30.0,55,25.0,44.0,19.5,34.0,28.0,48,1.01,1000,1.55,25.0,1.55,34.0,15.0,1000,0,1,1,1,[70],[26]
SAUDI ARABIA 1,45381,Al Nassr,Al Taee,1.14,1.17,19.0,26.0,9.6,12.5,0,0,0.0,0,0,0,0,0,1.25,1.35,3.85,4.9,0,0,0,0,0,0,0,0,1.87,2.2,1.84,2.16,0,0,0,0,0,0,0,0,0,0,0,0,0,0,0,0,0,0,7.4,980.0,7.6,980.0,8.0,980.0,8.2,1000.0,14.0,19.0,21.0,980.0,7.4,980.0,8.0,1000.0,9.0,12.0,11.5,15.5,7.0,980.0,7.8,980,8.2,11.0,11.0,15.0,6.8,980,7.8,980,1.99,2.62,8.0,980.0,8.2,1000,2,1,5,1,[20 45 64 67 87],[22]
POLAND 1,45381,Pogon Szczecin,Cracovia,1.9,2.0,4.0,4.5,3.75,4.1,0,0,0.0,0,0,0,0,0,1.67,1.94,2.06,2.5,0,0,0,0,0,0,0,0,1.61,2.06,1.96,2.62,0,0,0,0,0,0,0,0,0,0,0,0,0,0,0,0,0,0,14.5,20.0,15.0,21.0,4.7,40.0,4.7,110.0,9.0,12.5,8.0,9.0,15.0,21.0,4.6,60.0,11.0,15.0,9.4,13.0,16.5,23.0,4.7,70,19.0,27.0,17.0,24.0,4.6,42,4.8,120,3.5,12.0,4.6,60.0,14.5,940,2,1,3,1,[ 1 15 87],[3]
POLAND 1,45381,Piast Gliwice,Slask Wroclaw,2.22,2.4,4.0,4.5,2.94,3.15,0,0,0.0,0,0,0,0,0,2.56,3.15,1.46,1.64,0,0,0,0,0,0,0,0,2.1,2.5,1.68,1.91,0,0,0,0,0,0,0,0,0,0,0,0,0,0,0,0,0,0,7.0,8.6,9.0,12.0,6.6,30.0,6.8,110.0,6.0,7.8,6.2,7.8,15.5,21.0,6.6,80.0,10.0,13.5,10.5,13.5,20.0,28.0,6.8,120,6.6,34.0,6.0,36.0,6.6,75,7.0,240,6.0,34.0,6.8,120.0,7.2,1000,0,0,2,2,[54 86],[62 68]
POLAND 1,45381,Jagiellonia,LKS Lodz,1.41,1.45,8.6,9.0,5.0,5.6,0,0,0.0,0,0,0,0,0,1.61,1.77,2.3,2.64,0,0,0,0,0,0,0,0,1.82,2.1,1.91,2.22,0,0,0,0,0,0,0,0,0,0,0,0,0,0,0,0,0,0,16.0,27.0,4.6,40.0,4.3,95.0,4.5,330.0,8.2,12.0,9.8,14.5,4.6,40.0,4.4,150.0,6.8,11.5,7.6,12.5,20.0,32.0,4.4,130,10.0,15.5,11.5,17.5,4.6,40,4.4,160,2.66,6.4,4.4,170.0,4.5,1000,2,0,6,0,[12 41 64 70 77 83],[]
POLAND 1,45381,Rakow,Ruch Chorzow,1.39,1.43,9.6,11.5,5.1,5.5,0,0,0.0,0,0,0,0,0,1.72,1.95,2.04,2.4,0,0,0,0,0,0,0,0,2.04,2.34,1.75,1.96,0,0,0,0,0,0,0,0,0,0,0,0,0,0,0,0,0,0,16.5,19.5,27.0,34.0,48.0,90.0,13.5,570.0,7.8,9.2,10.5,12.0,30.0,38.0,13.0,170.0,7.4,8.2,9.2,10.0,24.0,29.0,13.0,150,10.5,11.5,13.5,15.0,30.0,38,13.0,170,5.3,6.4,13.5,280.0,14.5,1000,1,0,1,1,[14],[90]
SPAIN 3,45381,Fuenlabrada,Sabadell,1.9,2.94,2.68,20.0,2.78,5.3,0,0,0.0,0,0,0,0,0,2.0,4.6,1.27,2.0,0,0,0,0,0,0,0,0,1.01,1000.0,1.02,1000.0,0,0,0,0,0,0,0,0,0,0,0,0,0,0,0,0,0,0,1.49,1000.0,2.5,1000.0,2.46,1000.0,4.1,1000.0,2.58,1000.0,2.82,1000.0,3.5,1000.0,9.0,1000.0,4.0,1000.0,2.94,1000.0,4.3,1000.0,7.8,1000,3.75,1000.0,7.0,1000.0,7.6,1000,12.0,1000,1.55,1000.0,1.55,1000.0,1.03,1000,0,0,1,2,[48],[54 60]
GERMANY 3,45381,Unterhaching,Ingolstadt,2.82,3.05,2.46,2.62,3.65,4.0,0,0,0.0,0,0,0,0,0,1.76,1.88,2.14,2.3,0,0,0,0,0,0,0,0,1.65,1.75,2.32,2.52,0,0,0,0,0,0,0,0,0,0,0,0,0,0,0,0,0,0,15.0,21.0,11.0,15.5,15.5,22.0,4.7,44.0,12.5,17.0,7.8,8.8,10.5,14.5,18.0,32.0,17.5,26.0,11.5,16.0,14.5,21.0,4.7,44,4.8,55.0,4.6,36.0,4.8,48,4.6,980,3.95,27.0,3.8,22.0,4.6,980,0,0,0,3,[],[56 84 90]
GERMANY 3,45381,Ulm,Aue,1.9,1.97,4.4,4.7,3.65,3.95,0,0,0.0,0,0,0,0,0,1.95,2.1,1.92,2.06,0,0,0,0,0,0,0,0,1.77,1.97,1.94,2.18,0,0,0,0,0,0,0,0,0,0,0,0,0,0,0,0,0,0,12.0,15.5,14.0,17.5,6.0,36.0,7.0,980.0,8.0,10.0,7.6,8.8,16.0,20.0,6.6,980.0,10.0,13.0,9.2,11.5,17.5,22.0,6.6,980,17.5,24.0,18.0,23.0,6.4,42,7.0,980,4.8,13.5,6.6,980.0,7.4,1000,1,0,2,2,[40 90],[50 88]
GERMANY 3,45381,Regensburg,Hallescher,1.9,2.02,4.1,4.5,3.75,4.1,0,0,0.0,0,0,0,0,0,1.82,2.04,1.98,2.22,0,0,0,0,0,0,0,0,1.77,1.97,2.02,2.3,0,0,0,0,0,0,0,0,0,0,0,0,0,0,0,0,0,0,13.0,17.0,14.0,18.5,22.0,36.0,6.4,980.0,8.2,11.0,7.2,9.6,14.0,19.0,6.2,980.0,10.0,13.5,9.0,11.5,15.0,21.0,6.2,980,17.5,24.0,16.5,22.0,6.4,38,6.4,980,4.6,13.5,6.2,980.0,6.8,1000,1,0,2,0,[28 50],[]
GERMANY 3,45381,Preussen Munster,SG Dynamo Dresden,2.88,2.98,2.4,2.52,3.75,4.0,0,0,0.0,0,0,0,0,0,1.65,1.89,2.12,2.54,0,0,0,0,0,0,0,0,1.6,1.79,2.26,2.68,0,0,0,0,0,0,0,0,0,0,0,0,0,0,0,0,0,0,13.5,23.0,9.8,16.5,12.5,22.0,4.5,42.0,11.0,18.5,7.4,11.0,8.6,14.5,17.0,29.0,16.0,27.0,10.5,16.0,13.0,20.0,24.0,40,4.1,60.0,21.0,36.0,4.6,46,4.1,90,3.65,27.0,3.45,19.0,4.2,640,0,0,1,0,[52],[]
GERMANY 3,45381,Dortmund II,Mannheim,3.2,3.4,2.2,2.3,3.8,4.1,0,0,0.0,0,0,0,0,0,1.68,1.78,2.28,2.48,0,0,0,0,0,0,0,0,1.63,1.7,2.42,2.6,0,0,0,0,0,0,0,0,0,0,0,0,0,0,0,0,0,0,17.0,24.0,11.5,16.0,14.5,20.0,4.7,36.0,14.5,21.0,8.0,11.0,10.0,14.0,17.5,26.0,19.0,32.0,12.5,17.5,14.0,19.5,4.7,38,4.4,70.0,4.8,40.0,4.8,48,4.4,200,3.9,30.0,3.35,13.5,4.4,980,0,0,1,2,[90],[74 90]
GERMANY 3,45381,Freiburg II,Munich 1860,3.9,4.3,2.04,2.18,3.4,3.75,0,0,0.0,0,0,0,0,0,2.04,2.32,1.76,1.97,0,0,0,0,0,0,0,0,1.84,2.14,1.89,2.2,0,0,0,0,0,0,0,0,0,0,0,0,0,0,0,0,0,0,9.8,14.5,7.2,10.5,10.0,15.0,20.0,32.0,11.0,16.5,6.6,8.8,9.0,13.5,19.0,29.0,20.0,36.0,13.5,21.0,16.5,25.0,4.4,55,4.5,980.0,4.4,980.0,4.5,980,4.5,980,4.4,980.0,3.75,19.5,5.2,1000,0,0,1,0,[71],[]
ISRAEL 1,45381,H. Beer Sheva,Hapoel Haifa,1.66,1.88,5.5,6.8,3.5,4.0,0,0,0.0,0,0,0,0,0,2.12,2.48,1.68,1.9,0,0,0,0,0,0,0,0,2.0,2.38,1.72,1.99,0,0,0,0,0,0,0,0,0,0,0,0,0,0,0,0,0,0,8.2,13.5,12.0,20.0,4.2,980.0,4.4,980.0,5.5,8.8,6.4,9.4,17.0,980.0,4.4,980.0,7.0,11.5,7.8,13.0,18.0,980.0,4.4,980,13.0,980.0,15.5,980.0,4.2,980,4.4,980,3.6,17.5,4.4,980.0,4.5,1000,1,0,2,1,[22 77],[55]
ISRAEL 1,45381,Hapoel Hadera,Hapoel Petah Tikva,2.54,2.8,2.9,3.7,2.82,3.55,0,0,0.0,0,0,0,0,0,1.98,2.44,1.7,2.02,0,0,0,0,0,0,0,0,1.89,2.04,1.96,2.12,0,0,0,0,0,0,0,0,0,0,0,0,0,0,0,0,0,0,3.45,13.5,3.45,13.0,3.9,24.0,4.4,65.0,3.35,12.0,2.94,14.0,3.65,17.0,4.2,48.0,3.75,20.0,3.55,15.5,3.9,24.0,4.4,70,4.4,48.0,4.1,40.0,4.4,65,4.5,160,4.1,36.0,4.2,48.0,4.6,1000,0,0,1,1,[90],[90]
ISRAEL 1,45381,Maccabi Petah Tikva,SC Ashdod,2.12,3.25,2.78,5.2,2.82,3.6,0,0,0.0,0,0,0,0,0,1.06,4.6,1.27,18.0,0,0,0,0,0,0,0,0,1.01,1000.0,1.01,1000.0,0,0,0,0,0,0,0,0,0,0,0,0,0,0,0,0,0,0,1.49,1000.0,1.01,1000.0,1.01,1000.0,1.01,1000.0,1.01,1000.0,1.01,1000.0,1.01,1000.0,1.01,1000.0,1.01,1000.0,2.94,1000.0,1.01,1000.0,1.01,1000,1.01,1000.0,1.01,1000.0,1.01,1000,13.0,1000,1.55,1000.0,1.55,1000.0,1.01,1000,0,1,0,1,[],[33]
ISRAEL 1,45381,Maccabi Tel Aviv,Sakhnin,1.29,1.35,11.5,15.0,5.6,6.6,0,0,0.0,0,0,0,0,0,1.65,1.85,2.18,2.54,0,0,0,0,0,0,0,0,2.1,2.52,1.66,1.9,0,0,0,0,0,0,0,0,0,0,0,0,0,0,0,0,0,0,5.8,980.0,6.4,980.0,4.2,980.0,4.2,1000.0,7.0,9.2,5.1,980.0,6.6,980.0,4.2,1000.0,6.6,8.4,8.8,12.0,6.4,980.0,4.3,1000,4.7,11.0,5.3,980.0,6.6,980,7.4,1000,3.2,5.5,7.6,1000.0,7.6,1000,0,0,2,0,[89 90],[]
SOUTH KOREA 2,45381,Asan,Cheongju,2.2,2.62,3.2,4.1,3.1,3.7,0,0,0.0,0,0,0,0,0,2.26,2.62,1.62,1.79,0,0,0,0,0,0,0,0,1.92,2.22,1.82,2.1,0,0,0,0,0,0,0,0,0,0,0,0,0,0,0,0,0,0,1.03,11.0,1.03,12.5,1.03,26.0,1.03,1000.0,1.03,9.2,1.03,8.2,1.03,17.0,1.03,1000.0,1.03,15.0,1.03,13.0,1.03,24.0,1.03,1000,1.03,36.0,1.03,34.0,1.03,1000,1.03,1000,1.01,29.0,1.01,1000.0,1.03,1000,1,1,4,1,[30 62 73 90],[32]
SOUTH KOREA 2,45381,Seoul E-Land,Anyang,2.68,2.88,2.78,3.0,3.25,3.65,0,0,0.0,0,0,0,0,0,2.16,2.28,1.79,1.86,0,0,0,0,0,0,0,0,1.81,1.97,2.02,2.22,0,0,0,0,0,0,0,0,0,0,0,0,0,0,0,0,0,0,8.8,14.5,9.0,13.5,4.3,23.0,4.0,60.0,8.6,13.0,6.4,9.2,10.5,16.0,3.9,42.0,12.5,21.0,9.4,15.5,13.5,23.0,4.0,65,3.95,50.0,3.9,40.0,4.0,60,4.1,140,3.8,36.0,3.85,40.0,4.3,1000,0,1,1,2,[89],[45 77]
SOUTH KOREA 2,45381,Seongnam,Gimpo FC,2.46,2.6,3.3,3.6,3.1,3.3,0,0,0.0,0,0,0,0,0,2.56,2.7,1.59,1.65,0,0,0,0,0,0,0,0,2.04,2.2,1.83,1.95,0,0,0,0,0,0,0,0,0,0,0,0,0,0,0,0,0,0,6.8,11.5,7.6,12.5,3.7,27.0,4.1,980.0,7.2,10.0,5.5,8.8,11.0,19.0,4.0,980.0,10.5,17.5,9.2,15.0,16.5,28.0,4.1,980,3.95,46.0,4.8,42.0,4.0,980,4.2,980,3.9,42.0,4.0,980.0,4.3,1000,1,0,2,1,[29 90],[47]
ITALY 3,45381,Monterosi,Benevento,5.5,7.4,1.65,1.77,3.4,4.5,0,0,0.0,0,0,0,0,0,2.24,2.4,1.72,1.8,0,0,0,0,0,0,0,0,2.08,2.3,1.78,1.93,0,0,0,0,0,0,0,0,0,0,0,0,0,0,0,0,0,0,5.0,980.0,4.0,980.0,4.5,980.0,2.22,980.0,2.24,980.0,4.4,980.0,4.8,980.0,1.92,980.0,4.0,980.0,2.32,980.0,1.96,980.0,2.42,980,2.08,1000.0,2.06,1000.0,2.08,1000,2.08,1000,1.55,1000.0,1.83,980.0,2.1,1000,0,0,1,1,[67],[60]
ITALY 3,45381,Monopoli,Sorrento,1.99,2.18,4.0,6.0,2.86,3.75,0,0,0.0,0,0,0,0,0,2.6,2.98,1.51,1.62,0,0,0,0,0,0,0,0,2.22,2.46,1.68,1.81,0,0,0,0,0,0,0,0,0,0,0,0,0,0,0,0,0,0,3.35,10.0,3.65,15.0,3.45,42.0,3.7,1000.0,3.1,8.0,6.0,14.0,3.25,26.0,3.65,1000.0,3.55,13.0,3.65,14.5,3.4,34.0,3.65,1000,3.4,32.0,3.4,36.0,3.6,80,3.7,1000,3.35,32.0,3.65,1000.0,3.75,1000,1,0,1,0,[45],[]
ITALY 3,45381,Juve Stabia,ACR Messina,1.42,1.5,11.0,13.5,4.1,4.7,0,0,0.0,0,0,0,0,0,2.34,2.66,1.6,1.75,0,0,0,0,0,0,0,0,2.66,2.98,1.5,1.6,0,0,0,0,0,0,0,0,0,0,0,0,0,0,0,0,0,0,4.4,11.5,5.7,27.0,6.8,120.0,7.0,1000.0,5.0,6.2,4.7,12.0,6.2,55.0,7.0,1000.0,5.9,7.4,9.4,12.5,6.2,48.0,7.0,1000,4.6,13.0,17.0,23.0,6.6,80,7.0,1000,4.4,11.5,7.0,1000.0,7.2,1000,3,0,4,1,[35 40 45 50],[56]
ENGLAND 1,45381,Bournemouth,Everton,2.3,2.32,3.35,3.4,3.7,3.75,0,0,0.0,0,0,0,0,0,1.76,1.81,2.24,2.3,0,0,0,0,0,0,0,0,1.67,1.69,2.44,2.5,0,0,0,0,0,0,0,0,0,0,0,0,0,0,0,0,0,0,16.5,17.5,15.5,16.5,23.0,24.0,44.0,48.0,12.0,12.5,8.2,8.4,13.5,14.0,29.0,34.0,14.5,15.5,10.5,11.5,14.0,15.0,36.0,40,26.0,28.0,20.0,22.0,29.0,32,50.0,70,13.0,14.0,24.0,26.0,200.0,540,0,0,2,1,[64 90],[87]
ENGLAND 1,45381,Chelsea,Burnley,1.32,1.33,11.0,11.5,6.4,6.6,0,0,0.0,0,0,0,0,0,1.53,1.56,2.78,2.88,0,0,0,0,0,0,0,0,1.94,1.96,2.04,2.08,0,0,0,0,0,0,0,0,0,0,0,0,0,0,0,0,0,0,26.0,29.0,38.0,42.0,46.0,110.0,100.0,380.0,10.0,11.0,13.5,14.5,36.0,40.0,70.0,150.0,8.4,8.8,10.0,10.5,26.0,29.0,100.0,120,10.0,11.0,12.0,13.0,29.0,32,95.0,130,4.2,4.3,75.0,140.0,310.0,1000,1,0,2,2,[44 78],[47 81]
ENGLAND 1,45381,Nottingham,Crystal Palace,2.3,2.32,3.55,3.6,3.45,3.5,0,0,0.0,0,0,0,0,0,2.24,2.26,1.79,1.8,0,0,0,0,0,0,0,0,1.94,1.97,2.02,2.08,0,0,0,0,0,0,0,0,0,0,0,0,0,0,0,0,0,0,10.5,11.5,11.5,12.0,21.0,23.0,60.0,70.0,8.6,8.8,7.2,7.4,14.0,15.0,38.0,40.0,12.5,13.0,10.5,11.0,18.0,19.5,55.0,60,28.0,30.0,25.0,26.0,42.0,44,90.0,120,21.0,22.0,44.0,50.0,300.0,1000,0,1,1,1,[61],[11]
ENGLAND 1,45381,Sheffield Utd,Fulham,4.7,4.8,1.79,1.8,4.2,4.3,0,0,0.0,0,0,0,0,0,1.71,1.74,2.34,2.42,0,0,0,0,0,0,0,0,1.73,1.76,2.3,2.38,0,0,0,0,0,0,0,0,0,0,0,0,0,0,0,0,0,0,18.0,19.0,10.0,11.0,11.0,11.5,18.5,19.0,19.0,20.0,9.0,9.4,9.6,10.5,15.5,16.5,32.0,38.0,17.0,18.0,16.5,17.0,26.0,28,42.0,110.0,48.0,55.0,48.0,55,70.0,80,44.0,46.0,8.2,8.8,240.0,1000,0,0,3,3,[58 68 70],[62 86 90]
ENGLAND 1,45381,Tottenham,Luton,1.24,1.25,13.5,14.0,8.2,8.4,0,0,0.0,0,0,0,0,0,1.27,1.3,4.3,4.7,0,0,0,0,0,0,0,0,1.66,1.69,2.44,2.52,0,0,0,0,0,0,0,0,0,0,0,0,0,0,0,0,0,0,50.0,60.0,70.0,80.0,80.0,150.0,130.0,480.0,18.0,18.5,20.0,21.0,46.0,48.0,50.0,150.0,12.0,13.0,11.5,12.0,25.0,26.0,80.0,100,11.0,12.0,10.5,11.0,22.0,25,70.0,90,2.68,2.74,75.0,85.0,190.0,430,0,1,2,1,[51 86],[3]
ENGLAND 1,45381,Newcastle,West Ham,1.87,1.88,4.1,4.2,4.3,4.4,0,0,0.0,0,0,0,0,0,1.51,1.54,2.86,2.98,0,0,0,0,0,0,0,0,1.54,1.57,2.76,2.86,0,0,0,0,0,0,0,0,0,0,0,0,0,0,0,0,0,0,26.0,28.0,24.0,26.0,34.0,38.0,70.0,80.0,15.0,15.5,10.0,11.0,16.0,16.5,32.0,34.0,14.0,15.0,10.0,10.5,14.5,15.0,34.0,38,20.0,22.0,15.0,16.0,22.0,23,48.0,55,6.8,7.2,25.0,27.0,190.0,300,1,2,4,3,[ 6 77 83 90],[21 45 48]
GERMANY 1,45381,Werder Bremen,Wolfsburg,2.92,2.94,2.58,2.6,3.65,3.7,0,0,0.0,0,0,0,0,0,1.85,1.9,2.12,2.18,0,0,0,0,0,0,0,0,1.7,1.75,2.34,2.44,0,0,0,0,0,0,0,0,0,0,0,0,0,0,0,0,0,0,15.0,16.0,11.5,12.5,15.5,17.5,32.0,36.0,12.5,13.5,7.6,8.0,11.0,11.5,24.0,25.0,18.5,21.0,12.0,13.0,15.0,16.5,32.0,38,38.0,46.0,27.0,30.0,34.0,40,55.0,80,20.0,24.0,17.0,19.0,20.0,980,0,1,0,2,[],[45 84]
SPAIN 3,45381,Merida AD,Cordoba,3.3,480.0,1.79,2.28,2.92,10.0,0,0,0.0,0,0,0,0,0,2.0,4.6,1.27,2.0,0,0,0,0,0,0,0,0,1.12,970.0,1.12,970.0,0,0,0,0,0,0,0,0,0,0,0,0,0,0,0,0,0,0,1.48,1000.0,1.01,1000.0,1.01,1000.0,3.85,1000.0,3.0,1000.0,1.01,1000.0,1.01,1000.0,6.0,1000.0,3.25,1000.0,4.5,1000.0,4.8,1000.0,9.2,1000,3.6,1000.0,4.2,1000.0,12.5,1000,7.4,1000,1.55,1000.0,1.55,1000.0,15.0,1000,0,2,2,2,[61 63],[27 35]
VENEZUELA 1,45381,Caracas,Inter de Barinas,1.56,1.69,6.0,9.8,3.55,4.3,0,0,0.0,0,0,0,0,0,2.08,2.58,1.63,1.92,0,0,0,0,0,0,0,0,2.28,2.58,1.63,1.78,0,0,0,0,0,0,0,0,0,0,0,0,0,0,0,0,0,0,7.8,11.0,13.5,23.0,2.68,75.0,3.9,1000.0,4.8,7.6,6.8,9.6,23.0,40.0,5.8,1000.0,6.0,9.6,8.0,13.5,22.0,38.0,8.0,1000,11.0,18.5,15.0,26.0,40.0,70,17.5,1000,1.55,55.0,1.55,1000.0,14.0,1000,0,1,1,2,[80],[44 84]
VENEZUELA 1,45381,Rayo Zuliano,Universidad Central,2.32,10.0,2.2,10.0,2.88,3.6,0,0,0.0,0,0,0,0,0,1.07,4.6,1.27,15.5,0,0,0,0,0,0,0,0,1.12,1000.0,1.12,1000.0,0,0,0,0,0,0,0,0,0,0,0,0,0,0,0,0,0,0,1.49,1000.0,1.01,1000.0,1.01,1000.0,1.01,1000.0,1.01,1000.0,1.01,1000.0,1.01,1000.0,1.01,1000.0,1.01,1000.0,1.01,1000.0,1.01,1000.0,1.01,1000,1.01,1000.0,1.01,1000.0,1.01,1000,1.01,1000,1.55,1000.0,1.55,1000.0,1.01,1000,1,0,2,2,[22 61],[50 90]
SPAIN 4,45381,Ciudad Real,Orihuela,1.9,1000.0,2.36,1000.0,1.92,32.0,0,0,0.0,0,0,0,0,0,1.13,4.6,1.27,8.8,0,0,0,0,0,0,0,0,1.01,1000.0,1.01,1000.0,0,0,0,0,0,0,0,0,0,0,0,0,0,0,0,0,0,0,1.47,1000.0,2.36,1000.0,2.46,1000.0,3.8,1000.0,2.3,1000.0,1.01,1000.0,4.9,1000.0,8.2,1000.0,3.65,1000.0,3.25,1000.0,4.8,1000.0,14.0,1000,4.1,1000.0,1.01,1000.0,9.2,1000,13.0,1000,1.55,1000.0,1.55,1000.0,15.0,1000,1,1,2,1,[22 77],[31]
SPAIN 4,45381,Marbella,San Roque,1.74,2.38,4.5,980.0,2.12,5.0,0,0,0.0,0,0,0,0,0,1.08,4.6,1.27,30.0,0,0,0,0,0,0,0,0,1.12,980.0,1.12,980.0,0,0,0,0,0,0,0,0,0,0,0,0,0,0,0,0,0,0,1.49,980.0,1.1,980.0,1.1,1000.0,1.1,1000.0,1.1,980.0,1.1,980.0,1.1,980.0,1.1,1000.0,1.1,1000.0,1.1,980.0,1.1,980.0,1.1,1000,1.1,1000.0,1.1,1000.0,1.1,1000,1.1,1000,1.55,1000.0,1.55,1000.0,1.1,1000,1,0,2,1,[ 5 60],[69]
ITALY 3,45381,Audace Cerignola,Turris,1.97,2.34,3.75,4.8,3.1,3.8,0,0,0.0,0,0,0,0,0,2.18,2.62,1.62,1.85,0,0,0,0,0,0,0,0,1.92,2.26,1.79,2.08,0,0,0,0,0,0,0,0,0,0,0,0,0,0,0,0,0,0,4.2,980.0,3.6,980.0,2.58,980.0,1.91,1000.0,3.8,980.0,3.75,980.0,2.78,980.0,1.56,1000.0,4.4,980.0,4.4,980.0,5.3,980.0,1.94,1000,2.78,980.0,2.78,980.0,3.05,1000,3.35,1000,2.5,980.0,1.59,1000.0,1.94,1000,0,0,0,0,[],[]
ITALY 3,45381,Avellino,Picerno,1.76,2.02,4.8,6.4,3.15,3.95,0,0,0.0,0,0,0,0,0,2.26,2.72,1.58,1.79,0,0,0,0,0,0,0,0,2.06,2.46,1.69,1.94,0,0,0,0,0,0,0,0,0,0,0,0,0,0,0,0,0,0,4.3,980.0,3.4,980.0,1.33,980.0,1.16,1000.0,3.8,980.0,4.1,980.0,3.65,980.0,1.5,1000.0,4.4,980.0,4.6,980.0,1.53,980.0,7.0,1000,1.55,980.0,6.2,980.0,1.61,1000,7.8,1000,1.55,980.0,1.55,1000.0,1.52,1000,1,0,6,1,[44 53 56 63 78 86],[66]
ITALY 3,45381,Brindisi,Virtus Francavilla,5.4,6.8,1.68,1.84,3.4,3.85,0,0,0.0,0,0,0,0,0,2.14,2.76,1.57,1.87,0,0,0,0,0,0,0,0,2.12,2.56,1.64,1.88,0,0,0,0,0,0,0,0,0,0,0,0,0,0,0,0,0,0,8.0,12.0,5.5,6.8,7.4,11.0,13.0,23.0,11.5,19.0,7.0,9.4,8.8,13.0,16.5,28.0,4.6,60.0,18.5,32.0,20.0,36.0,4.7,70,4.9,240.0,4.8,140.0,4.8,160,4.9,280,4.9,230.0,4.0,20.0,5.0,1000,2,0,2,0,[21 29],[]
ITALY 3,45381,Latina,Foggia,2.58,3.05,2.88,3.4,2.92,3.45,0,0,0.0,0,0,0,0,0,2.44,2.98,1.5,1.66,0,0,0,0,0,0,0,0,2.0,2.36,1.73,2.0,0,0,0,0,0,0,0,0,0,0,0,0,0,0,0,0,0,0,7.0,980.0,7.8,980.0,16.0,980.0,1.01,1000.0,7.0,980.0,5.9,980.0,12.0,980.0,38.0,980.0,13.0,980.0,11.0,980.0,18.5,980.0,55.0,1000,34.0,1000.0,30.0,980.0,50.0,1000,28.0,1000,1.55,980.0,1.55,980.0,15.0,1000,1,0,3,0,[12 70 90],[]
ITALY 3,45381,Potenza,Crotone,2.96,3.3,2.54,2.84,3.05,3.45,0,0,0.0,0,0,0,0,0,2.26,2.56,1.64,1.8,0,0,0,0,0,0,0,0,1.94,2.12,1.89,2.06,0,0,0,0,0,0,0,0,0,0,0,0,0,0,0,0,0,0,8.2,11.0,7.6,10.5,5.0,18.0,6.0,980.0,4.7,11.5,6.4,7.6,5.2,14.0,5.9,980.0,6.0,980.0,5.5,15.5,5.4,980.0,6.2,980,6.2,980.0,6.0,980.0,6.4,980,6.6,980,6.0,980.0,5.9,980.0,7.0,1000,2,1,2,2,[ 7 37],[30 71]
ITALY 3,45381,Casertana,Taranto,2.3,2.54,3.7,4.5,2.86,3.2,0,0,0.0,0,0,0,0,0,2.74,3.3,1.43,1.57,0,0,0,0,0,0,0,0,2.14,2.56,1.64,1.87,0,0,0,0,0,0,0,0,0,0,0,0,0,0,0,0,0,0,6.4,9.0,8.6,12.5,20.0,32.0,4.5,980.0,6.2,8.6,6.0,7.8,14.5,22.0,4.5,980.0,10.5,16.0,10.5,15.5,4.3,980.0,4.6,980,4.4,980.0,4.4,980.0,4.5,980,4.6,980,4.3,980.0,4.6,980.0,4.7,1000,1,0,1,0,[10],[]
AUSTRALIA 1,45381,Wellington Phoenix,Brisbane Roar,2.26,2.28,3.35,3.4,3.75,3.85,0,0,0.0,0,0,0,0,0,1.68,1.73,2.38,2.48,0,0,0,0,0,0,0,0,1.59,1.64,2.58,2.7,0,0,0,0,0,0,0,0,0,0,0,0,0,0,0,0,0,0,18.0,19.0,16.0,17.0,24.0,27.0,46.0,60.0,12.0,13.5,8.4,8.8,13.0,14.5,27.0,34.0,15.0,16.0,10.0,11.0,14.0,15.0,34.0,38,27.0,30.0,20.0,21.0,25.0,980,50.0,65,11.0,13.5,21.0,24.0,15.5,980,1,0,1,0,[2],[]
SAUDI ARABIA 1,45381,Al Wehda,Al Fateh,2.34,2.5,2.82,3.1,3.75,4.2,0,0,0.0,0,0,0,0,0,1.63,1.82,2.22,2.6,0,0,0,0,0,0,0,0,1.61,1.7,2.42,2.64,0,0,0,0,0,0,0,0,0,0,0,0,0,0,0,0,0,0,15.5,22.0,12.5,17.0,18.0,980.0,5.9,980.0,11.0,15.0,7.6,10.0,10.5,14.5,5.5,980.0,14.0,19.5,9.6,13.0,13.0,18.0,5.7,980,5.6,980.0,18.5,980.0,5.6,980,6.0,980,4.7,16.5,5.1,980.0,6.6,1000,1,1,2,3,[42 51],[29 68 73]
PORTUGAL 1,45381,Estoril,FC Porto,10.0,11.0,1.33,1.35,6.2,6.4,0,0,0.0,0,0,0,0,0,1.47,1.66,2.52,3.15,0,0,0,0,0,0,0,0,1.97,2.06,1.96,2.04,0,0,0,0,0,0,0,0,0,0,0,0,0,0,0,0,0,0,19.5,26.0,9.2,10.5,8.0,9.0,10.0,11.5,32.0,36.0,12.5,14.0,9.2,10.0,12.0,13.0,17.5,980.0,32.0,38.0,19.0,27.0,21.0,32,24.0,460.0,18.5,190.0,17.5,980,18.5,140,21.0,980.0,4.0,4.9,19.0,1000,0,0,1,0,[69],[]
SPAIN 4,45381,Badalona Futur,Andratx,1.52,2.44,3.7,1000.0,3.0,32.0,0,0,0.0,0,0,0,0,0,1.11,4.6,1.27,10.5,0,0,0,0,0,0,0,0,1.12,980.0,1.13,9.4,0,0,0,0,0,0,0,0,0,0,0,0,0,0,0,0,0,0,1.1,980.0,1.1,980.0,1.1,1000.0,1.1,1000.0,1.1,980.0,1.1,980.0,1.1,980.0,1.1,1000.0,1.1,1000.0,1.1,980.0,1.1,980.0,1.1,1000,1.1,1000.0,1.1,1000.0,1.1,1000,1.1,1000,1.55,1000.0,1.55,1000.0,1.1,1000,0,0,0,1,[],[80]
SPAIN 4,45381,Alzira,Hercules,3.3,470.0,1.81,870.0,2.52,32.0,0,0,0.0,0,0,0,0,0,1.12,4.6,1.27,9.4,0,0,0,0,0,0,0,0,1.12,970.0,1.12,970.0,0,0,0,0,0,0,0,0,0,0,0,0,0,0,0,0,0,0,1.47,980.0,1.1,980.0,1.1,1000.0,1.1,1000.0,1.1,980.0,1.1,980.0,1.1,980.0,1.1,1000.0,1.1,1000.0,1.1,980.0,1.1,980.0,1.1,1000,1.1,1000.0,1.1,1000.0,1.1,1000,1.1,1000,1.55,1000.0,1.1,1000.0,1.1,1000,0,0,0,1,[],[90]
FRANCE 1,45381,Lyon,Reims,2.12,2.14,3.7,3.75,3.75,3.8,0,0,0.0,0,0,0,0,0,1.79,1.9,2.12,2.28,0,0,0,0,0,0,0,0,1.68,1.78,2.28,2.46,0,0,0,0,0,0,0,0,0,0,0,0,0,0,0,0,0,0,15.5,17.0,14.0,16.5,24.0,27.0,55.0,65.0,10.0,11.5,8.0,8.6,14.0,15.0,34.0,40.0,13.0,14.0,10.0,10.5,15.0,16.5,40.0,46,24.0,26.0,18.5,20.0,28.0,34,50.0,75,12.0,13.5,28.0,34.0,20.0,980,0,0,1,1,[65],[55]
FRANCE 1,45381,Metz,Monaco,5.5,5.6,1.7,1.71,4.3,4.4,0,0,0.0,0,0,0,0,0,1.77,1.87,2.16,2.3,0,0,0,0,0,0,0,0,1.77,1.86,2.16,2.3,0,0,0,0,0,0,0,0,0,0,0,0,0,0,0,0,0,0,16.5,18.5,9.2,9.6,10.0,11.0,16.0,17.5,20.0,22.0,8.8,9.4,9.4,9.6,15.0,16.5,38.0,44.0,18.5,21.0,17.5,19.0,27.0,30,42.0,130.0,55.0,65.0,55.0,65,38.0,95,44.0,65.0,8.2,8.8,25.0,980,0,3,2,5,[78 84],[ 4 10 16 76 87]
JAPAN 1,45381,Cerezo Osaka,Shonan Bellmare,2.0,2.14,4.1,4.6,3.25,3.55,0,0,0.0,0,0,0,0,0,2.28,2.46,1.69,1.79,0,0,0,0,0,0,0,0,2.0,2.16,1.86,1.99,0,0,0,0,0,0,0,0,0,0,0,0,0,0,0,0,0,0,9.2,13.0,11.5,16.0,22.0,38.0,70.0,120.0,7.0,9.6,7.0,9.4,16.0,23.0,46.0,80.0,10.0,14.0,9.8,13.5,19.5,27.0,55.0,100,21.0,32.0,18.5,32.0,34.0,60,110.0,190,1.01,24.0,1.01,100.0,30.0,1000,0,0,2,0,[60 82],[]
SWEDEN 1,45381,Norrkoping,Malmo FF,6.4,6.8,1.56,1.59,4.7,4.9,0,0,0.0,0,0,0,0,0,1.69,1.79,2.26,2.46,0,0,0,0,0,0,0,0,1.76,1.93,2.08,2.32,0,0,0,0,0,0,0,0,0,0,0,0,0,0,0,0,0,0,17.5,18.5,9.0,9.6,9.0,9.6,13.5,14.5,23.0,26.0,9.6,10.5,9.2,10.0,14.0,15.5,42.0,55.0,22.0,25.0,19.5,22.0,28.0,32,17.0,270.0,15.0,90.0,16.5,85,17.5,110,15.5,90.0,5.6,7.6,17.0,980,0,3,1,5,[87],[14 32 44 57 76]
SPAIN 4,45381,Barbastro,Barakaldo,3.7,1000.0,1.65,3.2,2.02,32.0,0,0,0.0,0,0,0,0,0,1.12,4.6,1.27,9.4,0,0,0,0,0,0,0,0,1.01,1000.0,1.01,1000.0,0,0,0,0,0,0,0,0,0,0,0,0,0,0,0,0,0,0,1.01,1000.0,1.01,1000.0,1.01,1000.0,1.01,1000.0,1.01,1000.0,1.01,1000.0,1.01,1000.0,1.01,1000.0,1.01,1000.0,1.01,1000.0,1.01,1000.0,1.01,1000,1.01,1000.0,1.01,1000.0,1.01,1000,1.01,1000,1.55,1000.0,1.55,1000.0,15.0,1000,0,1,0,2,[],[14 72]
SPAIN 4,45381,Brea,Naxara,2.14,6.0,2.0,20.0,2.32,9.2,0,0,0.0,0,0,0,0,0,1.12,4.6,1.27,9.4,0,0,0,0,0,0,0,0,1.01,1000.0,1.01,1000.0,0,0,0,0,0,0,0,0,0,0,0,0,0,0,0,0,0,0,1.49,1000.0,2.88,1000.0,2.36,1000.0,5.0,1000.0,2.7,1000.0,3.5,1000.0,3.3,1000.0,5.7,1000.0,3.8,1000.0,3.3,1000.0,9.2,1000.0,14.0,1000,3.5,1000.0,4.7,1000.0,6.6,1000,23.0,1000,1.55,1000.0,1.55,1000.0,15.0,1000,1,0,1,0,[30],[]
DENMARK 2,45381,Aalborg,Sonderjyske,2.34,2.46,3.05,3.3,3.6,3.9,0,0,0.0,0,0,0,0,0,1.79,1.85,2.16,2.28,0,0,0,0,0,0,0,0,1.66,1.76,2.32,2.52,0,0,0,0,0,0,0,0,0,0,0,0,0,0,0,0,0,0,12.0,21.0,11.0,18.0,16.5,28.0,4.1,65.0,9.0,15.0,7.6,10.5,12.0,17.0,4.2,40.0,12.0,20.0,10.0,14.0,14.5,20.0,4.4,50,4.3,40.0,17.0,29.0,4.3,42,4.2,200,3.5,19.5,3.8,32.0,4.3,730,0,0,1,0,[71],[]
AUSTRALIA 1,45381,Sydney FC,Central Coast Mariners,2.22,2.28,3.25,3.35,4.0,4.1,0,0,0.0,0,0,0,0,0,1.66,1.71,2.4,2.5,0,0,0,0,0,0,0,0,1.59,1.63,2.58,2.7,0,0,0,0,0,0,0,0,0,0,0,0,0,0,0,0,0,0,18.5,21.0,16.0,17.5,23.0,26.0,48.0,55.0,12.5,14.0,8.4,9.2,13.0,14.0,28.0,32.0,15.0,17.0,10.0,11.0,14.0,15.0,32.0,36,27.0,29.0,18.5,21.0,26.0,28,46.0,65,11.0,12.5,20.0,22.0,18.5,980,0,0,2,0,[74 77],[]
SPAIN 4,45381,Ath Bilbao B,Calahorra,1.07,1000.0,1.84,990.0,2.06,950.0,0,0,0.0,0,0,0,0,0,1.08,4.6,1.27,990.0,0,0,0,0,0,0,0,0,1.01,1000.0,1.01,1000.0,0,0,0,0,0,0,0,0,0,0,0,0,0,0,0,0,0,0,1.03,1000.0,1.03,1000.0,1.03,1000.0,1.03,1000.0,1.03,1000.0,1.03,1000.0,1.03,1000.0,1.03,1000.0,1.03,1000.0,1.03,1000.0,1.03,1000.0,1.03,1000,1.03,1000.0,1.03,1000.0,1.03,1000,1.03,1000,1.55,1000.0,1.55,1000.0,1.03,1000,1,1,2,1,[17 90],[25]
AUSTRIA 1,45381,A. Lustenau,Tirol,3.35,3.6,2.3,2.4,3.35,3.55,0,0,0.0,0,0,0,0,0,2.12,2.3,1.76,1.88,0,0,0,0,0,0,0,0,1.89,2.02,1.98,2.12,0,0,0,0,0,0,0,0,0,0,0,0,0,0,0,0,0,0,9.4,13.0,7.6,10.5,11.5,15.5,6.0,36.0,9.8,13.0,6.4,8.0,9.6,13.0,5.8,30.0,18.5,25.0,12.0,16.5,16.0,22.0,6.4,50,6.6,70.0,6.2,48.0,6.4,65,6.8,140,6.4,50.0,5.5,23.0,7.2,1000,0,1,1,2,[90],[42 60]
AUSTRIA 1,45381,Wolfsberger AC,Altach,2.58,2.72,3.05,3.25,3.2,3.4,0,0,0.0,0,0,0,0,0,2.26,2.46,1.69,1.8,0,0,0,0,0,0,0,0,1.87,2.18,1.84,2.16,0,0,0,0,0,0,0,0,0,0,0,0,0,0,0,0,0,0,8.4,11.5,8.6,11.5,16.0,22.0,5.9,60.0,7.6,10.5,6.2,8.2,11.5,15.5,5.8,46.0,13.0,17.5,10.0,14.0,16.5,23.0,6.0,65,5.7,44.0,6.4,36.0,5.9,60,6.2,150,5.6,36.0,5.8,48.0,6.6,1000,0,0,0,0,[],[]
AUSTRIA 2,45381,Dornbirn,Horn,3.0,3.1,2.36,2.48,3.6,3.9,0,0,0.0,0,0,0,0,0,1.79,2.0,2.0,2.28,0,0,0,0,0,0,0,0,1.64,1.88,2.14,2.56,0,0,0,0,0,0,0,0,0,0,0,0,0,0,0,0,0,0,13.0,17.5,9.6,13.0,13.0,980.0,6.0,980.0,11.0,15.5,7.0,9.4,9.4,13.0,19.5,980.0,18.0,980.0,11.0,15.0,14.0,19.0,5.7,980,5.9,980.0,5.6,980.0,5.8,980,6.2,980,5.4,980.0,4.9,19.0,6.4,1000,1,0,4,0,[ 8 51 75 82],[]
ITALY 1,45381,Lazio,Juventus,3.4,3.45,2.56,2.58,3.15,3.2,0,0,0.0,0,0,0,0,0,2.5,2.58,1.63,1.66,0,0,0,0,0,0,0,0,2.06,2.14,1.88,1.95,0,0,0,0,0,0,0,0,0,0,0,0,0,0,0,0,0,0,8.6,8.8,7.8,8.4,13.5,14.0,34.0,38.0,9.6,10.5,6.6,7.0,12.0,12.5,30.0,34.0,19.0,20.0,14.0,14.5,20.0,22.0,50.0,60,50.0,65.0,42.0,48.0,60.0,70,100.0,160,50.0,55.0,30.0,34.0,27.0,1000,0,0,1,0,[90],[]
ITALY 1,45381,Fiorentina,AC Milan,3.1,3.15,2.54,2.56,3.4,3.45,0,0,0.0,0,0,0,0,0,2.0,2.04,1.96,2.0,0,0,0,0,0,0,0,0,1.78,1.81,2.22,2.28,0,0,0,0,0,0,0,0,0,0,0,0,0,0,0,0,0,0,12.0,13.0,10.0,11.0,15.0,15.5,32.0,36.0,11.5,12.5,7.2,7.4,11.0,11.5,25.0,28.0,18.0,20.0,12.0,13.0,16.0,17.0,36.0,40,46.0,50.0,30.0,34.0,40.0,46,80.0,100,26.0,32.0,20.0,22.0,60.0,990,0,0,1,2,[50],[47 53]
ITALY 1,45381,Torino,Monza,1.9,1.91,5.2,5.3,3.55,3.6,0,0,0.0,0,0,0,0,0,2.42,2.5,1.67,1.7,0,0,0,0,0,0,0,0,2.18,2.28,1.79,1.84,0,0,0,0,0,0,0,0,0,0,0,0,0,0,0,0,0,0,9.4,10.0,13.5,14.5,32.0,38.0,42.0,140.0,6.6,7.0,7.4,7.8,19.5,21.0,50.0,90.0,9.0,9.6,10.0,10.5,22.0,25.0,42.0,100,18.5,21.0,21.0,23.0,46.0,55,46.0,190,17.0,18.5,42.0,130.0,24.0,1000,0,0,1,0,[69],[]
ROMANIA 1,45381,FC Botosani,Poli Iasi,2.54,2.82,3.1,3.45,2.98,3.25,0,0,0.0,0,0,0,0,0,2.34,2.84,1.54,1.74,0,0,0,0,0,0,0,0,1.95,2.3,1.77,2.06,0,0,0,0,0,0,0,0,0,0,0,0,0,0,0,0,0,0,7.4,9.8,8.2,11.0,16.5,980.0,6.4,980.0,7.2,9.6,6.0,7.4,12.0,16.5,6.2,980.0,12.5,17.5,10.5,14.5,6.2,980.0,6.4,980,6.0,980.0,6.8,980.0,6.4,980,6.8,980,6.0,980.0,6.2,980.0,7.0,1000,0,1,2,1,[68 75],[26]
ITALY 1,45381,Napoli,Atalanta,2.18,2.22,3.6,3.65,3.65,3.75,0,0,0.0,0,0,0,0,0,1.86,1.88,2.12,2.18,0,0,0,0,0,0,0,0,1.75,1.77,2.28,2.34,0,0,0,0,0,0,0,0,0,0,0,0,0,0,0,0,0,0,14.5,16.0,14.5,15.0,24.0,25.0,55.0,65.0,10.5,11.0,7.8,8.2,14.0,15.0,36.0,40.0,13.0,14.0,10.0,11.0,15.5,16.5,42.0,46,25.0,27.0,20.0,21.0,30.0,32,70.0,80,13.5,14.5,32.0,34.0,100.0,980,0,2,0,3,[],[26 45 88]
ITALY 1,45381,Genoa,Frosinone,2.0,2.02,4.4,4.5,3.6,3.65,0,0,0.0,0,0,0,0,0,2.08,2.12,1.89,1.93,0,0,0,0,0,0,0,0,1.9,1.97,2.04,2.1,0,0,0,0,0,0,0,0,0,0,0,0,0,0,0,0,0,0,12.0,13.5,14.0,15.0,28.0,32.0,65.0,95.0,8.0,8.8,7.6,8.0,16.0,17.0,50.0,60.0,10.5,11.5,9.8,10.5,18.5,20.0,55.0,65,21.0,23.0,19.5,22.0,34.0,40,42.0,120,14.0,15.0,46.0,65.0,20.0,1000,1,1,1,1,[30],[36]
AUSTRALIA 1,45381,Melbourne City,Newcastle Jets,1.58,1.59,5.7,5.8,5.1,5.2,0,0,0.0,0,0,0,0,0,1.46,1.52,2.96,3.2,0,0,0,0,0,0,0,0,1.56,1.65,2.54,2.76,0,0,0,0,0,0,0,0,0,0,0,0,0,0,0,0,0,0,26.0,32.0,28.0,32.0,48.0,55.0,21.0,130.0,13.0,14.5,11.0,12.0,21.0,22.0,50.0,60.0,11.5,13.0,9.6,10.0,16.0,17.5,44.0,50,15.5,16.5,13.0,14.0,21.0,23,55.0,65,5.1,5.4,32.0,40.0,23.0,980,0,0,0,0,[],[]
AUSTRIA 2,45381,Lafnitz,Bregenz,2.06,2.2,3.5,3.85,3.7,4.1,0,0,0.0,0,0,0,0,0,1.74,1.92,2.08,2.36,0,0,0,0,0,0,0,0,1.69,1.79,2.26,2.46,0,0,0,0,0,0,0,0,0,0,0,0,0,0,0,0,0,0,12.5,21.0,3.8,19.5,3.95,34.0,4.3,80.0,3.4,14.0,3.2,11.0,3.6,18.5,4.3,48.0,10.5,17.5,3.4,13.5,3.75,21.0,4.1,60,4.1,32.0,3.9,26.0,4.1,40,4.3,200,3.4,55.0,4.0,42.0,4.4,1000,2,0,3,0,[20 44 78],[]
SPAIN 4,45382,Villanovense,Mensajero,1.71,2.14,4.4,7.0,2.58,330.0,0,0,0.0,0,0,0,0,0,2.28,4.6,1.27,1.78,0,0,0,0,0,0,0,0,2.02,2.76,1.57,1.99,0,0,0,0,0,0,0,0,0,0,0,0,0,0,0,0,0,0,1.03,10.5,1.03,17.0,1.03,1000.0,1.03,1000.0,1.03,7.8,1.03,9.6,1.03,1000.0,1.03,1000.0,1.03,12.0,1.03,14.0,1.03,1000.0,1.03,1000,1.03,1000.0,1.03,1000.0,1.03,1000,1.03,1000,1.01,26.0,1.01,1000.0,1.03,1000,1,0,3,1,[36 63 80],[68]
SOUTH KOREA 2,45382,Jeonnam,Cheonan City,1.8,2.08,3.8,5.3,3.55,4.8,0,0,0.0,0,0,0,0,0,1.88,2.2,1.83,2.14,0,0,0,0,0,0,0,0,1.79,2.08,1.93,2.28,0,0,0,0,0,0,0,0,0,0,0,0,0,0,0,0,0,0,1.03,17.0,1.03,19.5,1.03,42.0,1.03,1000.0,1.03,11.0,1.03,10.5,1.03,23.0,1.03,75.0,1.03,14.0,1.03,13.0,1.03,25.0,1.03,85,1.03,26.0,1.03,25.0,1.03,46,1.03,1000,1.01,16.5,1.01,80.0,1.03,1000,0,0,1,0,[90],[]
SWEDEN 1,45382,GAIS,Brommapojkarna,2.3,2.4,3.15,3.35,3.6,3.95,0,0,0.0,0,0,0,0,0,1.86,1.91,2.1,2.16,0,0,0,0,0,0,0,0,1.69,1.79,2.26,2.44,0,0,0,0,0,0,0,0,0,0,0,0,0,0,0,0,0,0,13.0,16.5,11.5,14.5,19.0,26.0,8.0,60.0,9.6,12.0,7.0,8.6,11.5,14.5,7.6,38.0,12.5,17.0,9.2,11.5,14.0,19.0,7.8,48,7.4,34.0,19.0,26.0,7.6,38,8.4,95,6.0,17.5,7.2,32.0,9.2,720,0,2,0,4,[],[11 45 69 83]
DENMARK 1,45382,Viborg,Hvidovre IF,1.55,1.7,5.8,7.0,3.9,4.7,0,0,0.0,0,0,0,0,0,1.18,4.6,1.27,26.0,0,0,0,0,0,0,0,0,1.6,110.0,1.01,2.64,0,0,0,0,0,0,0,0,0,0,0,0,0,0,0,0,0,0,1.03,24.0,1.03,28.0,1.03,1000.0,1.03,1000.0,1.03,12.5,1.03,12.0,1.03,1000.0,1.03,1000.0,1.03,13.0,1.03,12.0,1.03,24.0,1.03,1000,1.03,20.0,1.03,19.0,1.03,36,1.03,1000,1.01,9.4,1.01,1000.0,1.03,1000,1,0,3,1,[24 60 64],[79]
SWEDEN 1,45382,Hacken,Mjallby,1.66,1.69,5.4,6.0,4.4,4.7,0,0,0.0,0,0,0,0,0,1.71,1.82,2.22,2.42,0,0,0,0,0,0,0,0,1.78,1.9,2.12,2.3,0,0,0,0,0,0,0,0,0,0,0,0,0,0,0,0,0,0,14.0,19.5,19.5,23.0,5.6,60.0,6.0,170.0,9.0,10.5,9.0,10.5,19.0,27.0,5.8,85.0,8.0,13.0,8.8,10.5,15.0,21.0,5.8,85,12.0,20.0,11.5,20.0,22.0,38,5.9,120,3.75,9.6,5.8,85.0,6.2,960,0,0,0,1,[],[63]
SPAIN 4,45382,Aguilas FC,FC Cartagena SAD B,1.38,1.48,10.5,18.5,3.8,5.6,0,0,0.0,0,0,0,0,0,2.18,2.74,1.58,1.84,0,0,0,0,0,0,0,0,1.12,3.6,1.45,1.66,0,0,0,0,0,0,0,0,0,0,0,0,0,0,0,0,0,0,3.2,980.0,3.9,980.0,4.3,1000.0,4.4,1000.0,2.6,6.4,3.3,980.0,4.1,980.0,4.3,1000.0,2.84,8.0,3.35,980.0,4.1,980.0,4.3,1000,3.35,14.0,3.75,26.0,4.2,1000,4.4,1000,3.3,13.5,4.4,1000.0,4.4,1000,1,0,1,1,[17],[67]
UKRAINE 1,45382,Kolos Kovalivka,Dnipro-1,3.3,4.8,2.24,2.58,2.96,3.6,0,0,0.0,0,0,0,0,0,2.52,4.6,1.45,1.66,0,0,0,0,0,0,0,0,1.12,110.0,1.12,110.0,0,0,0,0,0,0,0,0,0,0,0,0,0,0,0,0,0,0,1.1,980.0,1.1,980.0,1.1,16.0,1.1,42.0,1.1,980.0,1.1,980.0,1.1,980.0,1.1,44.0,1.1,32.0,1.1,980.0,1.1,980.0,1.1,1000,1.1,1000.0,1.1,1000.0,1.1,1000,1.1,1000,1.1,1000.0,1.1,46.0,1.1,1000,0,1,0,2,[],[ 2 63]
DENMARK 1,45382,Randers FC,Lyngby,1.98,2.06,4.1,4.9,3.45,3.75,0,0,0.0,0,0,0,0,0,2.08,2.26,1.8,1.92,0,0,0,0,0,0,0,0,1.01,1000.0,1.01,1000.0,0,0,0,0,0,0,0,0,0,0,0,0,0,0,0,0,0,0,1.03,13.0,1.03,16.0,1.03,36.0,1.03,1000.0,1.03,9.2,1.03,8.8,1.03,1000.0,1.03,1000.0,1.03,12.5,1.03,11.5,1.03,1000.0,1.03,1000,1.03,1000.0,1.03,1000.0,1.03,1000,1.03,1000,1.01,1000.0,1.01,1000.0,1.03,1000,3,1,6,2,[ 9 18 31 49 52 57],[45 90]
SWEDEN 1,45382,Hammarby,Kalmar,1.92,1.97,4.3,4.4,3.85,3.95,0,0,0.0,0,0,0,0,0,1.84,1.9,2.1,2.2,0,0,0,0,0,0,0,0,1.75,1.82,2.22,2.34,0,0,0,0,0,0,0,0,0,0,0,0,0,0,0,0,0,0,14.5,16.0,16.0,18.0,28.0,32.0,14.5,95.0,9.4,10.5,8.0,8.6,15.5,17.5,42.0,48.0,11.0,12.5,9.6,10.5,16.5,18.5,28.0,55,20.0,22.0,17.5,19.0,29.0,32,14.5,90,10.0,12.0,12.5,46.0,17.0,890,2,1,3,1,[14 17 82],[25]
DENMARK 2,45382,Helsingor,Naestved,1.33,1000.0,1.33,870.0,1.2,950.0,0,0,0.0,0,0,0,0,0,1.76,1.88,2.12,2.32,0,0,0,0,0,0,0,0,1.12,1000.0,1.12,1000.0,0,0,0,0,0,0,0,0,0,0,0,0,0,0,0,0,0,0,1.11,980.0,1.18,980.0,1.11,1000.0,1.1,1000.0,1.18,980.0,1.18,980.0,1.18,980.0,1.1,1000.0,1.11,1000.0,1.18,980.0,1.11,980.0,1.1,1000,1.1,1000.0,1.11,1000.0,1.1,1000,1.1,1000,1.11,18.0,1.1,25.0,1.1,1000,1,1,1,3,[32],[45 63 90]
SPAIN 4,45382,Linense,Velez,1.01,1.53,2.9,870.0,2.9,330.0,0,0,0.0,0,0,0,0,0,1.03,4.6,1.27,1000.0,0,0,0,0,0,0,0,0,1.12,20.0,1.12,20.0,0,0,0,0,0,0,0,0,0,0,0,0,0,0,0,0,0,0,1.03,1000.0,1.03,1000.0,1.03,1000.0,1.03,1000.0,1.03,1000.0,1.03,1000.0,1.03,1000.0,1.03,1000.0,1.03,1000.0,1.03,1000.0,1.03,1000.0,1.03,1000,1.03,1000.0,1.03,1000.0,1.03,1000,1.03,1000,1.01,1000.0,1.01,1000.0,1.03,1000,0,1,3,1,[67 85 90],[44]
SPAIN 4,45382,Lleida,Sant Andreu,1.92,2.12,4.5,6.2,3.1,3.85,0,0,0.0,0,0,0,0,0,1.57,4.6,1.27,2.76,0,0,0,0,0,0,0,0,1.12,990.0,1.12,110.0,0,0,0,0,0,0,0,0,0,0,0,0,0,0,0,0,0,0,7.2,9.6,1.01,1000.0,1.01,1000.0,1.01,1000.0,5.5,7.4,6.4,8.6,1.01,1000.0,1.01,1000.0,8.2,1000.0,9.2,12.5,1.01,1000.0,1.01,1000,1.01,1000.0,1.01,1000.0,1.01,1000,1.01,1000,1.01,1000.0,1.01,1000.0,1.01,1000,0,0,0,1,[],[66]
SWEDEN 2,45382,Trelleborg,Oddevold,2.18,980.0,1.32,1000.0,1.2,4.2,0,0,0.0,0,0,0,0,0,1.04,4.6,1.27,980.0,0,0,0,0,0,0,0,0,1.01,110.0,1.01,110.0,0,0,0,0,0,0,0,0,0,0,0,0,0,0,0,0,0,0,10.5,17.0,10.0,16.5,17.0,29.0,1.03,70.0,8.0,13.0,6.2,10.0,10.5,17.5,1.03,46.0,11.0,18.5,1.03,13.5,13.0,22.0,1.03,1000,22.0,38.0,17.5,30.0,1.03,46,1.03,120,1.01,22.0,1.01,42.0,1.03,1000,1,0,1,2,[32],[50 68]
SWEDEN 2,45382,Landskrona,Sandviken,2.2,2.32,3.2,3.5,3.7,4.0,0,0,0.0,0,0,0,0,0,1.69,1.87,2.14,2.44,0,0,0,0,0,0,0,0,1.61,1.83,2.2,2.64,0,0,0,0,0,0,0,0,0,0,0,0,0,0,0,0,0,0,14.0,19.0,12.5,17.0,20.0,27.0,1.03,65.0,9.8,13.5,7.2,9.8,11.5,16.0,1.03,38.0,12.5,17.0,9.2,12.5,13.5,18.5,1.03,46,1.03,32.0,17.5,24.0,1.03,36,1.03,85,1.01,15.5,1.01,32.0,1.03,650,2,0,4,0,[14 31 57 62],[]
SPAIN 4,45382,Valencia B,Formentera,1.7,2.0,4.7,7.6,3.2,4.3,0,0,0.0,0,0,0,0,0,1.85,4.5,1.28,2.18,0,0,0,0,0,0,0,0,1.8,3.8,1.63,2.26,0,0,0,0,0,0,0,0,0,0,0,0,0,0,0,0,0,0,1.1,980.0,1.1,980.0,1.1,1000.0,1.1,1000.0,2.76,980.0,1.16,980.0,1.1,980.0,1.1,1000.0,1.1,11.5,1.1,980.0,1.1,980.0,1.1,1000,1.1,25.0,1.1,1000.0,1.1,1000,1.1,1000,1.1,23.0,1.1,1000.0,1.1,1000,3,1,4,2,[31 41 42 47],[45 82]
SPAIN 4,45382,Manresa,Cerdanyola,2.26,2.68,3.65,5.2,2.6,3.6,0,0,0.0,0,0,0,0,0,2.36,4.6,1.47,1.73,0,0,0,0,0,0,0,0,1.73,3.6,1.67,2.38,0,0,0,0,0,0,0,0,0,0,0,0,0,0,0,0,0,0,1.03,9.8,1.03,13.5,1.03,1000.0,1.03,1000.0,1.03,8.6,1.03,8.8,1.03,23.0,1.03,1000.0,1.03,15.0,1.03,15.0,1.03,1000.0,1.03,1000,1.03,1000.0,1.03,1000.0,1.03,1000,1.03,1000,1.01,1000.0,1.01,1000.0,1.03,1000,1,0,1,0,[4],[]
SPAIN 4,45382,Llerenense,Ursaria,2.18,3.05,2.96,4.4,2.82,330.0,0,0,0.0,0,0,0,0,0,1.81,4.6,1.27,1.73,0,0,0,0,0,0,0,0,1.94,9.4,1.61,2.06,0,0,0,0,0,0,0,0,0,0,0,0,0,0,0,0,0,0,1.13,980.0,1.1,980.0,1.1,1000.0,1.1,1000.0,1.13,980.0,1.26,980.0,1.1,980.0,1.1,1000.0,1.1,17.5,1.1,980.0,1.1,980.0,1.1,1000,1.1,1000.0,1.1,1000.0,1.1,1000,1.1,1000,1.1,1000.0,1.1,1000.0,1.1,1000,0,1,0,2,[],[12 75]
SPAIN 4,45382,CD Badajoz,Getafe B,2.24,2.72,3.4,4.4,2.78,330.0,0,0,0.0,0,0,0,0,0,1.64,4.6,1.27,1.59,0,0,0,0,0,0,0,0,1.12,20.0,1.63,9.4,0,0,0,0,0,0,0,0,0,0,0,0,0,0,0,0,0,0,1.1,980.0,1.1,980.0,1.1,1000.0,1.1,1000.0,1.1,980.0,1.1,980.0,1.1,980.0,1.1,1000.0,1.1,1000.0,1.1,980.0,1.1,980.0,1.1,1000,1.1,1000.0,1.1,1000.0,1.1,1000,1.1,1000,1.1,1000.0,1.1,1000.0,1.1,1000,0,0,1,1,[90],[84]
SPAIN 4,45382,Navalcarnero,San Sebastian Reyes,3.3,5.0,1.98,2.54,2.84,5.2,0,0,0.0,0,0,0,0,0,1.48,4.2,1.31,3.05,0,0,0,0,0,0,0,0,1.87,2.5,1.66,2.14,0,0,0,0,0,0,0,0,0,0,0,0,0,0,0,0,0,0,1.03,11.5,1.03,1000.0,1.03,15.5,1.03,1000.0,1.03,14.0,1.03,1000.0,1.03,1000.0,1.03,1000.0,1.03,1000.0,1.03,1000.0,1.03,1000.0,1.03,1000,1.03,1000.0,1.03,1000.0,1.03,1000,1.03,1000,1.01,1000.0,1.01,1000.0,1.03,1000,0,0,1,1,[90],[83]
SPAIN 3,45382,Ponferradina,Gimnastic,2.3,2.78,3.15,4.2,2.74,3.45,0,0,0.0,0,0,0,0,0,2.96,3.75,1.37,1.51,0,0,0,0,0,0,0,0,2.26,2.76,1.57,1.79,0,0,0,0,0,0,0,0,0,0,0,0,0,0,0,0,0,0,1.03,8.0,1.03,11.5,1.03,1000.0,1.03,1000.0,1.03,1000.0,1.03,1000.0,1.03,23.0,1.03,1000.0,1.03,16.5,1.03,17.0,1.03,36.0,1.03,1000,1.03,1000.0,1.03,55.0,1.03,1000,1.03,1000,1.01,1000.0,1.01,1000.0,1.03,1000,0,0,0,1,[],[48]
SPAIN 4,45382,Montijo,CF Talavera,5.4,8.6,1.63,1.9,3.2,4.1,0,0,0.0,0,0,0,0,0,2.42,2.94,1.51,1.7,0,0,0,0,0,0,0,0,2.26,2.74,1.58,1.79,0,0,0,0,0,0,0,0,0,0,0,0,0,0,0,0,0,0,6.6,980.0,4.6,980.0,6.4,10.5,3.6,22.0,3.5,980.0,6.4,980.0,3.25,980.0,3.75,30.0,4.0,65.0,3.85,980.0,3.9,980.0,4.1,80,4.2,1000.0,4.2,1000.0,4.2,1000,4.2,1000,4.2,1000.0,3.55,21.0,4.3,1000,0,1,1,1,[73],[30]
SPAIN 4,45382,Espanyol B,Torrent,2.22,3.0,3.1,5.2,2.56,4.5,0,0,0.0,0,0,0,0,0,2.36,4.2,1.31,1.74,0,0,0,0,0,0,0,0,1.73,110.0,1.39,2.38,0,0,0,0,0,0,0,0,0,0,0,0,0,0,0,0,0,0,1.03,1000.0,1.03,1000.0,1.03,1000.0,1.03,1000.0,1.03,1000.0,1.03,1000.0,1.03,1000.0,1.03,1000.0,1.03,1000.0,1.03,1000.0,1.03,1000.0,1.03,1000,1.03,1000.0,1.03,1000.0,1.03,1000,1.03,1000,1.01,1000.0,1.01,1000.0,1.03,1000,0,0,1,0,[81],[]
SPAIN 4,45382,Saguntino,CE Europa,2.84,3.8,2.56,3.5,2.52,3.9,0,0,0.0,0,0,0,0,0,1.59,4.6,1.47,1.65,0,0,0,0,0,0,0,0,1.12,9.4,1.7,9.4,0,0,0,0,0,0,0,0,0,0,0,0,0,0,0,0,0,0,1.03,9.8,1.03,10.5,1.03,21.0,1.03,1000.0,1.03,11.0,1.03,8.6,1.03,17.0,1.03,1000.0,1.03,23.0,1.03,1000.0,1.03,1000.0,1.03,1000,1.03,1000.0,1.03,1000.0,1.03,1000,1.03,1000,1.01,1000.0,1.01,1000.0,1.03,1000,1,0,2,1,[ 9 71],[48]
SPAIN 4,45382,Terrassa,La Nucia,1.26,1.46,10.0,18.0,4.5,9.2,0,0,0.0,0,0,0,0,0,1.86,2.1,1.9,2.16,0,0,0,0,0,0,0,0,2.34,2.74,1.58,1.74,0,0,0,0,0,0,0,0,0,0,0,0,0,0,0,0,0,0,1.1,980.0,1.1,980.0,1.1,1000.0,1.1,1000.0,5.3,980.0,1.1,980.0,1.1,980.0,1.1,1000.0,5.3,8.4,1.1,980.0,1.1,980.0,1.1,1000,1.1,12.5,1.1,21.0,1.1,65,1.1,1000,1.1,8.0,1.1,1000.0,1.1,1000,1,0,3,1,[17 60 78],[89]
SPAIN 4,45382,Betis B,La Union,1.5,1.74,2.36,870.0,3.35,330.0,0,0,0.0,0,0,0,0,0,2.2,2.66,1.6,1.83,0,0,0,0,0,0,0,0,1.88,1000.0,1.32,2.14,0,0,0,0,0,0,0,0,0,0,0,0,0,0,0,0,0,0,1.03,1000.0,1.03,1000.0,1.03,1000.0,1.03,1000.0,1.03,1000.0,1.03,1000.0,1.03,1000.0,1.03,1000.0,1.03,1000.0,1.03,1000.0,1.03,1000.0,1.03,1000,1.03,1000.0,1.03,1000.0,1.03,1000,1.03,1000,1.01,1000.0,1.01,1000.0,1.03,1000,0,2,1,2,[75],[15 21]
SPAIN 4,45382,Racing Cartagena MM,Sevilla FC B,1.01,480.0,1.01,870.0,1.21,950.0,0,0,0.0,0,0,0,0,0,1.11,4.6,1.27,10.5,0,0,0,0,0,0,0,0,1.01,1000.0,1.01,1000.0,0,0,0,0,0,0,0,0,0,0,0,0,0,0,0,0,0,0,1.03,1000.0,1.03,1000.0,1.03,1000.0,1.03,1000.0,1.03,1000.0,1.03,1000.0,1.03,1000.0,1.03,1000.0,1.03,1000.0,1.03,1000.0,1.03,1000.0,1.03,1000,1.03,1000.0,1.03,1000.0,1.03,1000,1.03,1000,1.01,1000.0,1.01,1000.0,1.03,1000,1,1,1,1,[23],[21]
SPAIN 4,45382,CD Estepona,El Palo,1.64,1.91,5.5,9.2,3.15,10.5,0,0,0.0,0,0,0,0,0,2.0,4.6,1.46,1.65,0,0,0,0,0,0,0,0,1.12,110.0,1.53,1.74,0,0,0,0,0,0,0,0,0,0,0,0,0,0,0,0,0,0,1.03,10.0,1.03,19.0,1.03,1000.0,1.03,1000.0,1.03,7.0,1.03,10.5,1.03,1000.0,1.03,1000.0,1.03,10.5,1.03,14.0,1.03,1000.0,1.03,1000,1.03,22.0,1.03,1000.0,1.03,1000,1.03,1000,1.01,1000.0,1.01,1000.0,1.03,1000,1,1,1,1,[10],[25]
SPAIN 4,45382,Cadiz CF B,UCAM Murcia,3.9,5.2,1.91,2.26,3.2,4.2,0,0,0.0,0,0,0,0,0,2.2,2.8,1.56,1.71,0,0,0,0,0,0,0,0,2.12,2.42,1.71,1.89,0,0,0,0,0,0,0,0,0,0,0,0,0,0,0,0,0,0,6.8,980.0,5.3,980.0,3.2,13.0,3.75,29.0,3.35,980.0,6.0,980.0,3.25,980.0,3.8,34.0,3.9,42.0,3.65,980.0,3.8,980.0,4.0,70,4.1,1000.0,4.1,1000.0,4.1,1000,4.2,1000,4.1,1000.0,3.7,27.0,4.3,1000,0,1,0,1,[],[22]
SPAIN 4,45382,Yeclano,Antoniano,1.44,1.59,1.02,1000.0,3.35,5.4,0,0,0.0,0,0,0,0,0,1.84,4.3,1.3,2.2,0,0,0,0,0,0,0,0,1.12,110.0,1.12,110.0,0,0,0,0,0,0,0,0,0,0,0,0,0,0,0,0,0,0,1.1,980.0,1.1,980.0,1.1,1000.0,1.1,1000.0,1.1,980.0,1.1,980.0,1.1,980.0,1.1,1000.0,1.1,1000.0,1.1,980.0,1.1,980.0,1.1,1000,1.1,1000.0,1.1,1000.0,1.1,1000,1.1,1000,1.1,1000.0,1.1,1000.0,1.1,1000,1,0,2,0,[29 83],[]
UKRAINE 1,45382,FK Zorya Luhansk,Metalist 1925,1.82,2.08,3.7,5.7,3.15,4.8,0,0,0.0,0,0,0,0,0,1.81,2.18,1.86,2.24,0,0,0,0,0,0,0,0,1.75,2.22,1.81,2.34,0,0,0,0,0,0,0,0,0,0,0,0,0,0,0,0,0,0,1.03,17.0,1.03,19.0,1.03,42.0,1.03,1000.0,1.03,11.0,1.03,10.5,1.03,22.0,1.03,1000.0,1.03,14.0,1.03,13.0,1.03,25.0,1.03,1000,1.03,26.0,1.03,25.0,1.03,48,1.03,1000,1.01,16.5,1.01,1000.0,1.03,1000,1,0,2,1,[41 76],[63]
COLOMBIA 1,45382,Ind. Medellin,America De Cali,2.64,2.68,3.15,3.4,3.05,3.25,0,0,0.0,0,0,0,0,0,2.32,2.46,1.69,1.75,0,0,0,0,0,0,0,0,1.84,2.14,1.89,2.18,0,0,0,0,0,0,0,0,0,0,0,0,0,0,0,0,0,0,9.0,10.5,9.6,11.0,18.0,21.0,12.0,980.0,8.2,9.4,6.4,7.2,12.5,15.0,28.0,980.0,13.5,16.0,10.0,12.5,17.0,21.0,40.0,980,30.0,40.0,26.0,980.0,40.0,55,13.5,140,23.0,980.0,11.5,46.0,9.2,1000,1,3,1,4,[8],[10 28 45 87]
FRANCE 1,45382,Strasbourg,Rennes,3.3,3.4,2.32,2.36,3.65,3.7,0,0,0.0,0,0,0,0,0,1.83,2.04,1.96,2.22,0,0,0,0,0,0,0,0,1.1,1.95,2.04,11.0,0,0,0,0,0,0,0,0,0,0,0,0,0,0,0,0,0,0,13.0,15.0,9.4,980.0,11.5,980.0,19.5,980.0,11.0,980.0,7.6,980.0,9.2,980.0,16.5,980.0,18.5,980.0,12.0,980.0,13.5,980.0,29.0,980,29.0,980.0,29.0,980.0,27.0,980,36.0,980,24.0,980.0,13.5,980.0,3.1,1000,0,0,2,0,[71 73],[]
FRANCE 1,45382,Clermont,Toulouse,3.3,3.35,2.4,2.44,3.5,3.55,0,0,0.0,0,0,0,0,0,2.04,2.12,1.9,1.97,0,0,0,0,0,0,0,0,1.72,2.02,1.98,2.4,0,0,0,0,0,0,0,0,0,0,0,0,0,0,0,0,0,0,11.5,13.0,9.4,10.5,13.5,15.0,27.0,32.0,11.5,13.0,7.2,7.6,10.5,11.5,23.0,26.0,20.0,22.0,13.0,14.0,16.5,18.0,36.0,42,40.0,60.0,34.0,38.0,34.0,50,38.0,100,30.0,38.0,17.5,21.0,18.5,1000,0,1,0,3,[],[ 8 73 79]
FRANCE 1,45382,Le Havre,Montpellier,2.72,2.76,2.9,2.94,3.4,3.45,0,0,0.0,0,0,0,0,0,2.1,2.18,1.85,1.91,0,0,0,0,0,0,0,0,1.85,1.91,2.1,2.18,0,0,0,0,0,0,0,0,0,0,0,0,0,0,0,0,0,0,8.0,12.0,10.0,11.0,17.0,18.5,40.0,44.0,10.0,10.5,7.0,7.6,11.5,13.0,14.0,34.0,15.5,17.0,11.5,12.0,17.0,18.5,16.0,48,36.0,40.0,28.0,32.0,40.0,46,19.5,110,22.0,27.0,24.0,30.0,24.0,1000,0,0,0,2,[],[72 80]
NETHERLANDS 1,45382,Almere City,FC Volendam,1.48,1.51,7.8,8.2,4.7,5.1,0,0,0.0,0,0,0,0,0,1.24,4.5,1.28,21.0,0,0,0,0,0,0,0,0,1.01,110.0,1.01,110.0,0,0,0,0,0,0,0,0,0,0,0,0,0,0,0,0,0,0,1.03,1000.0,1.03,1000.0,1.03,1000.0,1.03,1000.0,1.03,1000.0,1.03,1000.0,1.03,1000.0,1.03,1000.0,1.03,1000.0,1.03,1000.0,1.03,1000.0,1.03,1000,1.03,1000.0,1.03,1000.0,1.03,1000,1.03,1000,1.01,1000.0,1.01,1000.0,1.03,1000,0,0,1,1,[71],[90]
FRANCE 1,45382,Nice,Nantes,1.82,1.83,5.6,5.7,3.65,3.7,0,0,0.0,0,0,0,0,0,2.3,2.4,1.72,1.76,0,0,0,0,0,0,0,0,2.14,2.26,1.8,1.87,0,0,0,0,0,0,0,0,0,0,0,0,0,0,0,0,0,0,9.6,10.5,14.0,15.0,36.0,40.0,21.0,150.0,6.8,7.2,7.6,8.0,20.0,22.0,19.0,90.0,8.8,9.2,10.0,10.5,22.0,25.0,20.0,110,17.5,19.0,20.0,23.0,38.0,50,21.0,180,14.5,16.0,20.0,130.0,17.5,1000,0,1,1,2,[72],[19 76]
URUGUAY 1,45382,Progreso,Maldonado,2.06,2.14,3.55,3.85,3.65,3.95,0,0,0.0,0,0,0,0,0,1.84,2.14,1.88,2.18,0,0,0,0,0,0,0,0,1.72,1.99,2.0,2.38,0,0,0,0,0,0,0,0,0,0,0,0,0,0,0,0,0,0,12.0,16.5,12.5,980.0,23.0,28.0,7.6,120.0,8.4,11.0,7.4,9.0,13.5,16.0,7.2,85.0,11.5,14.0,9.8,12.0,15.5,19.5,7.6,60,23.0,28.0,19.0,24.0,7.0,40,7.8,110,12.0,17.5,7.4,46.0,7.8,1000,2,1,3,1,[14 36 88],[24]
URUGUAY 1,45382,Miramar,CA Cerro,2.46,2.6,3.25,3.5,3.1,3.35,0,0,0.0,0,0,0,0,0,2.36,2.48,1.67,1.74,0,0,0,0,0,0,0,0,1.87,2.16,1.87,2.16,0,0,0,0,0,0,0,0,0,0,0,0,0,0,0,0,0,0,8.6,11.0,8.8,11.5,16.5,980.0,7.2,980.0,7.4,9.8,6.6,7.8,11.5,15.5,7.0,980.0,13.0,16.5,10.0,13.5,16.5,980.0,7.4,980,6.8,980.0,7.4,980.0,7.2,980,7.8,980,6.6,980.0,7.2,980.0,8.2,1000,2,1,2,2,[ 6 41],[ 4 66]
URUGUAY 1,45382,Wanderers,Boston River,3.05,3.2,2.64,2.76,3.1,3.35,0,0,0.0,0,0,0,0,0,2.36,2.5,1.67,1.73,0,0,0,0,0,0,0,0,1.96,2.1,1.92,2.04,0,0,0,0,0,0,0,0,0,0,0,0,0,0,0,0,0,0,4.2,980.0,4.0,980.0,5.0,20.0,3.7,980.0,4.2,10.5,6.6,7.6,4.8,15.5,3.65,980.0,5.2,980.0,12.0,980.0,5.5,980.0,6.2,980,3.75,980.0,3.7,980.0,3.8,980,6.4,1000,3.7,980.0,3.65,980.0,4.0,1000,0,2,0,2,[],[16 45]
CZECH 1,45382,Hradec Kralove,Karvina,1.62,1.81,1.04,990.0,1.2,980.0,0,0,0.0,0,0,0,0,0,1.02,4.6,1.27,980.0,0,0,0,0,0,0,0,0,1.01,110.0,1.01,110.0,0,0,0,0,0,0,0,0,0,0,0,0,0,0,0,0,0,0,1.03,16.0,1.03,1000.0,1.03,1000.0,1.03,1000.0,1.03,9.4,1.03,10.0,1.03,1000.0,1.03,1000.0,1.03,11.0,1.03,11.0,1.03,1000.0,1.03,1000,1.03,1000.0,1.03,19.5,1.03,1000,1.03,1000,1.01,11.0,1.01,1000.0,1.03,1000,1,1,2,1,[25 65],[35]
FRANCE 1,45382,Lorient,Brest,4.3,4.4,2.08,2.1,3.45,3.5,0,0,0.0,0,0,0,0,0,1.35,3.95,1.35,3.9,0,0,0,0,0,0,0,0,2.04,2.1,1.91,1.97,0,0,0,0,0,0,0,0,0,0,0,0,0,0,0,0,0,0,9.6,980.0,7.2,8.0,9.8,980.0,20.0,980.0,10.5,980.0,7.2,980.0,10.0,11.0,19.0,980.0,23.0,980.0,15.5,980.0,18.5,980.0,34.0,980,3.4,980.0,30.0,980.0,3.35,980,3.4,980,3.4,980.0,15.0,20.0,3.5,1000,0,0,0,1,[],[86]
FRANCE 1,45382,Marseille,PSG,3.5,3.55,2.1,2.12,4.1,4.2,0,0,0.0,0,0,0,0,0,1.64,1.71,2.42,2.58,0,0,0,0,0,0,0,0,1.62,1.64,2.56,2.62,0,0,0,0,0,0,0,0,0,0,0,0,0,0,0,0,0,0,19.0,22.0,12.5,14.0,14.5,16.0,24.0,27.0,17.0,19.0,8.6,9.4,10.0,11.0,17.5,19.5,25.0,28.0,14.0,15.0,14.0,15.5,25.0,28,30.0,60.0,32.0,34.0,34.0,38,55.0,65,22.0,24.0,10.0,11.0,48.0,1000,0,0,0,2,[],[53 85]
COLOMBIA 1,45382,Santa Fe,Patriotas,1.63,1.66,7.4,7.8,3.8,3.9,0,0,0.0,0,0,0,0,0,2.48,2.58,1.63,1.67,0,0,0,0,0,0,0,0,2.4,2.6,1.62,1.72,0,0,0,0,0,0,0,0,0,0,0,0,0,0,0,0,0,0,8.6,980.0,14.5,22.0,7.8,980.0,7.8,980.0,5.5,6.2,7.8,980.0,6.6,980.0,7.6,980.0,6.8,8.6,9.0,13.0,7.0,980.0,7.6,980,12.0,18.5,6.4,26.0,7.2,980,7.8,980,5.3,16.0,7.2,980.0,8.0,1000,2,0,3,0,[45 45 81],[]
BOLIVIA 1,45382,Always Ready,Independiente,1.43,1.48,7.6,9.0,4.8,5.4,0,0,0.0,0,0,0,0,0,1.69,1.77,2.28,2.46,0,0,0,0,0,0,0,0,1.85,2.1,1.92,2.18,0,0,0,0,0,0,0,0,0,0,0,0,0,0,0,0,0,0,17.0,21.0,25.0,980.0,10.5,95.0,8.0,1000.0,8.2,9.8,10.0,12.0,26.0,32.0,10.5,130.0,7.8,9.2,8.8,10.0,21.0,26.0,10.5,110,11.0,13.0,13.0,15.5,28.0,34,7.8,140,4.3,6.6,8.4,140.0,8.4,1000,0,1,0,1,[],[25]
BOLIVIA 1,45382,Bolivar,Oriente Petrolero,1.22,1.25,14.0,20.0,7.0,8.2,0,0,0.0,0,0,0,0,0,1.53,1.6,2.66,2.94,0,0,0,0,0,0,0,0,2.12,2.36,1.73,1.9,0,0,0,0,0,0,0,0,0,0,0,0,0,0,0,0,0,0,22.0,29.0,11.5,980.0,12.5,980.0,11.5,1000.0,8.6,10.0,14.5,17.0,11.0,65.0,11.0,1000.0,7.0,8.0,9.6,11.5,32.0,40.0,12.5,1000,8.0,9.4,12.0,14.0,32.0,42,12.0,980,3.2,4.2,11.5,410.0,12.0,1000,1,2,4,2,[45 65 87 90],[13 24]
BOLIVIA 1,45382,Aurora,Blooming,1.52,1.57,6.6,8.0,4.4,5.2,0,0,0.0,0,0,0,0,0,1.8,1.89,2.12,2.26,0,0,0,0,0,0,0,0,1.89,2.14,1.89,2.14,0,0,0,0,0,0,0,0,0,0,0,0,0,0,0,0,0,0,13.0,22.0,20.0,30.0,5.1,980.0,5.3,980.0,6.8,10.5,8.6,13.0,20.0,980.0,5.2,980.0,7.0,10.0,7.6,12.5,4.6,29.0,5.2,980,11.0,14.5,11.0,19.0,4.9,980,5.3,980,3.25,8.0,5.2,980.0,5.4,1000,1,2,4,2,[22 55 74 90],[ 4 16]
NETHERLANDS 1,45382,Zwolle,Ajax,5.2,5.5,1.7,1.72,4.3,4.5,0,0,0.0,0,0,0,0,0,1.5,1.63,2.58,2.98,0,0,0,0,0,0,0,0,1.61,1.67,2.5,2.64,0,0,0,0,0,0,0,0,0,0,0,0,0,0,0,0,0,0,18.5,980.0,9.8,980.0,9.8,1000.0,13.5,1000.0,19.5,980.0,8.2,980.0,7.6,980.0,11.0,1000.0,1.1,1000.0,15.0,980.0,12.5,980.0,18.0,1000,1.1,1000.0,1.1,1000.0,1.1,1000,1.1,1000,1.1,1000.0,1.1,1000.0,1.1,1000,0,2,1,3,[72],[12 24 84]
NETHERLANDS 1,45382,Twente,Heracles,1.24,1.26,13.0,1000.0,7.2,7.6,0,0,0.0,0,0,0,0,0,1.13,4.6,1.27,55.0,0,0,0,0,0,0,0,0,1.12,110.0,1.12,9.4,0,0,0,0,0,0,0,0,0,0,0,0,0,0,0,0,0,0,1.03,1000.0,1.03,1000.0,1.03,1000.0,1.03,1000.0,1.03,1000.0,1.03,1000.0,1.03,1000.0,1.03,1000.0,1.03,1000.0,1.03,1000.0,1.03,1000.0,1.03,1000,1.03,1000.0,1.03,1000.0,1.03,1000,1.03,1000,1.14,1000.0,1.14,1000.0,1.03,1000,0,0,1,0,[54],[]
NETHERLANDS 1,45382,Feyenoord,Utrecht,1.33,1.35,10.5,12.0,6.0,6.4,0,0,0.0,0,0,0,0,0,1.61,4.6,1.28,2.62,0,0,0,0,0,0,0,0,1.12,110.0,1.12,110.0,0,0,0,0,0,0,0,0,0,0,0,0,0,0,0,0,0,0,4.2,980.0,25.0,50.0,1.96,470.0,3.85,1000.0,2.86,12.0,11.5,21.0,1.95,260.0,1.97,1000.0,4.1,8.4,9.6,28.0,1.95,300.0,1.97,1000,1.71,13.5,12.5,60.0,26.0,590,1.97,1000,4.0,24.0,1.97,1000.0,1.97,1000,1,2,4,2,[36 65 71 85],[ 2 32]
SOUTH KOREA 1,45382,Gwangju FC,Daegu,2.28,2.46,3.45,3.95,3.25,3.45,0,0,0.0,0,0,0,0,0,2.34,2.68,1.59,1.74,0,0,0,0,0,0,0,0,1.92,2.2,1.83,2.1,0,0,0,0,0,0,0,0,0,0,0,0,0,0,0,0,0,0,7.8,10.5,8.8,12.0,19.0,26.0,1.03,80.0,6.6,8.8,6.2,8.2,13.0,17.5,1.03,60.0,11.0,15.0,9.8,13.0,18.5,25.0,1.03,85,1.03,36.0,1.03,34.0,1.03,65,1.03,190,1.01,32.0,1.01,70.0,1.03,1000,1,1,1,2,[25],[45 77]
ROMANIA 1,45382,Farul Constanta,FCSB,4.0,4.4,2.08,2.22,3.1,3.65,0,0,0.0,0,0,0,0,0,2.02,2.3,1.77,1.97,0,0,0,0,0,0,0,0,1.88,2.06,1.96,2.14,0,0,0,0,0,0,0,0,0,0,0,0,0,0,0,0,0,0,10.0,13.0,4.3,980.0,5.2,980.0,6.4,980.0,5.2,980.0,4.1,980.0,4.8,980.0,6.2,980.0,6.4,980.0,5.6,980.0,5.9,980.0,6.8,980,7.2,980.0,7.0,980.0,7.2,980,7.6,980,6.8,980.0,5.8,980.0,7.0,1000,0,0,0,1,[],[82]
COLOMBIA 1,45382,Pereira,Bucaramanga,1.82,1.84,5.8,6.0,3.45,3.5,0,0,0.0,0,0,0,0,0,2.58,2.68,1.6,1.63,0,0,0,0,0,0,0,0,2.16,2.52,1.65,1.87,0,0,0,0,0,0,0,0,0,0,0,0,0,0,0,0,0,0,8.2,9.0,13.0,15.5,36.0,42.0,16.5,980.0,5.8,6.6,7.6,8.4,22.0,980.0,15.5,120.0,8.6,9.2,10.0,11.0,25.0,980.0,16.0,140,16.5,19.5,21.0,25.0,40.0,60,15.0,980,15.5,19.0,15.0,1000.0,4.5,1000,1,0,1,2,[15],[54 72]
SOUTH KOREA 1,45382,Gangwon,Seoul,2.92,3.2,2.64,2.9,3.2,3.45,0,0,0.0,0,0,0,0,0,2.28,2.46,1.68,1.78,0,0,0,0,0,0,0,0,1.62,2.62,1.62,2.62,0,0,0,0,0,0,0,0,0,0,0,0,0,0,0,0,0,0,7.6,12.0,7.2,11.0,12.0,18.5,1.19,1000.0,7.6,12.5,5.6,8.8,9.6,15.0,2.94,1000.0,14.0,23.0,10.0,16.5,15.0,25.0,1.41,1000,1.41,1000.0,1.19,1000.0,1.41,1000,1.19,1000,1.12,1000.0,1.09,36.0,1.12,1000,0,0,1,1,[86],[72]
CZECH 1,45382,Mlada Boleslav,Zlin,1.6,1.67,1.04,1000.0,1.21,330.0,0,0,0.0,0,0,0,0,0,1.05,3.25,1.44,29.0,0,0,0,0,0,0,0,0,1.12,110.0,1.12,110.0,0,0,0,0,0,0,0,0,0,0,0,0,0,0,0,0,0,0,1.03,19.5,1.05,1000.0,1.05,1000.0,1.05,1000.0,1.05,10.0,1.05,11.0,1.05,1000.0,1.05,1000.0,1.05,11.0,1.05,1000.0,1.05,1000.0,1.05,1000,1.05,1000.0,1.05,1000.0,1.05,1000,1.05,1000,1.05,8.8,1.05,1000.0,1.05,1000,2,1,3,2,[11 15 90],[39 90]
SPAIN 4,45382,Gernika,Real Sociedad C,2.04,2.36,3.9,5.2,2.96,3.9,0,0,0.0,0,0,0,0,0,1.5,4.6,1.47,2.98,0,0,0,0,0,0,0,0,1.12,110.0,1.12,20.0,0,0,0,0,0,0,0,0,0,0,0,0,0,0,0,0,0,0,1.03,1000.0,1.03,1000.0,1.03,1000.0,1.03,1000.0,1.03,7.6,1.03,8.2,1.03,1000.0,1.03,1000.0,1.03,1000.0,1.03,1000.0,1.03,1000.0,1.03,1000,1.03,1000.0,1.03,1000.0,1.03,1000,1.03,1000,1.01,1000.0,1.01,1000.0,1.03,1000,0,0,3,1,[69 71 74],[90]
SPAIN 4,45382,Izarra,Arenas Club,2.52,3.1,3.0,3.75,2.44,3.3,0,0,0.0,0,0,0,0,0,2.72,3.3,1.44,1.55,0,0,0,0,0,0,0,0,2.18,2.54,1.68,1.85,0,0,0,0,0,0,0,0,0,0,0,0,0,0,0,0,0,0,1.03,8.0,1.03,9.8,1.03,22.0,1.03,1000.0,1.03,8.6,1.03,7.6,1.03,17.5,1.03,65.0,1.03,17.5,1.03,15.5,1.03,28.0,1.03,1000,1.03,55.0,1.03,1000.0,1.03,1000,1.03,1000,1.01,60.0,1.01,1000.0,1.03,1000,1,0,2,0,[ 8 60],[]
SPAIN 4,45382,Alaves B,Mutilvera,1.4,1.55,7.0,870.0,3.95,7.0,0,0,0.0,0,0,0,0,0,1.92,2.64,1.6,2.1,0,0,0,0,0,0,0,0,1.12,1000.0,1.12,1000.0,0,0,0,0,0,0,0,0,0,0,0,0,0,0,0,0,0,0,1.1,980.0,1.1,980.0,1.1,1000.0,1.1,1000.0,1.1,980.0,1.1,980.0,1.1,980.0,1.1,1000.0,1.1,8.2,1.1,980.0,1.1,980.0,1.1,1000,1.1,1000.0,1.1,1000.0,1.1,1000,1.1,1000,1.1,9.2,1.1,1000.0,1.1,1000,1,0,2,0,[45 79],[]
SPAIN 4,45382,Utebo FC,Zaragoza B,2.08,2.72,3.2,4.9,2.56,4.9,0,0,0.0,0,0,0,0,0,2.52,4.6,1.46,1.65,0,0,0,0,0,0,0,0,1.01,1000.0,1.01,1000.0,0,0,0,0,0,0,0,0,0,0,0,0,0,0,0,0,0,0,1.03,1000.0,1.03,1000.0,1.03,1000.0,1.03,1000.0,1.03,1000.0,1.03,1000.0,1.03,1000.0,1.03,1000.0,1.03,1000.0,1.03,1000.0,1.03,1000.0,1.03,1000,1.03,1000.0,1.03,1000.0,1.03,1000,1.03,1000,1.01,1000.0,1.01,1000.0,1.03,1000,2,1,3,2,[ 3 12 68],[ 5 55]
SOUTH KOREA 2,45382,Bucheon FC 1995,Gyeongnam,2.68,3.05,2.76,2.98,3.15,3.6,0,0,0.0,0,0,0,0,0,2.12,2.42,1.71,1.9,0,0,0,0,0,0,0,0,1.81,2.12,1.9,2.24,0,0,0,0,0,0,0,0,0,0,0,0,0,0,0,0,0,0,9.0,11.5,8.4,11.0,14.0,19.5,1.03,48.0,8.6,10.5,6.2,8.0,10.5,14.0,1.03,38.0,14.5,20.0,10.5,14.5,16.0,22.0,1.03,60,1.03,50.0,1.03,38.0,1.03,60,1.03,140,1.01,38.0,1.01,36.0,1.03,1000,1,0,2,0,[38 66],[]
SOUTH AFRICA 1,45382,Cape Town Spurs,Swallows,1.56,2.82,2.96,7.2,2.86,6.4,0,0,0.0,0,0,0,0,0,2.06,4.6,1.28,1.94,0,0,0,0,0,0,0,0,1.12,1000.0,1.12,990.0,0,0,0,0,0,0,0,0,0,0,0,0,0,0,0,0,0,0,4.5,12.0,1.1,980.0,1.1,1000.0,1.1,1000.0,1.1,980.0,1.1,980.0,1.1,980.0,1.1,1000.0,1.1,1000.0,1.1,980.0,1.1,980.0,1.1,1000,1.1,1000.0,1.1,1000.0,1.1,1000,1.1,1000,1.1,1000.0,1.1,1000.0,1.1,1000,0,0,0,1,[],[89]
ENGLAND 1,45382,Manchester City,Arsenal,1.99,2.0,4.0,4.1,3.9,3.95,0,0,0.0,0,0,0,0,0,1.9,1.91,2.1,2.12,0,0,0,0,0,0,0,0,1.71,1.8,2.24,2.42,0,0,0,0,0,0,0,0,0,0,0,0,0,0,0,0,0,0,15.0,16.0,15.5,16.5,26.0,27.0,65.0,80.0,9.8,10.5,8.2,8.4,15.5,16.5,38.0,40.0,11.5,12.0,10.0,10.5,16.5,17.5,48.0,55,21.0,23.0,17.5,18.0,30.0,32,65.0,75,12.0,13.0,40.0,46.0,110.0,550,0,0,0,0,[],[]
SPAIN 1,45382,Girona,Betis,1.81,1.82,4.9,5.0,4.0,4.1,0,0,0.0,0,0,0,0,0,1.76,1.81,2.24,2.32,0,0,0,0,0,0,0,0,1.75,1.78,2.28,2.34,0,0,0,0,0,0,0,0,0,0,0,0,0,0,0,0,0,0,16.5,18.0,18.0,20.0,34.0,38.0,42.0,110.0,9.6,10.5,8.4,9.2,17.0,19.0,50.0,55.0,10.5,11.5,9.4,10.0,16.5,18.0,50.0,60,18.0,19.0,15.5,17.5,27.0,32,65.0,85,8.8,9.8,44.0,50.0,20.0,980,1,1,3,2,[36 65 90],[45 76]
SPAIN 1,45382,Alaves,Real Sociedad,3.7,3.75,2.48,2.5,3.05,3.1,0,0,0.0,0,0,0,0,0,2.98,3.05,1.49,1.51,0,0,0,0,0,0,0,0,2.32,2.4,1.71,1.76,0,0,0,0,0,0,0,0,0,0,0,0,0,0,0,0,0,0,7.0,7.6,6.6,7.2,12.0,13.0,34.0,38.0,9.0,9.4,6.8,7.0,12.0,13.0,34.0,38.0,20.0,22.0,16.0,17.5,24.0,27.0,65.0,75,70.0,80.0,55.0,65.0,85.0,100,60.0,230,48.0,95.0,32.0,44.0,22.0,1000,0,0,0,1,[],[59]
SCOTLAND 1,45382,Livingston,Celtic,15.0,18.0,1.22,1.23,7.6,8.4,0,0,0.0,0,0,0,0,0,1.44,1.58,2.74,3.25,0,0,0,0,0,0,0,0,2.08,2.2,1.84,1.93,0,0,0,0,0,0,0,0,0,0,0,0,0,0,0,0,0,0,10.5,38.0,9.4,11.0,7.0,8.2,7.8,10.5,12.0,65.0,14.5,20.0,9.6,11.0,12.0,13.0,13.0,980.0,11.5,60.0,11.0,40.0,10.5,36,13.5,980.0,13.0,980.0,13.5,980,13.5,980,13.5,980.0,3.0,3.75,14.0,1000,0,0,0,3,[],[49 72 82]
ENGLAND 1,45382,Liverpool,Brighton,1.38,1.39,8.4,8.6,6.2,6.4,0,0,0.0,0,0,0,0,0,1.34,1.4,3.55,3.9,0,0,0,0,0,0,0,0,1.59,1.62,2.6,2.82,0,0,0,0,0,0,0,0,0,0,0,0,0,0,0,0,0,0,38.0,42.0,48.0,55.0,75.0,90.0,110.0,300.0,15.0,16.0,15.0,15.5,29.0,32.0,80.0,90.0,12.0,12.5,10.0,10.5,19.5,20.0,60.0,65,13.5,14.5,11.0,11.5,21.0,22,60.0,65,3.75,3.85,46.0,55.0,190.0,1000,1,1,2,1,[27 65],[2]
SPAIN 1,45382,Celta Vigo,Rayo Vallecano,2.0,2.02,4.5,4.6,3.5,3.55,0,0,0.0,0,0,0,0,0,2.34,2.4,1.72,1.74,0,0,0,0,0,0,0,0,2.0,2.14,1.89,2.0,0,0,0,0,0,0,0,0,0,0,0,0,0,0,0,0,0,0,10.0,10.5,12.5,13.5,29.0,30.0,42.0,110.0,7.2,7.6,7.4,7.6,17.0,18.0,46.0,70.0,10.0,11.0,10.0,11.0,21.0,22.0,50.0,85,21.0,23.0,22.0,24.0,44.0,48,44.0,150,17.0,18.0,50.0,85.0,28.0,1000,0,0,0,0,[],[]
NORWAY 1,45382,Odd,Haugesund,2.4,2.84,2.78,3.55,3.35,3.7,0,0,0.0,0,0,0,0,0,1.28,4.4,1.79,4.6,0,0,0,0,0,0,0,0,1.01,110.0,1.01,110.0,0,0,0,0,0,0,0,0,0,0,0,0,0,0,0,0,0,0,9.6,16.0,9.0,15.0,15.0,26.0,1.03,65.0,7.8,13.0,6.0,9.6,10.0,16.5,1.03,44.0,11.5,19.5,8.8,14.5,13.5,23.0,1.03,60,1.03,44.0,20.0,34.0,1.03,55,1.03,130,1.01,27.0,1.01,40.0,1.03,1000,0,1,1,2,[51],[39 90]
SPAIN 4,45382,Zamora,Torrelavega,1.68,1.93,5.3,870.0,2.84,4.4,0,0,0.0,0,0,0,0,0,1.65,4.6,1.45,2.52,0,0,0,0,0,0,0,0,1.01,2.84,1.01,1.75,0,0,0,0,0,0,0,0,0,0,0,0,0,0,0,0,0,0,1.03,1000.0,1.03,1000.0,1.03,1000.0,1.03,1000.0,1.03,6.4,1.03,1000.0,1.03,1000.0,1.03,1000.0,1.03,1000.0,1.03,1000.0,1.03,1000.0,1.03,1000,1.03,1000.0,1.03,1000.0,1.03,1000,1.03,1000,1.01,1000.0,1.01,1000.0,1.03,1000,1,0,4,0,[24 82 90 90],[]
GREECE 1,45382,Panathinaikos,PAOK,2.06,2.26,3.5,4.8,3.25,3.65,0,0,0.0,0,0,0,0,0,1.92,2.3,1.78,2.08,0,0,0,0,0,0,0,0,1.12,110.0,1.12,110.0,0,0,0,0,0,0,0,0,0,0,0,0,0,0,0,0,0,0,1.1,980.0,1.1,980.0,1.1,1000.0,1.1,1000.0,1.1,980.0,1.1,980.0,1.1,980.0,1.1,1000.0,1.1,1000.0,1.1,980.0,1.1,980.0,1.1,1000,1.1,1000.0,1.1,1000.0,1.1,1000,1.1,1000,1.1,1000.0,1.1,1000.0,1.1,1000,1,2,2,3,[29 90],[ 2 37 89]
GREECE 1,45382,Aris,Lamia,1.48,1.56,7.2,11.0,4.0,5.0,0,0,0.0,0,0,0,0,0,1.32,4.6,1.27,21.0,0,0,0,0,0,0,0,0,1.12,110.0,1.12,110.0,0,0,0,0,0,0,0,0,0,0,0,0,0,0,0,0,0,0,10.5,1000.0,17.0,1000.0,1.01,1000.0,1.01,1000.0,5.6,1000.0,7.6,1000.0,23.0,1000.0,1.01,1000.0,6.0,1000.0,7.6,1000.0,20.0,1000.0,1.01,1000,9.6,1000.0,12.5,1000.0,30.0,1000,1.01,1000,1.01,1000.0,1.01,1000.0,1.01,1000,0,0,3,1,[55 56 59],[89]
GREECE 1,45382,AEK Athens FC,Olympiacos Piraeus,1.82,1.94,4.1,4.8,3.55,4.4,0,0,0.0,0,0,0,0,0,1.05,4.6,1.27,30.0,0,0,0,0,0,0,0,0,1.12,20.0,1.12,20.0,0,0,0,0,0,0,0,0,0,0,0,0,0,0,0,0,0,0,11.0,15.0,13.5,17.5,27.0,36.0,6.8,120.0,7.4,9.6,7.4,9.4,15.5,20.0,7.0,70.0,9.4,12.0,8.6,11.0,17.0,22.0,7.2,80,17.0,23.0,17.0,22.0,30.0,42,7.2,1000,8.8,14.5,6.6,75.0,7.2,1000,0,0,1,0,[90],[]
CZECH 1,45382,Ostrava,Teplice,1.56,1.79,1.05,980.0,2.26,980.0,0,0,0.0,0,0,0,0,0,1.01,4.6,1.27,980.0,0,0,0,0,0,0,0,0,1.01,110.0,1.01,110.0,0,0,0,0,0,0,0,0,0,0,0,0,0,0,0,0,0,0,1.03,20.0,1.03,27.0,1.03,1000.0,1.03,1000.0,1.03,11.0,1.03,12.0,1.03,1000.0,1.03,1000.0,1.03,12.0,1.03,12.0,1.03,26.0,1.03,1000,1.03,19.0,1.03,20.0,1.03,40,1.03,1000,1.01,10.0,1.01,1000.0,1.03,1000,2,0,4,1,[ 6 22 51 88],[76]
SPAIN 4,45382,Rayo Cantabria,Real Aviles,2.94,4.2,2.2,3.05,2.94,330.0,0,0,0.0,0,0,0,0,0,1.46,4.6,1.27,3.15,0,0,0,0,0,0,0,0,1.12,20.0,1.69,110.0,0,0,0,0,0,0,0,0,0,0,0,0,0,0,0,0,0,0,1.56,980.0,1.55,980.0,1.11,1000.0,1.11,1000.0,1.58,980.0,1.1,980.0,1.11,980.0,1.11,1000.0,1.11,1000.0,1.11,980.0,1.11,980.0,1.1,1000,1.1,1000.0,1.1,1000.0,1.1,1000,1.1,1000,1.1,1000.0,1.1,1000.0,1.1,1000,1,1,2,1,[39 87],[26]
SPAIN 4,45382,Compostela,Guijuelo,1.98,2.7,3.35,5.2,2.3,330.0,0,0,0.0,0,0,0,0,0,2.4,4.6,1.46,1.72,0,0,0,0,0,0,0,0,1.98,2.7,1.58,2.02,0,0,0,0,0,0,0,0,0,0,0,0,0,0,0,0,0,0,1.03,9.6,1.03,13.5,1.03,1000.0,1.03,1000.0,1.03,8.6,1.03,8.8,1.03,23.0,1.03,1000.0,1.03,15.0,1.03,15.0,1.03,1000.0,1.03,1000,1.03,1000.0,1.03,1000.0,1.03,1000,1.03,1000,1.01,1000.0,1.01,1000.0,1.03,1000,0,0,1,0,[50],[]
SPAIN 4,45382,UD Logrones,Tudelano,1.41,1.54,1.02,870.0,3.9,5.8,0,0,0.0,0,0,0,0,0,1.52,4.6,1.38,2.9,0,0,0,0,0,0,0,0,1.12,110.0,1.12,9.4,0,0,0,0,0,0,0,0,0,0,0,0,0,0,0,0,0,0,1.03,1000.0,1.03,1000.0,1.03,1000.0,1.03,1000.0,1.03,6.6,1.03,1000.0,1.03,1000.0,1.03,1000.0,1.03,1000.0,1.03,1000.0,1.03,1000.0,1.03,1000,1.03,1000.0,1.03,1000.0,1.03,1000,1.03,1000,1.01,1000.0,1.01,1000.0,1.03,1000,2,0,3,1,[40 44 90],[73]
SPAIN 4,45382,Marino de Luanco,R. Oviedo B,2.22,2.68,3.5,4.5,2.52,3.8,0,0,0.0,0,0,0,0,0,2.12,4.0,1.33,1.88,0,0,0,0,0,0,0,0,1.01,110.0,1.64,110.0,0,0,0,0,0,0,0,0,0,0,0,0,0,0,0,0,0,0,1.03,8.4,1.03,11.5,1.03,1000.0,1.03,1000.0,1.03,8.0,1.03,7.8,1.03,1000.0,1.03,1000.0,1.03,1000.0,1.03,1000.0,1.03,1000.0,1.03,1000,1.03,1000.0,1.03,1000.0,1.03,1000,1.03,1000,1.01,1000.0,1.01,1000.0,1.03,1000,0,0,1,0,[82],[]
SPAIN 4,45382,Covadonga,Coruxo FC,2.9,3.5,2.4,2.84,3.0,4.2,0,0,0.0,0,0,0,0,0,1.34,4.3,1.3,3.9,0,0,0,0,0,0,0,0,1.12,20.0,1.12,20.0,0,0,0,0,0,0,0,0,0,0,0,0,0,0,0,0,0,0,1.03,13.0,1.03,11.0,1.03,1000.0,1.03,1000.0,1.03,12.5,1.03,8.4,1.03,13.5,1.03,1000.0,1.03,1000.0,1.03,1000.0,1.03,1000.0,1.03,1000,1.03,1000.0,1.03,1000.0,1.03,1000,1.03,1000,1.01,1000.0,1.01,1000.0,1.03,1000,0,0,0,1,[],[90]
SPAIN 2,45382,Alcorcon,Amorebieta,2.18,2.42,4.1,4.5,2.82,3.1,0,0,0.0,0,0,0,0,0,2.8,3.4,1.41,1.55,0,0,0,0,0,0,0,0,2.22,2.66,1.6,1.82,0,0,0,0,0,0,0,0,0,0,0,0,0,0,0,0,0,0,6.0,7.8,8.6,11.5,1.03,32.0,1.03,120.0,5.6,7.0,6.0,7.8,16.0,22.0,1.03,90.0,10.0,13.0,10.0,13.5,22.0,32.0,1.03,130,1.03,36.0,1.03,40.0,1.03,85,1.03,290,1.01,40.0,1.01,140.0,1.03,1000,1,1,1,1,[4],[18]
SPAIN 2,45382,Zaragoza,Tenerife,2.48,2.64,3.75,4.2,2.76,2.84,0,0,0.0,0,0,0,0,0,3.25,4.3,1.36,1.43,0,0,0,0,0,0,0,0,2.56,2.74,1.57,1.65,0,0,0,0,0,0,0,0,0,0,0,0,0,0,0,0,0,0,5.6,6.2,6.6,11.0,18.0,30.0,4.4,120.0,5.8,6.6,6.4,8.6,14.5,20.0,4.4,110.0,10.0,16.0,10.5,14.5,5.5,42.0,4.4,180,5.7,55.0,4.2,60.0,4.4,130,4.5,460,4.3,75.0,4.4,180.0,4.6,1000,2,1,3,1,[ 5 45 49],[37]
SPAIN 1,45382,Real Madrid,Ath Bilbao,1.64,1.65,6.0,6.2,4.3,4.4,0,0,0.0,0,0,0,0,0,1.89,1.91,2.1,2.14,0,0,0,0,0,0,0,0,1.91,1.95,2.04,2.1,0,0,0,0,0,0,0,0,0,0,0,0,0,0,0,0,0,0,16.5,17.0,19.5,21.0,42.0,48.0,120.0,170.0,8.2,8.6,9.2,9.4,21.0,22.0,70.0,80.0,8.8,9.2,9.6,9.8,21.0,22.0,60.0,70,16.0,16.5,16.0,16.5,29.0,32,85.0,95,8.4,8.8,65.0,95.0,95.0,1000,1,0,2,0,[ 8 73],[]
SOUTH KOREA 2,45382,Suwon Bluewings,Busan,2.1,2.54,3.2,4.2,3.2,4.8,0,0,0.0,0,0,0,0,0,1.77,3.2,1.46,2.3,0,0,0,0,0,0,0,0,1.52,2.68,1.6,2.94,0,0,0,0,0,0,0,0,0,0,0,0,0,0,0,0,0,0,9.2,15.0,9.2,15.0,1.03,29.0,1.03,1000.0,6.8,15.0,6.2,9.8,1.03,18.0,1.03,1000.0,10.0,16.0,8.2,13.0,1.03,1000.0,1.03,1000,1.03,1000.0,1.03,32.0,1.03,1000,1.03,1000,1.01,1000.0,1.01,1000.0,1.03,1000,0,1,0,1,[],[24]
BELGIUM 2,45382,RFC Liege,Beveren,1.58,1000.0,1.04,2.74,1.57,330.0,0,0,0.0,0,0,0,0,0,1.02,1.8,2.24,110.0,0,0,0,0,0,0,0,0,1.01,110.0,1.01,110.0,0,0,0,0,0,0,0,0,0,0,0,0,0,0,0,0,0,0,12.5,20.0,9.4,15.0,13.0,20.0,26.0,44.0,10.5,16.5,6.6,10.0,9.0,14.0,18.5,30.0,16.0,25.0,9.8,15.5,12.5,20.0,1.01,42,1.01,1000.0,23.0,38.0,29.0,1000,1.01,1000,1.01,28.0,1.01,21.0,1.01,1000,4,0,5,1,[10 26 33 45 90],[52]
GERMANY 1,45382,Augsburg,FC Koln,1.84,1.85,4.7,4.8,3.95,4.0,0,0,0.0,0,0,0,0,0,1.84,1.88,2.14,2.26,0,0,0,0,0,0,0,0,1.78,1.85,2.16,2.28,0,0,0,0,0,0,0,0,0,0,0,0,0,0,0,0,0,0,14.5,16.5,17.5,19.0,32.0,36.0,42.0,100.0,9.2,10.0,8.2,9.0,17.0,18.0,42.0,55.0,10.5,11.5,9.4,10.0,17.0,18.5,50.0,60,18.0,19.5,16.5,17.5,29.0,32,42.0,95,9.6,11.0,44.0,55.0,21.0,980,1,1,1,1,[18],[33]
GERMANY 1,45382,Stuttgart,Heidenheim,1.3,1.31,11.0,12.0,6.8,7.0,0,0,0.0,0,0,0,0,0,1.45,1.49,3.05,3.25,0,0,0,0,0,0,0,0,1.82,1.93,2.08,2.22,0,0,0,0,0,0,0,0,0,0,0,0,0,0,0,0,0,0,30.0,34.0,40.0,50.0,40.0,110.0,60.0,490.0,11.5,12.5,14.5,15.5,38.0,40.0,42.0,150.0,8.8,9.6,10.0,10.5,24.0,28.0,80.0,110,10.0,11.0,12.0,13.0,26.0,29,42.0,120,3.65,3.9,42.0,130.0,22.0,1000,1,0,3,3,[41 53 90],[62 84 85]
GERMANY 1,45382,Bochum,Darmstadt,1.64,1.66,6.0,6.2,4.3,4.4,0,0,0.0,0,0,0,0,0,1.73,1.81,2.24,2.38,0,0,0,0,0,0,0,0,1.73,1.9,2.12,2.38,0,0,0,0,0,0,0,0,0,0,0,0,0,0,0,0,0,0,17.0,19.5,21.0,25.0,36.0,48.0,42.0,180.0,9.4,10.5,9.2,9.6,20.0,23.0,48.0,70.0,9.6,10.5,9.2,10.0,17.5,20.0,48.0,80,15.0,16.0,14.0,15.5,26.0,30,48.0,100,7.4,8.4,44.0,80.0,15.0,1000,1,0,2,2,[30 48],[62 76]
AUSTRALIA 1,45382,Melbourne Victory,Perth Glory,1.47,1.5,6.8,7.4,5.4,5.6,0,0,0.0,0,0,0,0,0,1.47,1.54,2.88,3.15,0,0,0,0,0,0,0,0,1.65,2.08,1.93,2.54,0,0,0,0,0,0,0,0,0,0,0,0,0,0,0,0,0,0,25.0,30.0,32.0,40.0,10.0,70.0,7.8,980.0,11.5,14.5,11.5,12.5,24.0,27.0,48.0,80.0,10.0,11.5,9.4,10.0,18.0,980.0,32.0,70,13.0,14.5,12.0,13.0,22.0,25,10.5,80,4.6,5.4,22.0,65.0,8.0,1000,1,0,2,1,[16 53],[61]
BELGIUM 2,45382,Patro Eisden,Lommel SK,1.31,1000.0,1.31,1000.0,1.2,330.0,0,0,0.0,0,0,0,0,0,2.0,4.6,1.27,2.0,0,0,0,0,0,0,0,0,1.67,2.14,1.89,2.48,0,0,0,0,0,0,0,0,0,0,0,0,0,0,0,0,0,0,1.03,14.5,1.03,13.5,1.03,23.0,1.03,1000.0,1.03,12.5,1.03,9.2,1.03,15.5,1.03,40.0,1.03,20.0,1.03,14.5,1.03,23.0,1.03,1000,1.03,1000.0,1.03,38.0,1.03,1000,1.03,1000,1.01,30.0,1.01,38.0,1.03,1000,0,0,3,0,[51 81 84],[]
CHINA 1,45382,Changchun Yatai,Tianjin Jinmen Tiger,1.57,1000.0,2.48,1000.0,1.58,950.0,0,0,0.0,0,0,0,0,0,1.57,4.6,1.55,2.76,0,0,0,0,0,0,0,0,1.47,2.34,1.75,20.0,0,0,0,0,0,0,0,0,0,0,0,0,0,0,0,0,0,0,1.03,1000.0,1.03,1000.0,1.03,1000.0,1.03,1000.0,1.03,1000.0,1.03,1000.0,1.03,1000.0,1.03,1000.0,1.03,1000.0,1.03,1000.0,1.03,1000.0,1.03,1000,1.03,1000.0,1.03,1000.0,1.03,1000,1.03,1000,1.01,1000.0,1.01,1000.0,1.03,1000,0,1,0,1,[],[44]
CHINA 1,45382,Shandong Taishan,Shanghai Shenhua,2.14,2.28,3.35,3.85,3.7,4.3,0,0,0.0,0,0,0,0,0,1.87,2.06,1.96,2.16,0,0,0,0,0,0,0,0,1.62,2.06,1.96,2.6,0,0,0,0,0,0,0,0,0,0,0,0,0,0,0,0,0,0,1.17,980.0,1.17,980.0,1.13,30.0,1.17,1000.0,1.17,980.0,1.17,980.0,1.17,980.0,1.14,50.0,1.17,17.5,1.17,980.0,1.17,980.0,1.17,1000,1.13,34.0,1.12,27.0,1.17,1000,1.17,1000,1.17,19.5,1.14,44.0,1.17,1000,0,2,0,3,[],[ 5 30 63]
ARGENTINA COPA,45382,Sarmiento Junin,Newells Old Boys,3.7,3.8,2.44,2.54,2.94,3.1,0,0,0.0,0,0,0,0,0,3.35,3.4,1.41,1.43,0,0,0,0,0,0,0,0,2.4,2.56,1.64,1.72,0,0,0,0,0,0,0,0,0,0,0,0,0,0,0,0,0,0,6.4,7.4,6.0,7.0,12.0,14.5,8.8,42.0,8.0,9.0,6.6,7.6,12.0,13.5,8.8,44.0,7.8,25.0,15.5,18.5,8.6,32.0,9.8,980,9.8,980.0,9.6,980.0,10.0,980,10.5,980,10.0,130.0,9.0,50.0,11.0,1000,0,0,0,1,[],[81]
SLOVAKIA 1,45382,Trnava,Zilina,1.58,1.74,5.2,8.2,3.85,5.3,0,0,0.0,0,0,0,0,0,1.54,2.22,1.83,2.86,0,0,0,0,0,0,0,0,1.83,2.4,1.73,2.22,0,0,0,0,0,0,0,0,0,0,0,0,0,0,0,0,0,0,1.19,980.0,1.13,980.0,1.19,1000.0,1.19,1000.0,1.19,980.0,1.19,980.0,1.14,980.0,1.19,1000.0,1.19,11.0,1.19,980.0,1.14,980.0,1.19,1000,1.19,1000.0,1.13,22.0,1.19,1000,1.19,1000,1.19,12.0,1.19,1000.0,1.19,1000,1,0,1,0,[24],[]
VENEZUELA 1,45382,Puerto Cabello,Monagas,1.93,2.04,4.7,5.8,3.15,3.45,0,0,0.0,0,0,0,0,0,2.32,2.38,1.72,1.75,0,0,0,0,0,0,0,0,2.02,2.28,1.78,1.98,0,0,0,0,0,0,0,0,0,0,0,0,0,0,0,0,0,0,4.6,980.0,5.4,980.0,3.6,980.0,1.79,1000.0,4.0,980.0,4.1,980.0,6.0,980.0,7.4,1000.0,4.8,980.0,4.8,980.0,3.4,980.0,7.6,1000,3.4,980.0,3.4,980.0,7.0,980,7.8,1000,2.22,980.0,1.75,1000.0,2.22,1000,1,1,2,2,[ 4 58],[16 68]
VENEZUELA 1,45382,Estudiantes Merida,La Guaira,2.7,3.15,2.74,3.15,2.76,3.35,0,0,0.0,0,0,0,0,0,2.28,2.54,1.65,1.78,0,0,0,0,0,0,0,0,1.86,2.76,1.86,2.16,0,0,0,0,0,0,0,0,0,0,0,0,0,0,0,0,0,0,2.68,980.0,2.8,980.0,6.6,980.0,4.4,1000.0,2.16,980.0,6.0,980.0,3.85,980.0,4.5,1000.0,4.0,980.0,4.2,980.0,7.4,980.0,4.5,1000,5.1,1000.0,2.46,980.0,6.4,1000,22.0,1000,1.32,1000.0,1.32,1000.0,4.8,1000,0,0,1,2,[90],[52 60]
CHINA 1,45382,Meizhou Hakka,Zhejiang Professional,3.5,1000.0,2.06,2.18,1.21,3.9,0,0,0.0,0,0,0,0,0,1.05,4.6,1.27,36.0,0,0,0,0,0,0,0,0,1.01,1000.0,1.01,1000.0,0,0,0,0,0,0,0,0,0,0,0,0,0,0,0,0,0,0,1.03,14.5,1.07,10.0,1.07,1000.0,1.07,1000.0,1.07,1000.0,1.07,1000.0,1.07,10.5,1.03,1000.0,1.03,1000.0,1.07,1000.0,1.07,1000.0,1.03,1000,1.03,1000.0,1.03,1000.0,1.03,1000,1.03,1000,1.07,1000.0,1.07,1000.0,1.04,1000,0,0,1,2,[50],[48 74]
GERMANY 2,45382,St. Pauli,Paderborn,1.6,1.64,5.5,7.2,4.6,4.8,0,0,0.0,0,0,0,0,0,1.6,1.72,2.4,2.68,0,0,0,0,0,0,0,0,1.66,1.8,2.26,2.52,0,0,0,0,0,0,0,0,0,0,0,0,0,0,0,0,0,0,18.0,24.0,22.0,32.0,3.6,60.0,3.05,170.0,8.4,980.0,2.92,12.5,19.5,25.0,3.65,80.0,8.4,11.5,4.3,980.0,5.7,22.0,3.65,75,12.5,16.5,11.5,15.5,23.0,32,3.7,100,5.3,7.6,3.6,70.0,3.1,1000,1,0,2,1,[32 47],[56]
GERMANY 2,45382,Schalke,Karlsruher SC,2.4,2.6,2.78,3.0,3.9,4.0,0,0,0.0,0,0,0,0,0,1.61,1.72,2.4,2.74,0,0,0,0,0,0,0,0,1.57,1.64,2.58,2.76,0,0,0,0,0,0,0,0,0,0,0,0,0,0,0,0,0,0,7.8,22.0,15.0,17.0,20.0,32.0,11.5,46.0,14.0,16.0,8.4,10.0,11.5,13.0,24.0,27.0,17.0,19.5,6.6,12.0,7.6,15.0,28.0,34,30.0,55.0,9.2,23.0,10.0,29,12.0,60,7.0,25.0,13.0,17.5,4.6,470,0,0,0,0,[],[]
PERU 1,45382,Cajamarca,Sporting Cristal,3.35,3.6,2.22,2.32,3.55,3.85,0,0,0.0,0,0,0,0,0,1.98,2.06,1.95,2.04,0,0,0,0,0,0,0,0,1.77,1.89,2.12,2.3,0,0,0,0,0,0,0,0,0,0,0,0,0,0,0,0,0,0,3.65,17.0,3.45,12.5,3.65,17.5,4.0,980.0,3.65,16.5,3.3,10.0,3.45,13.5,3.95,980.0,3.95,980.0,3.65,17.5,3.8,22.0,4.5,980,4.3,980.0,6.2,980.0,4.6,980,4.4,980,4.1,980.0,3.75,21.0,4.5,1000,0,2,1,2,[90],[16 25]
USA 1,45382,Atlanta Utd,Chicago Fire,1.75,1.79,4.7,5.1,4.3,4.5,0,0,0.0,0,0,0,0,0,1.57,1.61,2.64,2.74,0,0,0,0,0,0,0,0,1.62,1.65,2.54,2.62,0,0,0,0,0,0,0,0,0,0,0,0,0,0,0,0,0,0,23.0,25.0,23.0,26.0,38.0,44.0,80.0,110.0,12.0,13.0,9.6,10.5,17.5,20.0,44.0,55.0,12.5,13.0,9.4,10.0,15.5,16.5,42.0,46,17.0,19.5,14.0,15.5,21.0,23,50.0,65,6.8,7.4,30.0,38.0,20.0,980,1,0,3,0,[45 65 90],[]
CHILE 1,45382,Cobreloa,U. De Chile,2.6,2.72,3.0,3.05,3.35,3.55,0,0,0.0,0,0,0,0,0,2.12,2.2,1.83,1.9,0,0,0,0,0,0,0,0,1.76,1.98,2.02,2.3,0,0,0,0,0,0,0,0,0,0,0,0,0,0,0,0,0,0,10.0,13.5,9.2,12.5,15.5,980.0,6.2,980.0,8.6,12.0,6.4,8.6,11.5,14.5,28.0,980.0,13.0,17.0,10.0,13.5,15.0,21.0,36.0,980,27.0,980.0,22.0,980.0,34.0,980,6.8,980,5.7,980.0,5.9,980.0,7.0,1000,0,1,1,3,[67],[25 60 90]
ARGENTINA COPA,45382,Independiente,Atl. Tucuman,1.88,1.92,5.6,6.0,3.3,3.45,0,0,0.0,0,0,0,0,0,2.76,2.82,1.55,1.57,0,0,0,0,0,0,0,0,2.02,8.2,1.35,1.99,0,0,0,0,0,0,0,0,0,0,0,0,0,0,0,0,0,0,7.4,980.0,12.5,17.0,4.0,40.0,4.3,190.0,4.5,980.0,7.2,8.0,22.0,26.0,4.2,120.0,8.4,11.5,10.5,980.0,11.0,980.0,4.3,980,3.7,21.0,16.5,27.0,4.2,980,22.0,290,20.0,980.0,4.4,220.0,4.4,1000,0,1,1,1,[89],[34]
ESTONIA 1,45382,Levadia,Paide,1.04,480.0,1.04,870.0,1.21,950.0,0,0,0.0,0,0,0,0,0,1.03,4.6,1.27,1000.0,0,0,0,0,0,0,0,0,1.12,1000.0,1.12,1000.0,0,0,0,0,0,0,0,0,0,0,0,0,0,0,0,0,0,0,1.03,1000.0,1.03,1000.0,1.03,1000.0,1.03,1000.0,1.03,1000.0,1.03,1000.0,1.03,1000.0,1.03,1000.0,1.03,1000.0,1.03,1000.0,1.03,1000.0,1.03,1000,1.03,1000.0,1.03,1000.0,1.03,1000,1.03,1000,1.01,1000.0,1.01,1000.0,1.03,1000,1,0,2,0,[24 64],[]
CHILE 1,45382,U. Espanola,Nublense,2.28,2.36,3.6,3.8,3.3,3.45,0,0,0.0,0,0,0,0,0,2.24,2.32,1.75,1.81,0,0,0,0,0,0,0,0,1.93,2.08,1.94,2.08,0,0,0,0,0,0,0,0,0,0,0,0,0,0,0,0,0,0,9.8,12.0,10.5,980.0,19.5,980.0,7.4,980.0,7.2,9.6,6.4,8.4,14.0,980.0,7.0,980.0,11.5,980.0,9.4,980.0,18.0,980.0,7.4,1000,24.0,980.0,21.0,980.0,7.2,50,7.8,1000,5.6,23.0,6.4,980.0,7.4,1000,2,1,5,3,[11 40 55 74 88],[28 61 76]
ESTONIA 1,45382,Tammeka,Flora,1.04,480.0,1.04,870.0,1.21,950.0,0,0,0.0,0,0,0,0,0,1.01,4.6,1.27,110.0,0,0,0,0,0,0,0,0,1.12,1000.0,1.12,1000.0,0,0,0,0,0,0,0,0,0,0,0,0,0,0,0,0,0,0,1.1,980.0,1.1,1000.0,1.1,1000.0,1.1,1000.0,1.1,1000.0,1.1,1000.0,1.1,1000.0,1.1,1000.0,1.1,1000.0,1.1,1000.0,1.1,1000.0,1.1,1000,1.1,1000.0,1.1,1000.0,1.1,1000,1.1,1000,1.1,1000.0,1.1,1000.0,1.1,1000,0,0,0,0,[],[]
MEXICO 1,45382,Juarez,Santos Laguna,2.38,2.5,3.0,3.2,3.65,3.75,0,0,0.0,0,0,0,0,0,1.79,1.91,2.08,2.28,0,0,0,0,0,0,0,0,1.64,1.8,2.26,2.58,0,0,0,0,0,0,0,0,0,0,0,0,0,0,0,0,0,0,12.0,20.0,12.0,17.0,17.0,26.0,4.6,980.0,9.8,15.0,7.8,9.4,11.5,16.0,24.0,38.0,14.0,21.0,10.0,14.0,14.5,21.0,4.6,48,4.5,40.0,20.0,30.0,4.6,44,4.5,980,3.8,21.0,4.0,29.0,4.6,980,0,0,2,1,[88 90],[63]
GERMANY 2,45382,Wehen,VfL Osnabruck,2.1,2.16,3.6,3.8,3.85,4.0,0,0,0.0,0,0,0,0,0,1.68,1.76,2.32,2.48,0,0,0,0,0,0,0,0,1.57,1.69,2.44,2.76,0,0,0,0,0,0,0,0,0,0,0,0,0,0,0,0,0,0,15.5,19.5,15.5,22.0,24.0,34.0,8.2,70.0,5.4,16.5,4.6,9.8,5.7,15.0,23.0,40.0,11.0,21.0,5.0,11.0,5.8,22.0,27.0,55,7.2,32.0,17.5,27.0,7.0,30,7.0,100,10.0,14.5,22.0,30.0,6.4,1000,0,1,0,1,[],[31]
BELGIUM 2,45382,Seraing,Oostende,2.96,5.0,2.16,2.44,2.46,950.0,0,0,0.0,0,0,0,0,0,1.23,3.65,1.58,5.2,0,0,0,0,0,0,0,0,1.01,1000.0,1.01,1000.0,0,0,0,0,0,0,0,0,0,0,0,0,0,0,0,0,0,0,1.03,16.0,1.03,12.0,1.03,1000.0,1.03,1000.0,1.03,15.0,1.03,9.0,1.03,12.0,1.03,1000.0,1.03,1000.0,1.03,1000.0,1.03,1000.0,1.03,1000,1.03,1000.0,1.03,1000.0,1.03,1000,1.03,1000,1.01,34.0,1.01,19.0,1.03,1000,1,0,1,1,[42],[46]
AUSTRIA 2,45382,Stripfing,First Vienna,1.04,1000.0,1.75,1000.0,1.2,950.0,0,0,0.0,0,0,0,0,0,1.46,2.34,1.75,3.2,0,0,0,0,0,0,0,0,1.56,1.95,2.04,2.78,0,0,0,0,0,0,0,0,0,0,0,0,0,0,0,0,0,0,1.03,20.0,1.03,13.5,1.03,17.0,1.03,34.0,1.03,19.0,1.03,10.5,1.03,13.0,1.03,25.0,1.03,32.0,1.03,18.0,1.03,1000.0,1.03,38,1.03,1000.0,1.03,48.0,1.03,1000,1.03,1000,1.01,38.0,1.01,16.0,1.03,1000,3,1,3,2,[13 43 45],[ 7 56]
PERU 1,45382,Sport Boys,Alianza Atl.,1.81,1.84,4.9,5.4,3.7,3.95,0,0,0.0,0,0,0,0,0,2.16,2.26,1.8,1.87,0,0,0,0,0,0,0,0,1.95,2.22,1.82,2.06,0,0,0,0,0,0,0,0,0,0,0,0,0,0,0,0,0,0,10.5,12.0,14.5,17.0,32.0,38.0,13.0,980.0,7.0,8.0,7.4,8.4,18.5,21.0,38.0,80.0,9.2,980.0,9.2,10.5,19.5,23.0,12.5,90,8.2,19.0,18.5,21.0,21.0,46,5.9,150,12.0,14.5,5.8,110.0,6.0,1000,0,0,0,0,[],[]
MEXICO 1,45382,Atlas,Queretaro,2.08,2.12,4.1,4.3,3.4,3.55,0,0,0.0,0,0,0,0,0,2.22,2.3,1.77,1.81,0,0,0,0,0,0,0,0,1.96,2.08,1.92,2.04,0,0,0,0,0,0,0,0,0,0,0,0,0,0,0,0,0,0,9.0,11.5,11.5,14.5,22.0,32.0,8.6,980.0,7.4,8.4,6.4,8.0,15.0,17.5,8.4,980.0,10.5,13.0,9.2,11.5,18.5,23.0,8.6,980,21.0,27.0,19.0,27.0,8.2,980,9.0,980,6.4,21.0,8.4,980.0,9.4,1000,2,1,2,3,[ 4 33],[30 70 90]
MEXICO 1,45382,Necaxa,Club Leon,2.88,3.05,2.52,2.62,3.55,3.75,0,0,0.0,0,0,0,0,0,1.85,1.95,2.06,2.18,0,0,0,0,0,0,0,0,1.75,1.78,2.28,2.32,0,0,0,0,0,0,0,0,0,0,0,0,0,0,0,0,0,0,13.5,19.0,10.5,14.5,15.5,21.0,4.7,44.0,11.5,980.0,7.4,8.6,10.5,14.5,22.0,32.0,16.5,980.0,11.5,16.0,15.0,21.0,4.7,980,4.8,980.0,4.6,980.0,4.7,980,4.7,980,4.1,980.0,4.0,23.0,4.8,980,0,0,1,2,[64],[61 89]
GERMANY 2,45382,Magdeburg,Hannover,2.36,2.52,2.92,3.2,3.7,3.9,0,0,0.0,0,0,0,0,0,1.7,1.79,2.28,2.44,0,0,0,0,0,0,0,0,1.61,1.67,2.5,2.64,0,0,0,0,0,0,0,0,0,0,0,0,0,0,0,0,0,0,1.03,22.0,14.0,19.5,20.0,28.0,1.03,60.0,10.5,14.0,8.0,10.0,12.0,15.5,1.03,38.0,13.0,17.5,8.8,12.0,14.0,18.0,1.03,44,25.0,34.0,17.0,24.0,23.0,32,1.03,80,10.5,16.0,16.0,28.0,1.03,1000,0,1,0,3,[],[29 84 90]
ARGENTINA COPA,45382,Gimnasia L.P.,Dep. Riestra,1.91,1.96,5.1,5.5,3.3,3.55,0,0,0.0,0,0,0,0,0,2.58,2.68,1.6,1.64,0,0,0,0,0,0,0,0,2.16,2.34,1.74,1.85,0,0,0,0,0,0,0,0,0,0,0,0,0,0,0,0,0,0,8.2,10.5,10.5,17.0,4.9,46.0,5.2,980.0,6.2,7.2,7.0,8.8,16.0,27.0,5.1,980.0,8.6,12.0,9.4,13.5,20.0,32.0,5.2,980,15.5,26.0,18.0,30.0,5.0,70,5.3,980,4.4,23.0,5.2,980.0,5.4,1000,1,0,2,1,[39 73],[64]
AUSTRIA 1,45382,Sturm Graz,Salzburg,3.25,1000.0,1.04,2.48,3.45,3.65,0,0,0.0,0,0,0,0,0,2.1,4.6,1.28,1.9,0,0,0,0,0,0,0,0,1.12,110.0,1.12,110.0,0,0,0,0,0,0,0,0,0,0,0,0,0,0,0,0,0,0,1.03,13.5,1.03,10.5,1.03,1000.0,1.03,1000.0,1.03,13.0,1.03,8.6,1.03,12.5,1.03,1000.0,1.03,25.0,1.03,16.0,1.03,1000.0,1.03,1000,1.03,1000.0,1.03,1000.0,1.03,1000,1.03,1000,1.01,1000.0,1.01,1000.0,1.03,1000,0,0,0,1,[],[48]
GERMANY 2,45382,Greuther Furth,Hamburger SV,3.0,3.2,2.28,2.44,3.9,4.3,0,0,0.0,0,0,0,0,0,1.55,1.61,2.64,4.5,0,0,0,0,0,0,0,0,1.52,1.59,2.7,2.94,0,0,0,0,0,0,0,0,0,0,0,0,0,0,0,0,0,0,1.03,1000.0,13.0,1000.0,1.03,1000.0,1.03,1000.0,15.5,1000.0,1.03,1000.0,1.03,1000.0,1.03,1000.0,1.03,1000.0,11.0,1000.0,1.03,1000.0,1.03,1000,1.03,1000.0,1.03,1000.0,1.03,1000,1.03,1000,1.01,1000.0,1.01,1000.0,1.03,1000,0,0,1,1,[77],[56]
ECUADOR 1,45382,Emelec,Ind. del Valle,2.58,2.78,2.98,3.25,3.15,3.45,0,0,0.0,0,0,0,0,0,2.06,2.14,1.88,1.94,0,0,0,0,0,0,0,0,1.75,1.88,2.14,2.32,0,0,0,0,0,0,0,0,0,0,0,0,0,0,0,0,0,0,10.0,15.0,9.4,15.0,15.0,24.0,4.6,980.0,9.4,13.5,6.6,9.0,11.0,16.0,24.0,980.0,14.0,20.0,10.0,14.5,14.0,21.0,5.0,980,26.0,980.0,20.0,34.0,4.9,980,4.7,980,4.1,27.0,4.3,34.0,4.9,1000,0,0,0,0,[],[]
ECUADOR 1,45382,Dep. Cuenca,Delfin,1.94,2.0,4.9,5.0,3.3,3.55,0,0,0.0,0,0,0,0,0,2.24,2.34,1.75,1.81,0,0,0,0,0,0,0,0,1.99,2.16,1.87,2.02,0,0,0,0,0,0,0,0,0,0,0,0,0,0,0,0,0,0,9.6,13.0,12.5,17.0,25.0,980.0,5.7,980.0,6.8,980.0,6.6,8.4,16.5,23.0,5.7,980.0,9.2,13.5,9.4,980.0,18.5,27.0,5.7,980,17.5,980.0,20.0,980.0,5.4,980,5.7,980,4.6,21.0,5.6,980.0,5.9,1000,0,0,0,0,[],[]
ECUADOR 1,45382,U. Catolica,Orense,1.04,1.58,1.04,870.0,1.2,330.0,0,0,0.0,0,0,0,0,0,1.05,4.6,1.27,30.0,0,0,0,0,0,0,0,0,1.12,20.0,1.12,20.0,0,0,0,0,0,0,0,0,0,0,0,0,0,0,0,0,0,0,1.01,1000.0,1.01,1000.0,1.01,1000.0,1.01,1000.0,1.01,1000.0,1.01,1000.0,1.01,1000.0,1.01,1000.0,1.01,1000.0,1.01,1000.0,1.01,1000.0,1.01,1000,1.01,1000.0,1.01,1000.0,1.01,1000,1.01,1000,1.01,1000.0,1.01,1000.0,1.01,1000,3,1,5,1,[20 39 45 62 86],[43]
GERMANY 3,45382,Arminia Bielefeld,Duisburg,2.08,3.5,1.88,1000.0,1.88,330.0,0,0,0.0,0,0,0,0,0,1.67,1.84,2.18,2.5,0,0,0,0,0,0,0,0,1.66,20.0,1.12,20.0,0,0,0,0,0,0,0,0,0,0,0,0,0,0,0,0,0,0,14.0,980.0,13.5,980.0,1.1,1000.0,1.1,1000.0,9.8,980.0,7.4,980.0,12.0,980.0,1.1,1000.0,12.0,1000.0,9.0,980.0,13.5,980.0,1.1,1000,21.0,1000.0,16.5,1000.0,1.1,1000,1.1,1000,1.1,1000.0,1.1,1000.0,1.1,1000,2,0,2,0,[27 43],[]
GERMANY 3,45382,Viktoria Koln,Lubeck,1.98,2.34,3.2,4.5,3.7,950.0,0,0,0.0,0,0,0,0,0,1.68,1.93,2.06,2.46,0,0,0,0,0,0,0,0,1.12,1000.0,1.12,1000.0,0,0,0,0,0,0,0,0,0,0,0,0,0,0,0,0,0,0,1.03,19.0,1.03,18.0,1.03,1000.0,1.03,1000.0,1.03,12.5,1.03,9.6,1.03,1000.0,1.03,1000.0,1.03,15.5,1.03,11.5,1.03,1000.0,1.03,1000,1.03,1000.0,1.03,23.0,1.03,1000,1.03,1000,1.01,13.5,1.01,32.0,1.03,1000,0,0,1,0,[66],[]
BULGARIA 1,45382,CSKA 1948 Sofia,Beroe,1.61,1000.0,1.32,1000.0,1.2,330.0,0,0,0.0,0,0,0,0,0,1.06,4.6,1.27,26.0,0,0,0,0,0,0,0,0,1.9,2.52,1.66,2.1,0,0,0,0,0,0,0,0,0,0,0,0,0,0,0,0,0,0,1.1,980.0,1.1,980.0,1.1,1000.0,1.1,1000.0,1.1,980.0,1.1,980.0,1.1,980.0,1.1,1000.0,1.1,10.0,1.1,980.0,1.1,980.0,1.1,1000,1.1,1000.0,1.1,22.0,1.1,1000,1.1,1000,1.1,12.5,1.1,1000.0,1.1,1000,0,0,0,1,[],[88]
BULGARIA 1,45382,Botev Plovdiv,Cherno More,1.04,1000.0,1.04,1000.0,1.2,980.0,0,0,0.0,0,0,0,0,0,1.07,4.6,1.27,18.0,0,0,0,0,0,0,0,0,1.83,2.14,1.88,2.2,0,0,0,0,0,0,0,0,0,0,0,0,0,0,0,0,0,0,1.03,11.5,1.03,12.5,1.03,1000.0,1.03,1000.0,1.03,9.8,1.03,8.4,1.03,16.5,1.03,1000.0,1.03,15.5,1.03,13.0,1.03,1000.0,1.03,1000,1.03,1000.0,1.03,1000.0,1.03,1000,1.03,1000,1.01,1000.0,1.01,1000.0,1.03,1000,0,0,0,0,[],[]
AUSTRIA 1,45382,LASK,A. Klagenfurt,1.64,1.69,5.7,7.4,3.9,4.5,0,0,0.0,0,0,0,0,0,1.05,4.6,1.27,36.0,0,0,0,0,0,0,0,0,1.12,110.0,1.12,110.0,0,0,0,0,0,0,0,0,0,0,0,0,0,0,0,0,0,0,1.03,15.0,1.03,1000.0,1.03,1000.0,1.03,1000.0,1.03,8.6,1.03,10.0,1.03,1000.0,1.03,1000.0,1.03,10.5,1.03,11.0,1.03,1000.0,1.03,1000,1.03,1000.0,1.03,1000.0,1.03,1000,1.03,1000,1.01,1000.0,1.01,1000.0,1.03,1000,0,0,1,0,[58],[]
BELGIUM 1,45382,St. Truiden,Westerlo,2.1,1000.0,3.05,1000.0,1.2,3.8,0,0,0.0,0,0,0,0,0,1.25,4.6,1.27,18.0,0,0,0,0,0,0,0,0,1.63,9.4,1.12,20.0,0,0,0,0,0,0,0,0,0,0,0,0,0,0,0,0,0,0,1.1,980.0,1.1,980.0,1.1,1000.0,1.1,1000.0,1.1,980.0,1.1,980.0,1.1,980.0,1.1,1000.0,1.1,1000.0,1.1,980.0,1.1,980.0,1.1,1000,1.1,1000.0,1.1,1000.0,1.1,1000,1.1,1000,1.1,1000.0,1.1,1000.0,1.1,1000,1,0,2,0,[ 7 84],[]
GERMANY 3,45382,Verl,Sandhausen,2.04,2.84,2.74,1000.0,1.21,1000.0,0,0,0.0,0,0,0,0,0,1.81,1.94,2.06,2.22,0,0,0,0,0,0,0,0,1.7,1.81,2.24,2.44,0,0,0,0,0,0,0,0,0,0,0,0,0,0,0,0,0,0,11.5,16.5,10.5,980.0,17.0,28.0,3.05,70.0,8.6,12.0,6.4,8.6,10.0,14.5,6.2,42.0,11.5,18.0,8.4,11.5,12.5,980.0,6.6,55,22.0,38.0,17.0,28.0,6.4,44,2.84,110,2.72,19.0,2.72,34.0,2.72,1000,1,2,4,4,[34 61 69 88],[27 39 79 85]
PORTUGAL 1,45382,Vizela,Casa Pia,2.38,2.5,3.45,3.7,3.2,3.3,0,0,0.0,0,0,0,0,0,2.4,2.6,1.62,1.71,0,0,0,0,0,0,0,0,1.95,2.28,1.79,2.06,0,0,0,0,0,0,0,0,0,0,0,0,0,0,0,0,0,0,7.8,11.0,8.8,13.0,18.5,28.0,48.0,85.0,6.8,9.8,6.0,8.6,12.5,18.5,36.0,65.0,11.5,16.5,10.0,14.0,17.5,27.0,50.0,90,25.0,42.0,23.0,38.0,40.0,70,110.0,190,1.01,36.0,1.01,75.0,1.01,1000,0,1,0,4,[],[25 57 70 90]
AUSTRIA 2,45382,Liefering,Floridsdorfer AC,1.04,1000.0,1.04,2.98,1.2,950.0,0,0,0.0,0,0,0,0,0,1.79,2.0,2.0,2.26,0,0,0,0,0,0,0,0,1.65,1.86,2.16,2.52,0,0,0,0,0,0,0,0,0,0,0,0,0,0,0,0,0,0,1.03,16.0,1.03,14.0,1.03,23.0,1.03,1000.0,1.03,12.5,1.03,1000.0,1.03,14.0,1.03,36.0,1.03,1000.0,1.03,13.0,1.03,1000.0,1.03,1000,1.03,1000.0,1.03,1000.0,1.03,1000,1.03,1000,1.01,21.0,1.01,28.0,1.03,1000,2,0,4,1,[ 5 36 85 89],[57]
AUSTRIA 1,45382,Hartberg,SK Rapid,3.1,1000.0,1.33,2.32,3.25,4.0,0,0,0.0,0,0,0,0,0,1.05,4.6,1.27,980.0,0,0,0,0,0,0,0,0,1.12,110.0,1.12,110.0,0,0,0,0,0,0,0,0,0,0,0,0,0,0,0,0,0,0,1.03,15.0,1.03,11.0,1.03,1000.0,1.03,1000.0,1.03,14.5,1.03,9.2,1.03,12.0,1.03,27.0,1.03,1000.0,1.03,1000.0,1.03,1000.0,1.03,1000,1.03,1000.0,1.03,1000.0,1.03,1000,1.03,1000,1.01,1000.0,1.01,19.0,1.03,1000,0,2,0,3,[],[ 3 43 81]
NORWAY 2,45383,Kongsvinger,Ranheim,2.0,2.12,3.45,3.8,4.0,4.5,0,0,0.0,0,0,0,0,0,1.53,1.65,2.54,2.9,0,0,0,0,0,0,0,0,1.53,1.62,2.62,2.86,0,0,0,0,0,0,0,0,0,0,0,0,0,0,0,0,0,0,4.3,980.0,4.2,980.0,4.4,980.0,4.7,980.0,3.95,980.0,3.75,12.5,4.0,980.0,4.5,980.0,4.0,980.0,3.8,980.0,4.0,19.0,4.5,980,4.3,980.0,4.1,980.0,4.3,980,4.7,980,3.25,55.0,4.2,980.0,4.9,980,0,1,2,1,[75 90],[17]
NORWAY 2,45383,Bryne,Start,2.16,2.38,3.3,3.75,3.45,3.75,0,0,0.0,0,0,0,0,0,2.0,2.2,1.84,1.99,0,0,0,0,0,0,0,0,1.81,1.95,2.06,2.22,0,0,0,0,0,0,0,0,0,0,0,0,0,0,0,0,0,0,2.3,980.0,5.9,980.0,3.05,980.0,2.64,980.0,8.4,9.8,4.5,14.0,6.2,980.0,2.74,1000.0,5.9,980.0,5.6,980.0,2.74,980.0,2.74,1000,2.74,980.0,3.5,980.0,2.74,1000,2.74,1000,2.42,980.0,2.58,980.0,2.74,1000,2,0,3,1,[20 24 79],[90]
NORWAY 2,45383,Asane,Levanger,2.08,2.38,3.05,3.8,3.5,4.8,0,0,0.0,0,0,0,0,0,1.66,1.89,2.12,2.52,0,0,0,0,0,0,0,0,1.59,1.81,2.22,2.7,0,0,0,0,0,0,0,0,0,0,0,0,0,0,0,0,0,0,1.54,980.0,1.53,980.0,1.67,980.0,3.8,1000.0,1.75,980.0,1.78,980.0,5.0,980.0,4.0,1000.0,3.25,980.0,4.4,980.0,5.0,980.0,1.67,1000,3.95,1000.0,5.4,1000.0,5.6,1000,1.66,980,1.55,980.0,1.67,1000.0,7.4,1000,1,1,2,2,[14 78],[43 48]
NORWAY 2,45383,Aalesund,Stabaek,2.64,2.9,2.7,2.9,3.5,4.0,0,0,0.0,0,0,0,0,0,1.83,1.94,2.06,2.22,0,0,0,0,0,0,0,0,1.67,1.78,2.28,2.48,0,0,0,0,0,0,0,0,0,0,0,0,0,0,0,0,0,0,3.8,980.0,9.6,16.0,13.5,980.0,4.6,980.0,9.6,16.0,6.4,980.0,9.2,15.5,4.7,980.0,13.5,980.0,9.2,15.5,12.0,21.0,4.8,980,4.6,980.0,4.6,980.0,4.7,980,4.7,980,4.1,980.0,4.1,980.0,4.8,1000,0,0,1,1,[72],[89]
ENGLAND 4,45383,Grimsby,Bradford City,2.68,2.7,2.84,2.88,3.55,3.6,0,0,0.0,0,0,0,0,0,1.95,2.16,1.87,2.06,0,0,0,0,0,0,0,0,1.79,1.88,2.14,2.28,0,0,0,0,0,0,0,0,0,0,0,0,0,0,0,0,0,0,12.0,14.0,10.5,14.5,16.5,19.0,23.0,46.0,10.0,11.5,7.2,8.0,11.5,13.0,27.0,34.0,15.5,24.0,11.0,12.5,13.5,18.0,24.0,48,34.0,42.0,11.0,32.0,23.0,46,14.0,100,19.5,32.0,10.0,36.0,15.0,1000,0,0,1,1,[55],[90]
ENGLAND 4,45383,Sutton,Swindon,2.32,2.34,3.15,3.25,3.75,3.85,0,0,0.0,0,0,0,0,0,1.75,1.8,2.24,2.34,0,0,0,0,0,0,0,0,1.63,1.7,2.42,2.6,0,0,0,0,0,0,0,0,0,0,0,0,0,0,0,0,0,0,15.0,17.5,14.0,16.0,21.0,24.0,12.0,55.0,7.0,13.0,7.6,9.4,12.5,13.5,29.0,34.0,8.6,980.0,10.0,11.0,14.5,16.0,34.0,980,28.0,32.0,20.0,23.0,10.5,980,26.0,75,12.0,15.0,18.5,25.0,14.5,1000,1,0,3,1,[ 9 48 70],[90]
ENGLAND 4,45383,Tranmere,Colchester,2.44,2.46,3.2,3.25,3.55,3.65,0,0,0.0,0,0,0,0,0,1.8,1.9,2.12,2.26,0,0,0,0,0,0,0,0,1.67,1.74,2.36,2.5,0,0,0,0,0,0,0,0,0,0,0,0,0,0,0,0,0,0,12.5,17.0,13.0,15.0,20.0,23.0,12.5,55.0,11.0,13.0,7.6,8.4,12.0,13.5,28.0,38.0,15.0,16.5,10.5,11.5,8.4,16.5,12.0,42,30.0,34.0,21.0,24.0,11.5,36,46.0,80,13.0,17.5,15.0,30.0,15.5,980,1,1,1,1,[7],[8]
ENGLAND 4,45383,Stockport County,AFC Wimbledon,1.66,1.71,6.0,6.4,3.85,4.2,0,0,0.0,0,0,0,0,0,2.06,2.24,1.81,1.92,0,0,0,0,0,0,0,0,2.04,2.2,1.84,1.96,0,0,0,0,0,0,0,0,0,0,0,0,0,0,0,0,0,0,9.8,15.5,13.5,23.0,5.4,980.0,5.8,980.0,5.9,7.8,6.8,9.0,17.5,30.0,5.7,980.0,7.0,11.0,9.4,12.5,17.0,29.0,5.7,980,12.0,20.0,13.5,23.0,5.5,50,5.9,980,4.0,12.0,5.7,980.0,5.9,1000,0,0,1,0,[85],[]
ENGLAND 4,45383,Notts Co,MK Dons,2.82,2.86,2.54,2.56,3.9,3.95,0,0,0.0,0,0,0,0,0,1.55,1.64,2.56,2.82,0,0,0,0,0,0,0,0,1.5,1.56,2.78,3.0,0,0,0,0,0,0,0,0,0,0,0,0,0,0,0,0,0,0,20.0,25.0,15.0,18.0,17.5,22.0,30.0,38.0,16.0,19.5,8.8,9.8,11.0,12.0,20.0,23.0,20.0,24.0,10.0,13.5,13.0,15.0,15.0,980,38.0,980.0,23.0,980.0,16.0,980,36.0,55,10.0,15.0,6.6,13.0,13.0,980,1,1,3,3,[45 48 90],[19 64 83]
ENGLAND 3,45383,Blackpool,Wycombe,1.88,1.9,4.9,5.0,3.65,3.7,0,0,0.0,0,0,0,0,0,2.12,2.32,1.76,1.9,0,0,0,0,0,0,0,0,1.97,2.06,1.94,2.04,0,0,0,0,0,0,0,0,0,0,0,0,0,0,0,0,0,0,10.0,12.0,13.5,16.5,30.0,36.0,12.0,130.0,7.2,8.0,7.2,8.2,16.5,980.0,11.5,980.0,9.6,11.0,9.6,10.5,18.5,23.0,12.0,90,8.6,22.0,18.5,980.0,34.0,46,12.5,980,12.0,17.0,11.5,980.0,13.0,1000,0,0,0,0,[],[]
ENGLAND 4,45383,Morecambe,Barrow,3.8,3.9,2.1,2.18,3.55,3.75,0,0,0.0,0,0,0,0,0,2.0,2.1,1.91,2.0,0,0,0,0,0,0,0,0,1.82,1.92,2.08,2.22,0,0,0,0,0,0,0,0,0,0,0,0,0,0,0,0,0,0,11.0,14.0,8.4,9.8,11.5,16.0,23.0,26.0,12.5,17.5,7.4,8.0,9.6,11.0,20.0,23.0,23.0,27.0,14.0,16.0,8.4,19.0,34.0,40,10.5,80.0,11.5,980.0,12.5,980,13.5,110,11.5,980.0,9.0,23.0,9.2,1000,2,0,2,1,[ 3 11],[89]
ENGLAND 4,45383,Harrogate,Gillingham,3.9,4.1,2.14,2.18,3.4,3.6,0,0,0.0,0,0,0,0,0,2.14,2.44,1.7,1.88,0,0,0,0,0,0,0,0,1.87,2.16,1.86,2.16,0,0,0,0,0,0,0,0,0,0,0,0,0,0,0,0,0,0,9.0,12.5,7.0,9.4,9.4,15.5,20.0,34.0,9.4,15.0,6.6,8.6,9.6,12.5,18.5,32.0,19.0,32.0,12.0,20.0,15.0,25.0,4.9,980,4.9,980.0,4.9,980.0,4.9,980,5.2,980,4.9,980.0,4.3,25.0,5.2,1000,0,1,5,1,[60 68 70 90 90],[41]
ENGLAND 4,45383,Crewe,Forest Green,1.75,1.77,5.1,5.3,4.0,4.3,0,0,0.0,0,0,0,0,0,1.87,1.98,2.02,2.16,0,0,0,0,0,0,0,0,1.85,1.9,2.1,2.18,0,0,0,0,0,0,0,0,0,0,0,0,0,0,0,0,0,0,11.5,14.5,16.0,26.0,34.0,40.0,16.0,980.0,8.2,8.8,8.0,8.8,18.5,28.0,34.0,980.0,9.6,11.0,9.4,10.0,18.5,21.0,15.5,980,16.5,18.0,16.0,980.0,30.0,36,17.0,120,7.2,11.0,15.5,130.0,15.0,1000,0,3,0,3,[],[13 26 28]
ENGLAND 4,45383,Walsall,Salford,2.04,2.2,3.35,3.85,3.7,4.1,0,0,0.0,0,0,0,0,0,1.72,1.8,2.24,2.4,0,0,0,0,0,0,0,0,1.64,1.77,2.3,2.54,0,0,0,0,0,0,0,0,0,0,0,0,0,0,0,0,0,0,14.5,18.5,13.0,18.0,21.0,980.0,7.0,980.0,9.8,13.0,7.8,9.4,12.0,16.5,6.4,980.0,12.0,16.0,9.4,12.0,13.5,18.5,6.6,980,21.0,980.0,17.0,980.0,6.4,980,7.2,980,5.0,14.0,6.2,980.0,7.6,1000,1,0,2,1,[ 9 90],[61]
SAUDI ARABIA 1,45383,Al Raed,Al Khaleej,1.97,2.02,4.1,4.4,3.65,3.85,0,0,0.0,0,0,0,0,0,2.04,2.1,1.91,1.96,0,0,0,0,0,0,0,0,1.8,2.02,1.99,2.26,0,0,0,0,0,0,0,0,0,0,0,0,0,0,0,0,0,0,12.0,13.5,14.0,15.5,28.0,32.0,11.5,95.0,8.0,9.2,7.6,8.6,15.5,18.0,42.0,60.0,10.0,12.0,9.6,11.0,17.5,20.0,36.0,120,20.0,23.0,18.5,21.0,34.0,40,11.5,110,13.5,15.5,42.0,65.0,12.5,1000,0,1,0,1,[],[28]
ITALY 1,45383,Cagliari,Verona,2.28,2.3,3.9,3.95,3.25,3.3,0,0,0.0,0,0,0,0,0,2.28,2.36,1.74,1.79,0,0,0,0,0,0,0,0,1.96,2.04,1.98,2.06,0,0,0,0,0,0,0,0,0,0,0,0,0,0,0,0,0,0,9.8,10.0,11.5,12.5,23.0,25.0,65.0,75.0,8.0,8.4,6.8,7.2,14.5,16.0,46.0,55.0,12.0,13.0,10.5,11.5,18.5,20.0,60.0,70,26.0,29.0,24.0,27.0,42.0,48,42.0,130,20.0,23.0,48.0,60.0,25.0,1000,0,1,1,1,[74],[30]
SAUDI ARABIA 1,45383,Al Ahli SC,Al Ittihad,2.18,2.22,3.4,3.6,3.75,3.95,0,0,0.0,0,0,0,0,0,1.76,1.81,2.24,2.32,0,0,0,0,0,0,0,0,1.66,1.82,2.22,2.64,0,0,0,0,0,0,0,0,0,0,0,0,0,0,0,0,0,0,14.5,19.5,13.0,18.0,21.0,29.0,42.0,65.0,9.6,13.0,7.4,9.8,12.0,16.0,27.0,40.0,11.5,16.0,9.0,12.0,14.0,19.0,32.0,48,21.0,29.0,17.0,23.0,22.0,36,46.0,85,4.8,14.5,5.8,32.0,7.0,980,1,0,1,0,[34],[]
ITALY 1,45383,Sassuolo,Udinese,3.0,3.05,2.66,2.7,3.4,3.45,0,0,0.0,0,0,0,0,0,2.1,2.18,1.85,1.91,0,0,0,0,0,0,0,0,1.84,1.9,2.12,2.2,0,0,0,0,0,0,0,0,0,0,0,0,0,0,0,0,0,0,11.0,12.5,9.8,10.5,14.5,16.5,34.0,38.0,10.5,11.5,7.0,7.4,11.0,12.0,26.0,30.0,17.5,19.5,12.0,13.5,17.0,18.5,40.0,46,44.0,50.0,30.0,36.0,44.0,50,70.0,110,29.0,34.0,23.0,26.0,18.5,1000,1,1,1,1,[41],[44]
ITALY 1,45383,Bologna,Salernitana,1.28,1.29,16.0,17.0,6.0,6.2,0,0,0.0,0,0,0,0,0,1.8,1.84,2.18,2.26,0,0,0,0,0,0,0,0,2.42,2.5,1.67,1.71,0,0,0,0,0,0,0,0,0,0,0,0,0,0,0,0,0,0,18.0,20.0,34.0,42.0,50.0,160.0,140.0,980.0,7.4,7.6,13.0,13.5,50.0,60.0,70.0,330.0,6.4,6.8,10.0,11.0,36.0,42.0,55.0,270,8.4,8.8,14.0,15.0,44.0,55,110.0,300,5.2,5.4,120.0,520.0,27.0,1000,2,0,3,0,[14 44 90],[]
ITALY 1,45383,Lecce,AS Roma,4.6,4.7,1.95,1.96,3.65,3.7,0,0,0.0,0,0,0,0,0,2.16,2.2,1.83,1.85,0,0,0,0,0,0,0,0,1.97,2.0,2.0,2.04,0,0,0,0,0,0,0,0,0,0,0,0,0,0,0,0,0,0,12.0,12.5,7.8,8.4,10.0,11.0,20.0,22.0,14.0,15.0,7.6,8.0,10.0,10.5,20.0,22.0,29.0,32.0,17.0,18.5,19.0,21.0,38.0,42,70.0,110.0,55.0,65.0,65.0,75,42.0,130,55.0,75.0,13.5,15.0,21.0,1000,0,0,0,0,[],[]
ITALY 1,45383,Inter,Empoli,1.21,1.22,19.5,21.0,8.0,8.2,0,0,0.0,0,0,0,0,0,1.52,1.55,2.84,2.9,0,0,0,0,0,0,0,0,2.18,2.28,1.79,1.85,0,0,0,0,0,0,0,0,0,0,0,0,0,0,0,0,0,0,28.0,32.0,50.0,60.0,48.0,190.0,40.0,980.0,9.6,10.5,17.0,18.5,55.0,65.0,60.0,370.0,7.4,7.6,10.5,11.5,36.0,40.0,48.0,980,8.6,9.0,12.5,13.5,34.0,40,75.0,980,3.6,3.75,140.0,390.0,26.0,1000,1,0,2,0,[ 6 81],[]
NORWAY 2,45383,Sandnes,Egersund,2.52,2.76,2.52,2.8,3.9,4.4,0,0,0.0,0,0,0,0,0,1.52,1.65,2.54,2.94,0,0,0,0,0,0,0,0,1.51,1.6,2.66,2.96,0,0,0,0,0,0,0,0,0,0,0,0,0,0,0,0,0,0,17.5,980.0,12.5,980.0,15.5,27.0,5.4,980.0,12.5,980.0,7.4,10.5,9.4,980.0,17.5,30.0,15.5,26.0,9.2,980.0,11.0,18.5,21.0,980,5.6,980.0,17.5,29.0,21.0,980,5.5,980,4.3,16.5,4.3,17.0,5.7,980,1,3,3,4,[23 64 90],[21 40 43 74]
NORWAY 2,45383,Valerenga,Sogndal,1.37,1.44,7.2,9.8,5.3,6.2,0,0,0.0,0,0,0,0,0,1.53,1.66,2.52,2.9,0,0,0,0,0,0,0,0,1.76,2.04,1.96,2.32,0,0,0,0,0,0,0,0,0,0,0,0,0,0,0,0,0,0,5.1,980.0,5.0,980.0,5.3,980.0,5.5,1000.0,8.2,12.5,9.8,980.0,4.9,980.0,5.4,980.0,8.0,12.0,7.8,980.0,18.0,980.0,5.3,980,9.0,15.0,10.0,17.0,5.3,980,5.4,980,2.74,5.3,5.4,980.0,5.6,1000,0,1,1,1,[69],[37]
NORWAY 2,45383,Moss,Lyn,2.38,2.68,2.84,3.2,3.4,3.85,0,0,0.0,0,0,0,0,0,1.91,2.14,1.88,2.1,0,0,0,0,0,0,0,0,1.7,1.93,2.08,2.42,0,0,0,0,0,0,0,0,0,0,0,0,0,0,0,0,0,0,5.5,980.0,10.0,980.0,6.0,980.0,4.0,980.0,9.0,12.0,7.2,8.8,10.5,980.0,6.6,980.0,6.0,980.0,9.6,980.0,6.0,980.0,4.4,980,4.3,980.0,6.4,980.0,3.95,980,2.62,980,2.38,980.0,2.46,980.0,2.68,1000,1,0,3,0,[37 70 87],[]
NORWAY 2,45383,Mjondalen,Raufoss,2.22,2.36,3.45,3.8,3.25,3.6,0,0,0.0,0,0,0,0,0,2.12,2.32,1.76,1.89,0,0,0,0,0,0,0,0,1.86,2.02,1.98,2.16,0,0,0,0,0,0,0,0,0,0,0,0,0,0,0,0,0,0,9.6,980.0,5.6,980.0,7.2,980.0,5.9,980.0,8.0,10.0,6.2,14.0,13.5,980.0,8.2,980.0,11.0,980.0,5.4,12.0,6.8,980.0,4.2,980,7.6,980.0,7.4,980.0,8.2,980,3.3,980,4.8,980.0,3.15,980.0,3.35,1000,1,0,1,1,[2],[90]
ENGLAND 3,45383,Bolton,Reading,1.6,1.62,6.2,6.4,4.4,4.6,0,0,0.0,0,0,0,0,0,1.7,1.84,2.2,2.44,0,0,0,0,0,0,0,0,1.78,1.9,2.12,2.3,0,0,0,0,0,0,0,0,0,0,0,0,0,0,0,0,0,0,16.0,19.0,21.0,26.0,12.0,55.0,14.5,180.0,9.2,10.5,9.2,10.0,21.0,23.0,13.0,980.0,9.4,10.5,9.4,9.8,18.0,21.0,13.0,80,14.0,16.0,14.0,16.0,27.0,32,14.0,110,6.2,8.0,13.5,80.0,16.0,1000,2,1,5,2,[11 45 49 77 90],[40 90]
SAUDI ARABIA 1,45383,Al Hazem,Damac,3.25,3.4,2.28,2.36,3.6,3.85,0,0,0.0,0,0,0,0,0,1.85,1.89,2.12,2.18,0,0,0,0,0,0,0,0,1.69,1.79,2.26,2.44,0,0,0,0,0,0,0,0,0,0,0,0,0,0,0,0,0,0,13.0,17.0,9.4,12.5,12.5,16.5,3.85,980.0,11.5,15.5,7.6,8.8,9.2,980.0,6.0,25.0,6.0,980.0,11.5,980.0,14.0,980.0,6.6,980,7.0,980.0,6.6,980.0,6.8,980,3.75,1000,2.16,980.0,5.3,55.0,2.32,1000,0,0,0,0,[],[]
ENGLAND 3,45383,Bristol Rovers,Shrewsbury,2.24,2.28,3.75,3.85,3.35,3.45,0,0,0.0,0,0,0,0,0,2.16,2.32,1.77,1.87,0,0,0,0,0,0,0,0,1.92,2.02,1.99,2.1,0,0,0,0,0,0,0,0,0,0,0,0,0,0,0,0,0,0,10.0,11.0,11.5,12.5,22.0,25.0,34.0,75.0,8.2,8.8,7.0,7.4,14.5,15.5,42.0,50.0,12.0,13.0,10.0,11.5,18.0,22.0,42.0,980,26.0,29.0,23.0,36.0,40.0,46,42.0,130,19.0,22.0,30.0,60.0,18.5,1000,0,0,0,0,[],[]
ENGLAND 3,45383,Northampton,Port Vale,2.62,2.64,3.05,3.15,3.35,3.4,0,0,0.0,0,0,0,0,0,2.22,2.38,1.73,1.82,0,0,0,0,0,0,0,0,1.92,2.04,1.98,2.1,0,0,0,0,0,0,0,0,0,0,0,0,0,0,0,0,0,0,9.4,12.0,9.6,12.0,17.5,21.0,8.8,55.0,8.4,17.0,6.8,7.6,12.5,14.0,32.0,65.0,14.0,16.5,11.0,12.5,17.0,30.0,32.0,60,24.0,40.0,26.0,980.0,40.0,60,9.8,980,23.0,34.0,22.0,42.0,10.0,1000,1,0,2,0,[34 90],[]
ENGLAND 3,45383,Cambridge Utd,Wigan,2.6,2.64,3.1,3.2,3.35,3.4,0,0,0.0,0,0,0,0,0,2.16,2.34,1.75,1.87,0,0,0,0,0,0,0,0,1.89,2.0,2.0,2.14,0,0,0,0,0,0,0,0,0,0,0,0,0,0,0,0,0,0,9.4,11.0,10.0,11.5,18.0,20.0,11.5,60.0,8.6,9.6,6.8,7.8,12.5,14.0,34.0,40.0,14.0,15.5,11.0,12.0,18.0,20.0,11.5,60,32.0,38.0,26.0,32.0,40.0,50,13.0,130,23.0,29.0,10.5,42.0,14.5,1000,1,0,3,1,[11 57 83],[65]
BELGIUM 1,45383,Cercle Brugge KSV,Club Brugge KV,3.6,3.9,2.04,2.12,3.7,4.0,0,0,0.0,0,0,0,0,0,1.8,1.9,2.12,2.24,0,0,0,0,0,0,0,0,1.68,1.84,2.2,2.46,0,0,0,0,0,0,0,0,0,0,0,0,0,0,0,0,0,0,14.0,18.5,9.2,12.5,11.5,15.5,20.0,28.0,13.5,18.0,7.8,9.4,9.6,12.0,16.5,22.0,6.4,32.0,12.5,17.0,14.0,18.5,6.6,36,6.6,980.0,6.2,980.0,6.4,980,7.4,980,6.2,38.0,4.8,13.5,7.2,1000,1,0,1,1,[32],[83]
ROMANIA 1,45383,Din. Bucuresti,Petrolul,2.56,2.78,3.15,3.5,2.86,3.2,0,0,0.0,0,0,0,0,0,2.72,3.05,1.49,1.58,0,0,0,0,0,0,0,0,2.16,2.34,1.74,1.86,0,0,0,0,0,0,0,0,0,0,0,0,0,0,0,0,0,0,7.0,9.6,3.8,980.0,4.9,25.0,5.6,980.0,7.0,980.0,6.0,14.0,4.6,19.0,5.6,980.0,4.5,18.5,4.4,16.5,5.0,980.0,5.8,980,5.4,980.0,5.4,980.0,5.7,980,5.9,980,5.4,980.0,5.6,980.0,6.0,1000,1,0,1,1,[39],[90]
SWITZERLAND 1,45383,Grasshoppers,Lausanne,2.74,2.86,2.74,2.92,3.35,3.6,0,0,0.0,0,0,0,0,0,1.99,2.24,1.83,2.02,0,0,0,0,0,0,0,0,1.81,1.93,2.08,2.24,0,0,0,0,0,0,0,0,0,0,0,0,0,0,0,0,0,0,11.0,13.0,10.0,11.5,16.0,18.5,38.0,46.0,9.8,11.0,7.0,7.8,11.5,13.0,28.0,34.0,15.5,18.0,11.0,12.5,16.0,18.5,28.0,48,36.0,44.0,27.0,32.0,28.0,48,26.0,110,19.0,980.0,20.0,980.0,15.0,1000,0,1,0,1,[],[15]
ENGLAND 5,45383,Wealdstone,Solihull Moors,2.7,3.05,2.46,2.74,3.55,4.1,0,0,0.0,0,0,0,0,0,1.67,1.88,2.12,2.5,0,0,0,0,0,0,0,0,1.58,1.72,2.36,2.72,0,0,0,0,0,0,0,0,0,0,0,0,0,0,0,0,0,0,5.1,980.0,4.9,980.0,5.3,980.0,2.52,1000.0,5.1,980.0,7.4,980.0,4.8,980.0,3.3,980.0,5.3,980.0,4.8,980.0,13.0,980.0,2.52,980,2.52,1000.0,2.32,980.0,2.52,980,2.48,980,2.26,980.0,2.22,980.0,2.5,1000,0,0,0,1,[],[90]
DENMARK 2,45383,Hillerod,B.93,1.71,1.79,4.5,5.0,4.3,4.8,0,0,0.0,0,0,0,0,0,1.61,1.76,2.32,2.64,0,0,0,0,0,0,0,0,1.67,1.82,2.22,2.5,0,0,0,0,0,0,0,0,0,0,0,0,0,0,0,0,0,0,16.0,27.0,15.5,26.0,4.6,48.0,4.6,980.0,8.8,14.5,8.6,11.5,13.5,23.0,4.5,980.0,9.0,15.0,8.4,12.5,13.5,23.0,4.5,65,13.5,23.0,12.0,20.0,20.0,36,4.8,980,3.1,8.8,4.3,55.0,4.7,980,1,0,4,0,[ 1 47 51 73],[]
UKRAINE 1,45383,Rukh Lviv,LNZ Cherkasy,2.2,2.48,3.6,5.0,3.05,3.3,0,0,0.0,0,0,0,0,0,2.24,2.82,1.54,1.8,0,0,0,0,0,0,0,0,2.1,2.54,1.79,1.9,0,0,0,0,0,0,0,0,0,0,0,0,0,0,0,0,0,0,2.78,980.0,2.96,980.0,2.18,980.0,2.34,1000.0,3.2,980.0,2.98,980.0,3.2,980.0,2.34,1000.0,3.05,980.0,3.0,980.0,3.35,980.0,2.3,1000,2.34,980.0,2.4,980.0,2.28,1000,2.32,1000,2.2,980.0,2.34,1000.0,2.34,1000,0,0,1,0,[90],[]
SWITZERLAND 1,45383,St. Gallen,Luzern,2.08,2.18,3.45,3.7,3.9,4.2,0,0,0.0,0,0,0,0,0,1.58,1.68,2.46,2.74,0,0,0,0,0,0,0,0,1.55,1.68,2.48,2.82,0,0,0,0,0,0,0,0,0,0,0,0,0,0,0,0,0,0,16.5,27.0,13.5,23.0,19.5,980.0,4.7,980.0,10.5,16.5,8.2,11.0,11.5,18.0,4.4,980.0,12.0,19.0,9.2,13.5,11.5,19.0,4.5,980,20.0,32.0,14.5,980.0,20.0,980,28.0,980,3.5,11.5,4.2,26.0,4.9,980,1,0,1,1,[42],[90]
BELGIUM 1,45383,Genk,Royale Union SG,2.82,3.0,2.48,2.6,3.6,3.8,0,0,0.0,0,0,0,0,0,1.77,1.86,2.16,2.3,0,0,0,0,0,0,0,0,1.66,1.74,2.34,2.5,0,0,0,0,0,0,0,0,0,0,0,0,0,0,0,0,0,0,15.0,980.0,10.5,13.0,14.0,980.0,8.6,980.0,12.5,14.5,7.2,8.8,10.5,12.0,20.0,27.0,7.4,23.0,10.5,13.5,13.5,17.0,8.6,980,9.0,980.0,8.2,32.0,8.8,980,9.8,980,7.6,24.0,6.8,980.0,10.5,1000,1,0,1,0,[27],[]
SWITZERLAND 1,45383,Yverdon,Young Boys,5.1,5.4,1.64,1.7,4.4,4.8,0,0,0.0,0,0,0,0,0,1.6,1.75,2.32,2.68,0,0,0,0,0,0,0,0,1.67,1.81,2.24,2.5,0,0,0,0,0,0,0,0,0,0,0,0,0,0,0,0,0,0,16.0,28.0,8.6,14.0,8.8,14.5,12.5,21.0,17.5,30.0,8.0,13.0,7.6,12.5,11.5,19.0,4.5,55.0,15.0,26.0,13.5,23.0,20.0,34,4.5,980.0,4.3,75.0,4.3,70,4.7,100,4.3,65.0,2.9,7.8,4.6,980,0,0,0,0,[],[]
IRELAND 1,45383,Waterford,Shamrock Rovers,5.3,6.0,1.78,1.85,3.6,3.95,0,0,0.0,0,0,0,0,0,2.24,2.42,1.71,1.81,0,0,0,0,0,0,0,0,2.12,2.22,1.82,1.9,0,0,0,0,0,0,0,0,0,0,0,0,0,0,0,0,0,0,9.4,12.5,6.6,8.2,8.6,10.5,16.0,21.0,5.7,17.5,7.6,8.6,9.4,11.5,6.2,23.0,6.2,980.0,5.6,25.0,5.8,28.0,6.4,980,7.0,980.0,6.8,980.0,6.8,980,7.0,980,6.8,980.0,5.0,16.0,7.2,1000,0,0,1,2,[64],[55 71]
IRELAND 1,45383,Shelbourne,Derry City,3.2,3.35,2.56,2.7,3.1,3.25,0,0,0.0,0,0,0,0,0,2.52,2.58,1.63,1.66,0,0,0,0,0,0,0,0,2.02,2.14,1.87,1.98,0,0,0,0,0,0,0,0,0,0,0,0,0,0,0,0,0,0,7.8,10.5,8.0,9.6,13.5,17.0,6.4,980.0,9.0,11.0,6.6,7.4,11.0,14.0,6.4,980.0,6.2,22.0,12.5,16.0,5.8,24.0,6.8,980,6.8,980.0,6.6,980.0,7.0,980,7.4,980,6.8,980.0,6.2,980.0,7.6,1000,0,0,0,0,[],[]
IRELAND 1,45383,Galway,Bohemians,2.04,2.06,4.5,4.7,3.35,3.4,0,0,0.0,0,0,0,0,0,2.48,2.56,1.64,1.67,0,0,0,0,0,0,0,0,2.2,2.3,1.77,1.84,0,0,0,0,0,0,0,0,0,0,0,0,0,0,0,0,0,0,8.6,9.4,11.5,12.5,28.0,34.0,55.0,980.0,6.2,6.8,7.0,7.6,18.5,20.0,48.0,85.0,9.4,10.5,10.0,11.5,23.0,26.0,65.0,110,22.0,26.0,24.0,26.0,38.0,60,95.0,190,17.5,22.0,16.0,120.0,19.0,1000,0,1,0,2,[],[21 57]
SWEDEN 1,45383,AIK,Vasteras SK,1.69,1.74,5.5,6.0,4.0,4.3,0,0,0.0,0,0,0,0,0,1.93,1.99,2.02,2.08,0,0,0,0,0,0,0,0,1.9,1.99,2.02,2.12,0,0,0,0,0,0,0,0,0,0,0,0,0,0,0,0,0,0,12.5,15.5,17.0,19.5,10.0,48.0,11.5,980.0,7.8,9.0,8.4,9.4,19.0,22.0,11.0,80.0,9.0,10.0,9.0,10.5,17.5,22.0,11.0,85,14.0,17.5,15.5,18.0,9.8,40,11.5,980,5.7,10.5,11.0,95.0,12.5,1000,0,0,1,0,[53],[]
SWITZERLAND 2,45383,Vaduz,Thun,3.7,3.85,1.94,2.02,4.1,4.5,0,0,0.0,0,0,0,0,0,1.58,1.72,2.4,2.74,0,0,0,0,0,0,0,0,1.55,1.72,2.38,2.82,0,0,0,0,0,0,0,0,0,0,0,0,0,0,0,0,0,0,18.5,980.0,11.0,15.0,12.0,16.0,19.0,980.0,16.5,22.0,8.4,11.0,8.8,12.0,14.5,980.0,6.0,980.0,13.0,17.5,13.5,18.0,5.9,980,6.6,980.0,6.2,980.0,6.2,980,6.6,980,5.8,980.0,4.2,10.0,7.2,980,1,0,1,0,[5],[]
ENGLAND 3,45383,Burton,Barnsley,4.4,4.6,1.94,1.96,3.7,3.8,0,0,0.0,0,0,0,0,0,1.89,1.95,2.04,2.12,0,0,0,0,0,0,0,0,1.81,1.91,2.1,2.24,0,0,0,0,0,0,0,0,0,0,0,0,0,0,0,0,0,0,13.0,15.0,8.8,10.0,11.0,13.5,20.0,27.0,14.5,17.0,7.8,8.6,9.2,10.0,18.0,980.0,28.0,32.0,15.5,17.0,15.0,18.5,30.0,55,12.0,95.0,26.0,55.0,32.0,60,15.0,95,13.5,55.0,10.5,13.0,13.5,1000,1,0,1,3,[37],[54 64 69]
DENMARK 2,45383,Koge,Horsens,3.2,3.45,2.18,2.28,3.65,4.1,0,0,0.0,0,0,0,0,0,1.8,1.87,2.16,2.24,0,0,0,0,0,0,0,0,1.64,1.74,2.34,2.56,0,0,0,0,0,0,0,0,0,0,0,0,0,0,0,0,0,0,14.0,18.5,5.0,980.0,13.5,980.0,6.4,980.0,5.8,16.5,7.8,9.6,4.8,980.0,6.0,980.0,20.0,27.0,12.5,980.0,14.5,980.0,6.6,980,7.2,980.0,6.6,980.0,6.8,980,7.4,980,6.2,29.0,5.1,55.0,8.0,1000,1,0,5,0,[24 60 67 75 79],[]
ENGLAND 3,45383,Carlisle,Lincoln,5.9,6.2,1.72,1.73,3.95,4.0,0,0,0.0,0,0,0,0,0,1.97,2.06,1.94,2.04,0,0,0,0,0,0,0,0,1.99,2.1,1.91,2.02,0,0,0,0,0,0,0,0,0,0,0,0,0,0,0,0,0,0,11.5,13.5,7.2,8.0,8.6,9.6,15.5,16.5,16.5,19.5,8.2,8.8,9.4,9.8,16.5,18.5,38.0,44.0,20.0,28.0,20.0,980.0,12.5,38,15.0,160.0,40.0,140.0,15.5,100,15.0,150,14.5,120.0,9.6,12.0,16.0,1000,0,1,1,3,[80],[10 53 90]
ENGLAND 3,45383,Charlton,Stevenage,2.88,2.9,2.78,2.8,3.35,3.4,0,0,0.0,0,0,0,0,0,2.14,2.42,1.7,1.87,0,0,0,0,0,0,0,0,1.91,2.04,1.97,2.1,0,0,0,0,0,0,0,0,0,0,0,0,0,0,0,0,0,0,9.8,10.5,9.0,10.0,15.5,17.0,36.0,44.0,9.2,10.0,6.8,7.4,12.0,13.0,30.0,38.0,16.0,18.0,12.0,13.0,18.0,20.0,16.0,55,40.0,980.0,30.0,980.0,16.0,60,19.5,130,14.0,40.0,13.5,36.0,17.0,1000,0,0,0,0,[],[]
ENGLAND 3,45383,Cheltenham,Exeter,2.24,2.26,3.65,3.75,3.45,3.5,0,0,0.0,0,0,0,0,0,2.12,2.22,1.81,1.9,0,0,0,0,0,0,0,0,1.91,2.04,1.97,2.1,0,0,0,0,0,0,0,0,0,0,0,0,0,0,0,0,0,0,10.0,12.0,11.0,980.0,21.0,25.0,10.5,980.0,8.0,980.0,7.0,8.0,6.8,980.0,9.8,980.0,12.0,13.5,10.0,11.0,17.0,19.5,10.0,980,26.0,30.0,8.4,27.0,36.0,48,11.0,130,15.0,55.0,10.0,55.0,4.0,1000,0,0,1,2,[51],[56 90]
ENGLAND 3,45383,Leyton Orient,Peterborough,3.15,3.3,2.44,2.46,3.5,3.65,0,0,0.0,0,0,0,0,0,1.82,2.02,1.98,2.22,0,0,0,0,0,0,0,0,1.72,1.81,2.22,2.38,0,0,0,0,0,0,0,0,0,0,0,0,0,0,0,0,0,0,12.0,15.5,9.4,12.5,13.0,17.5,6.2,980.0,10.5,14.5,6.8,8.8,9.6,13.0,20.0,980.0,17.5,980.0,11.0,15.0,14.0,19.0,6.4,980,6.6,980.0,6.2,980.0,6.4,980,7.0,980,6.0,980.0,5.4,20.0,7.4,1000,0,2,1,2,[66],[ 8 26]
ENGLAND 3,45383,Oxford Utd,Fleetwood,1.87,1.89,4.7,4.9,3.75,3.95,0,0,0.0,0,0,0,0,0,1.79,1.9,2.1,2.28,0,0,0,0,0,0,0,0,1.75,1.88,2.14,2.4,0,0,0,0,0,0,0,0,0,0,0,0,0,0,0,0,0,0,11.5,18.5,13.0,21.0,4.5,42.0,4.8,980.0,7.4,12.0,6.6,9.4,13.0,23.0,4.7,65.0,9.0,14.5,9.0,12.5,14.0,23.0,4.7,980,15.0,26.0,14.0,23.0,4.5,42,4.8,980,3.55,13.0,4.5,980.0,4.8,1000,3,0,4,0,[14 30 43 83],[]
DENMARK 1,45383,FC Copenhagen,Brondby,1.94,1.99,4.3,4.6,3.7,3.9,0,0,0.0,0,0,0,0,0,1.89,2.0,2.0,2.14,0,0,0,0,0,0,0,0,1.8,1.86,2.16,2.26,0,0,0,0,0,0,0,0,0,0,0,0,0,0,0,0,0,0,12.0,15.0,14.5,17.5,7.6,36.0,8.6,980.0,7.8,9.6,7.4,8.8,14.0,18.5,8.2,55.0,10.5,12.5,9.0,11.5,15.5,21.0,8.2,65,18.0,25.0,16.5,22.0,7.6,38,8.8,980,5.6,13.5,8.2,55.0,9.4,980,1,0,1,2,[42],[69 90]
DENMARK 1,45383,Midtjylland,Nordsjaelland,1.88,1.94,4.3,4.6,3.8,4.2,0,0,0.0,0,0,0,0,0,1.79,1.93,2.08,2.28,0,0,0,0,0,0,0,0,1.72,1.85,2.18,2.4,0,0,0,0,0,0,0,0,0,0,0,0,0,0,0,0,0,0,14.0,16.5,16.0,19.0,29.0,34.0,11.0,100.0,9.2,10.5,8.0,9.0,15.5,17.5,44.0,55.0,11.0,12.5,9.4,10.5,15.0,18.5,10.0,60,19.0,22.0,16.5,19.0,28.0,34,11.0,95,6.2,12.5,10.0,50.0,12.5,980,0,1,2,3,[67 81],[22 52 54]
DENMARK 2,45383,Hobro,Kolding IF,2.94,3.35,2.4,2.6,3.35,4.0,0,0,0.0,0,0,0,0,0,1.94,2.14,1.88,2.08,0,0,0,0,0,0,0,0,1.71,1.97,2.02,2.4,0,0,0,0,0,0,0,0,0,0,0,0,0,0,0,0,0,0,4.6,980.0,4.2,980.0,4.3,980.0,5.6,1000.0,4.4,980.0,4.1,980.0,4.0,980.0,4.8,980.0,4.5,980.0,4.5,980.0,4.4,980.0,5.1,980,5.2,980.0,5.0,980.0,5.2,980,5.4,1000,4.8,980.0,4.6,980.0,5.7,1000,0,0,0,0,[],[]
DENMARK 1,45383,Silkeborg,Aarhus,3.05,3.3,2.48,2.58,3.35,3.65,0,0,0.0,0,0,0,0,0,2.14,2.26,1.79,1.87,0,0,0,0,0,0,0,0,1.86,1.97,2.04,2.18,0,0,0,0,0,0,0,0,0,0,0,0,0,0,0,0,0,0,10.0,12.5,8.2,10.0,12.5,15.5,7.8,38.0,9.8,12.0,6.4,7.8,10.5,13.0,22.0,32.0,17.0,23.0,11.5,15.0,15.5,21.0,8.2,48,8.4,60.0,8.0,42.0,8.4,60,9.0,120,7.8,40.0,7.0,26.0,9.8,1000,1,1,2,2,[ 3 71],[41 63]
SWEDEN 1,45383,Goteborg,Djurgarden,3.55,3.8,2.24,2.34,3.4,3.45,0,0,0.0,0,0,0,0,0,2.18,2.3,1.77,1.84,0,0,0,0,0,0,0,0,1.9,2.02,1.99,2.12,0,0,0,0,0,0,0,0,0,0,0,0,0,0,0,0,0,0,10.0,12.0,8.2,9.0,12.0,13.5,26.0,30.0,11.0,13.5,7.0,8.0,10.0,11.5,23.0,27.0,21.0,25.0,13.5,15.5,17.5,19.5,38.0,46,12.0,75.0,11.5,50.0,29.0,60,12.5,130,24.0,50.0,15.0,23.0,13.0,1000,0,2,1,4,[84],[39 45 72 76]
SWEDEN 1,45383,Elfsborg,Varnamo,1.57,1.6,6.4,7.0,4.5,4.9,0,0,0.0,0,0,0,0,0,1.74,1.82,2.22,2.36,0,0,0,0,0,0,0,0,1.87,1.93,2.08,2.16,0,0,0,0,0,0,0,0,0,0,0,0,0,0,0,0,0,0,13.5,23.0,17.5,30.0,4.4,70.0,4.6,210.0,7.2,12.0,7.8,13.0,18.0,30.0,4.5,110.0,7.2,12.0,7.4,12.5,16.0,27.0,4.5,100,10.5,18.0,11.5,19.5,4.5,40,4.6,140,2.92,7.6,4.5,120.0,4.7,1000,2,1,2,2,[11 28],[42 56]
SWEDEN 2,45383,Brage,Varberg,2.4,2.58,2.98,3.2,3.5,3.8,0,0,0.0,0,0,0,0,0,1.9,2.08,1.92,2.12,0,0,0,0,0,0,0,0,1.71,1.87,2.16,2.42,0,0,0,0,0,0,0,0,0,0,0,0,0,0,0,0,0,0,11.5,15.0,10.5,13.5,17.0,980.0,6.8,980.0,9.6,11.5,6.8,8.6,12.0,15.0,6.6,980.0,14.0,980.0,10.0,13.0,15.0,980.0,6.8,50,6.6,980.0,22.0,980.0,6.8,980,7.2,980,5.8,980.0,6.2,980.0,7.8,980,1,0,1,0,[45],[]
SWEDEN 2,45383,Gefle,Helsingborg,3.55,3.85,2.1,2.2,3.55,3.9,0,0,0.0,0,0,0,0,0,1.88,2.08,1.93,2.14,0,0,0,0,0,0,0,0,1.76,1.87,2.14,2.3,0,0,0,0,0,0,0,0,0,0,0,0,0,0,0,0,0,0,13.0,18.0,9.2,12.5,12.0,16.5,4.7,32.0,13.0,17.5,7.6,8.6,9.6,13.5,19.0,27.0,4.6,32.0,13.5,18.5,16.0,22.0,4.9,44,4.8,85.0,4.7,55.0,4.7,65,4.9,120,4.6,48.0,3.85,16.0,5.0,990,0,2,2,3,[47 76],[23 27 59]
SWEDEN 2,45383,Orebro,Skovde AIK,1.81,1.86,4.5,5.0,4.0,4.2,0,0,0.0,0,0,0,0,0,1.74,1.9,2.12,2.36,0,0,0,0,0,0,0,0,1.73,1.88,2.14,2.36,0,0,0,0,0,0,0,0,0,0,0,0,0,0,0,0,0,0,14.0,19.5,15.0,980.0,5.8,980.0,6.4,980.0,8.4,11.5,7.6,10.5,15.0,980.0,6.0,980.0,9.8,13.0,8.4,11.5,15.0,980.0,6.0,980,16.0,980.0,14.5,19.5,5.7,980,6.2,980,4.2,11.0,6.0,980.0,6.6,1000,0,0,0,1,[],[76]
IRELAND 1,45383,Dundalk,Drogheda,2.02,2.12,3.85,4.3,3.65,4.0,0,0,0.0,0,0,0,0,0,1.91,2.08,1.94,2.1,0,0,0,0,0,0,0,0,1.8,1.9,2.12,2.24,0,0,0,0,0,0,0,0,0,0,0,0,0,0,0,0,0,0,10.5,18.0,11.0,18.5,21.0,36.0,4.7,980.0,7.2,12.0,6.4,8.6,12.0,20.0,4.8,60.0,11.0,15.5,8.0,13.0,14.0,24.0,4.8,980,17.0,29.0,15.5,26.0,5.0,46,4.8,980,3.7,55.0,4.6,980.0,4.9,1000,0,0,0,0,[],[]
AUSTRALIA 1,45383,Macarthur FC,WS Wanderers,2.7,2.78,2.56,2.58,4.0,4.1,0,0,0.0,0,0,0,0,0,1.52,1.53,2.88,2.94,0,0,0,0,0,0,0,0,1.46,1.51,2.96,3.25,0,0,0,0,0,0,0,0,0,0,0,0,0,0,0,0,0,0,25.0,28.0,17.5,18.5,20.0,22.0,32.0,38.0,18.5,20.0,9.6,10.5,11.0,12.0,20.0,22.0,22.0,24.0,11.5,13.0,13.0,13.5,24.0,27,38.0,42.0,22.0,24.0,25.0,28,40.0,48,12.0,13.0,10.5,12.0,30.0,980,0,0,1,3,[86],[57 65 70]
SWEDEN 1,45383,Sirius,Halmstad,1.92,1.98,4.2,4.5,3.8,4.0,0,0,0.0,0,0,0,0,0,1.81,1.9,2.12,2.24,0,0,0,0,0,0,0,0,1.74,1.81,2.24,2.34,0,0,0,0,0,0,0,0,0,0,0,0,0,0,0,0,0,0,14.5,17.0,15.5,17.5,8.0,40.0,9.2,110.0,9.2,10.5,8.0,9.0,15.0,17.5,8.6,60.0,11.0,13.0,9.2,10.5,16.0,18.5,8.8,70,19.5,22.0,17.0,19.5,8.0,40,9.2,120,5.5,12.0,8.6,60.0,10.0,980,1,0,3,0,[23 56 90],[]
ENGLAND 5,45383,Southend,Boreham Wood,1.55,1.6,6.4,7.8,4.3,4.6,0,0,0.0,0,0,0,0,0,1.83,2.1,1.9,2.2,0,0,0,0,0,0,0,0,1.93,2.24,1.81,2.08,0,0,0,0,0,0,0,0,0,0,0,0,0,0,0,0,0,0,12.0,980.0,18.5,980.0,5.7,980.0,6.2,1000.0,4.7,8.6,8.6,10.0,22.0,28.0,5.9,980.0,5.1,980.0,9.0,10.0,20.0,27.0,6.2,1000,12.5,15.0,14.5,17.5,5.5,42,6.0,170,7.2,11.0,6.2,1000.0,6.2,1000,3,0,4,2,[ 7 17 24 60],[48 63]
NORWAY 1,45383,Viking,Sarpsborg 08,1.79,1.83,4.2,4.5,4.5,4.8,0,0,0.0,0,0,0,0,0,1.47,1.55,2.68,3.15,0,0,0,0,0,0,0,0,1.5,1.62,2.6,3.0,0,0,0,0,0,0,0,0,0,0,0,0,0,0,0,0,0,0,24.0,29.0,23.0,28.0,34.0,42.0,11.0,90.0,13.0,15.5,10.0,11.5,16.5,18.5,36.0,46.0,13.0,15.0,9.6,10.5,14.5,16.5,34.0,44,19.0,21.0,14.0,16.0,21.0,24,30.0,60,4.7,7.4,8.6,28.0,12.0,980,1,0,1,0,[43],[]
POLAND 1,45383,Widzew Lodz,Korona Kielce,2.18,2.34,3.5,3.8,3.35,3.95,0,0,0.0,0,0,0,0,0,2.16,2.26,1.8,1.85,0,0,0,0,0,0,0,0,1.85,1.96,2.04,2.18,0,0,0,0,0,0,0,0,0,0,0,0,0,0,0,0,0,0,9.2,12.5,9.8,980.0,18.5,30.0,3.95,980.0,7.0,980.0,6.0,8.0,11.0,980.0,6.8,980.0,10.0,980.0,10.0,980.0,5.9,980.0,3.95,980,20.0,980.0,18.0,980.0,6.8,980,5.1,980,2.7,980.0,2.24,55.0,3.05,1000,1,0,3,1,[45 56 86],[75]
POLAND 1,45383,Gornik Zabrze,Legia,3.7,4.3,2.02,2.14,3.6,3.85,0,0,0.0,0,0,0,0,0,1.94,2.08,1.93,2.06,0,0,0,0,0,0,0,0,1.81,1.92,2.08,2.24,0,0,0,0,0,0,0,0,0,0,0,0,0,0,0,0,0,0,12.0,17.0,8.6,12.0,11.0,15.5,21.0,30.0,13.0,18.0,6.4,8.6,9.6,13.0,19.0,27.0,4.4,34.0,4.3,19.5,16.5,23.0,4.7,46,4.8,980.0,4.7,60.0,4.8,980,4.9,980,4.7,60.0,3.8,15.0,5.1,1000,0,1,1,3,[61],[42 68 75]
NETHERLANDS 2,45383,FC Emmen,Groningen,3.65,3.95,2.0,2.08,3.8,4.1,0,0,0.0,0,0,0,0,0,1.72,1.89,2.12,2.4,0,0,0,0,0,0,0,0,1.68,1.77,2.3,2.46,0,0,0,0,0,0,0,0,0,0,0,0,0,0,0,0,0,0,14.5,19.5,9.6,12.5,11.5,15.0,19.5,26.0,14.0,18.5,7.6,10.0,9.4,11.5,16.0,980.0,6.2,980.0,12.5,980.0,14.0,980.0,6.4,980,7.0,980.0,6.6,980.0,6.8,980,7.2,980,6.4,980.0,4.7,55.0,7.8,1000,0,2,0,3,[],[13 18 62]
PORTUGAL 2,45383,Benfica B,Academico Viseu,2.34,2.7,3.05,3.55,2.88,3.95,0,0,0.0,0,0,0,0,0,2.04,2.3,1.77,1.95,0,0,0,0,0,0,0,0,1.84,1.97,2.02,2.18,0,0,0,0,0,0,0,0,0,0,0,0,0,0,0,0,0,0,8.8,980.0,10.0,980.0,15.5,980.0,4.4,980.0,7.4,980.0,7.0,980.0,3.9,980.0,4.3,980.0,11.0,980.0,8.8,980.0,14.0,980.0,4.4,980,4.6,44.0,20.0,980.0,4.4,980,4.6,980,3.35,30.0,3.45,980.0,3.75,1000,0,0,1,1,[49],[57]
PORTUGAL 2,45383,Mafra,Torreense,2.46,2.64,3.2,3.5,3.15,3.35,0,0,0.0,0,0,0,0,0,2.28,2.6,1.62,1.78,0,0,0,0,0,0,0,0,1.98,2.1,1.9,2.02,0,0,0,0,0,0,0,0,0,0,0,0,0,0,0,0,0,0,8.0,980.0,8.8,980.0,17.5,980.0,6.6,980.0,7.2,9.6,6.0,7.4,12.0,980.0,6.4,980.0,12.0,980.0,10.0,980.0,5.6,980.0,6.6,1000,6.2,980.0,6.2,980.0,6.6,980,7.0,1000,2.92,980.0,1.99,980.0,2.42,1000,0,0,2,1,[52 84],[87]
